Handle,Title,Body (HTML),Vendor,Type,Tags,Published,Option1 Name,Option1 Value,Variant SKU,Variant Price,Variant Inventory Policy,Variant Fulfillment Service,Variant Requires Shipping,Variant Taxable,Image Src,Image Position,Status
lp-ar101,LED tennisbaanarmatuur lineair 45-75W instelbaar 11.250 lm 5000K,"<p>Lineaire LED tennisbaanarmatuur met P70-optiek die de hele baan gelijkmatig vult zonder verblinding. Monteert op het hekwerk: geen masten, geen hoogwerker, geen lichtontwerper nodig. Vermogen en kleurtemperatuur instelbaar via afstandsbediening.</p><ul><li>P70-optiek voor tennisbanen</li><li>Montage op hekwerk</li><li>Geen masten nodig</li><li>Vermogen en CCT instelbaar</li><li>5 jaar garantie</li></ul><h3>Specificaties</h3><table><tr><td>Vermogen</td><td>45-60-75W</td></tr><tr><td>Lichtstroom</td><td>11.250 lm</td></tr><tr><td>Lichtrendement</td><td>150 lm/W</td></tr><tr><td>Kleurtemperatuur</td><td>5000K</td></tr><tr><td>Kleurweergave (CRI)</td><td>&gt; 70</td></tr><tr><td>Lichtverdeling</td><td>P70</td></tr><tr><td>Driver</td><td>BOKE</td></tr><tr><td>LED-chip</td><td>Lumileds</td></tr><tr><td>Dimming en besturing</td><td>niet dimbaar</td></tr><tr><td>Aansluitkabel</td><td>1 m</td></tr><tr><td>IP-klasse</td><td>IP65</td></tr><tr><td>Garantie</td><td>5 jaar</td></tr></table><p>Minimale afname 4 stuks. Projectprijs vanaf 100 stuks op aanvraag. Levering binnen 5 werkdagen.</p>",Lichtplein,ARENA,"ARENA,B2B,Tennisbaanverlichting lineair",TRUE,Title,Default Title,LP-AR101,349.00,continue,manual,TRUE,TRUE,https://lichtplein.nl/img/p/lp-ar101-1-l.webp,1,active
lp-ar101,,,,,,,,,,,,,,,https://lichtplein.nl/img/p/lp-ar101-2-l.webp,2,
lp-ar101,,,,,,,,,,,,,,,https://lichtplein.nl/img/p/lp-ar101-3-l.webp,3,
lp-ar101,,,,,,,,,,,,,,,https://lichtplein.nl/img/p/lp-ar101-4-l.webp,4,
lp-ar102,Voedingskabel 1 m met connectoren,<p>Voedingskabel 1 m met connectoren. Toebehoren voor de led tennisbaanarmatuur lineair uit de serie ARENA.</p><ul><li>Past op de armaturen uit deze serie</li><li>Direct uit voorraad</li></ul><h3>Specificaties</h3><table><tr><td>Garantie</td><td>5 jaar</td></tr></table><p>Minimale afname 1 stuk. Projectprijs vanaf 100 stuks op aanvraag. Levering binnen 5 werkdagen.</p>,Lichtplein,ARENA,"ARENA,B2B,Toebehoren",TRUE,Title,Default Title,LP-AR102,24.05,continue,manual,TRUE,TRUE,https://lichtplein.nl/img/p/lp-ar102-1-l.webp,1,active
lp-ar103,Afstandsbediening vermogen en kleurtemperatuur,<p>Afstandsbediening vermogen en kleurtemperatuur. Toebehoren voor de led tennisbaanarmatuur lineair uit de serie ARENA.</p><ul><li>Past op de armaturen uit deze serie</li><li>Direct uit voorraad</li></ul><h3>Specificaties</h3><table><tr><td>Garantie</td><td>5 jaar</td></tr></table><p>Minimale afname 2 stuks. Projectprijs vanaf 100 stuks op aanvraag. Levering binnen 5 werkdagen.</p>,Lichtplein,ARENA,"ARENA,B2B,Toebehoren",TRUE,Title,Default Title,LP-AR103,13.25,continue,manual,TRUE,TRUE,https://lichtplein.nl/img/p/lp-ar103-1-l.webp,1,active
lp-ar104,LED padelbaanschijnwerper 150W 25.500 lm 5000K,"<p>LED padelbaanschijnwerper met 100x60 graden optiek en 170 lm/W, IP66 en IK10. Gelijkmatige verlichting van de hele kooi zonder strooilicht naar de omgeving. Uitvoering met instelbaar vermogen beschikbaar.</p><ul><li>100x60 graden padeloptiek</li><li>170 lm/W</li><li>IP66, IK10</li><li>Weinig strooilicht</li><li>5 jaar garantie</li></ul><h3>Specificaties</h3><table><tr><td>Vermogen</td><td>150W</td></tr><tr><td>Lichtstroom</td><td>25.500 lm</td></tr><tr><td>Lichtrendement</td><td>170 lm/W</td></tr><tr><td>Kleurtemperatuur</td><td>5000K</td></tr><tr><td>Kleurweergave (CRI)</td><td>&gt; 70</td></tr><tr><td>Lichtverdeling</td><td>100x60°</td></tr><tr><td>Driver</td><td>Sosen</td></tr><tr><td>LED-chip</td><td>Lumileds</td></tr><tr><td>Dimming en besturing</td><td>niet dimbaar</td></tr><tr><td>Aansluitkabel</td><td>1 m</td></tr><tr><td>IP-klasse</td><td>IP66</td></tr><tr><td>Slagvastheid</td><td>IK10</td></tr><tr><td>Garantie</td><td>5 jaar</td></tr></table><p>Minimale afname 6 stuks. Projectprijs vanaf 100 stuks op aanvraag. Levering binnen 5 werkdagen.</p>",Lichtplein,ARENA,"ARENA,B2B,Padelbaanverlichting",TRUE,Title,Default Title,LP-AR104,149.00,continue,manual,TRUE,TRUE,https://lichtplein.nl/img/p/lp-ar104-1-l.webp,1,active
lp-ar104,,,,,,,,,,,,,,,https://lichtplein.nl/img/p/lp-ar104-2-l.webp,2,
lp-ar104,,,,,,,,,,,,,,,https://lichtplein.nl/img/p/lp-ar104-3-l.webp,3,
lp-ar104,,,,,,,,,,,,,,,https://lichtplein.nl/img/p/lp-ar104-4-l.webp,4,
lp-ar105,LED padelbaanschijnwerper 60-150W instelbaar 25.500 lm 5000K,"<p>LED padelbaanschijnwerper met 100x60 graden optiek en 170 lm/W, IP66 en IK10. Gelijkmatige verlichting van de hele kooi zonder strooilicht naar de omgeving. Uitvoering met instelbaar vermogen beschikbaar.</p><ul><li>100x60 graden padeloptiek</li><li>170 lm/W</li><li>IP66, IK10</li><li>Weinig strooilicht</li><li>5 jaar garantie</li></ul><h3>Specificaties</h3><table><tr><td>Vermogen</td><td>60-90-120-150W</td></tr><tr><td>Lichtstroom</td><td>25.500 lm</td></tr><tr><td>Lichtrendement</td><td>170 lm/W</td></tr><tr><td>Kleurtemperatuur</td><td>5000K</td></tr><tr><td>Kleurweergave (CRI)</td><td>&gt; 70</td></tr><tr><td>Lichtverdeling</td><td>100x60°</td></tr><tr><td>Driver</td><td>Sosen</td></tr><tr><td>LED-chip</td><td>Lumileds</td></tr><tr><td>Dimming en besturing</td><td>niet dimbaar</td></tr><tr><td>Aansluitkabel</td><td>1 m</td></tr><tr><td>IP-klasse</td><td>IP66</td></tr><tr><td>Slagvastheid</td><td>IK10</td></tr><tr><td>Garantie</td><td>5 jaar</td></tr></table><p>Minimale afname 6 stuks. Projectprijs vanaf 100 stuks op aanvraag. Levering binnen 5 werkdagen.</p>",Lichtplein,ARENA,"ARENA,B2B,Padelbaanverlichting",TRUE,Title,Default Title,LP-AR105,155.00,continue,manual,TRUE,TRUE,https://lichtplein.nl/img/p/lp-ar105-1-l.webp,1,active
lp-ar105,,,,,,,,,,,,,,,https://lichtplein.nl/img/p/lp-ar105-2-l.webp,2,
lp-ar105,,,,,,,,,,,,,,,https://lichtplein.nl/img/p/lp-ar105-3-l.webp,3,
lp-ar105,,,,,,,,,,,,,,,https://lichtplein.nl/img/p/lp-ar105-4-l.webp,4,
lp-ar106,LED padelbaanschijnwerper 100-240W instelbaar 40.800 lm 5000K,"<p>LED padelbaanschijnwerper met 100x60 graden optiek en 170 lm/W, IP66 en IK10. Gelijkmatige verlichting van de hele kooi zonder strooilicht naar de omgeving. Uitvoering met instelbaar vermogen beschikbaar.</p><ul><li>100x60 graden padeloptiek</li><li>170 lm/W</li><li>IP66, IK10</li><li>Weinig strooilicht</li><li>5 jaar garantie</li></ul><h3>Specificaties</h3><table><tr><td>Vermogen</td><td>100-150-200-240W</td></tr><tr><td>Lichtstroom</td><td>40.800 lm</td></tr><tr><td>Lichtrendement</td><td>170 lm/W</td></tr><tr><td>Kleurtemperatuur</td><td>5000K</td></tr><tr><td>Kleurweergave (CRI)</td><td>&gt; 70</td></tr><tr><td>Lichtverdeling</td><td>100x60°</td></tr><tr><td>Driver</td><td>Sosen</td></tr><tr><td>LED-chip</td><td>Lumileds</td></tr><tr><td>Dimming en besturing</td><td>niet dimbaar</td></tr><tr><td>Aansluitkabel</td><td>1 m</td></tr><tr><td>IP-klasse</td><td>IP66</td></tr><tr><td>Slagvastheid</td><td>IK10</td></tr><tr><td>Garantie</td><td>5 jaar</td></tr></table><p>Minimale afname 4 stuks. Projectprijs vanaf 100 stuks op aanvraag. Levering binnen 5 werkdagen.</p>",Lichtplein,ARENA,"ARENA,B2B,Padelbaanverlichting",TRUE,Title,Default Title,LP-AR106,219.00,continue,manual,TRUE,TRUE,https://lichtplein.nl/img/p/lp-ar106-1-l.webp,1,active
lp-ar106,,,,,,,,,,,,,,,https://lichtplein.nl/img/p/lp-ar106-2-l.webp,2,
lp-ar106,,,,,,,,,,,,,,,https://lichtplein.nl/img/p/lp-ar106-3-l.webp,3,
lp-ar106,,,,,,,,,,,,,,,https://lichtplein.nl/img/p/lp-ar106-4-l.webp,4,
lp-ar107,LED tennisbaanschijnwerper 60-150W instelbaar 25.500 lm 4000K,"<p>LED tennisbaanschijnwerper met 120x45 graden optiek, grijze behuizing en vermogen instelbaar via dipswitch (100-80-60-40 procent). 170 lm/W, IP66 en IK10. Voor buitenbanen op bestaande masten.</p><ul><li>120x45 graden optiek</li><li>Vermogen instelbaar</li><li>170 lm/W</li><li>IP66, IK10</li><li>5 jaar garantie</li></ul><h3>Specificaties</h3><table><tr><td>Vermogen</td><td>60-90-120-150W</td></tr><tr><td>Lichtstroom</td><td>25.500 lm</td></tr><tr><td>Lichtrendement</td><td>170 lm/W</td></tr><tr><td>Kleurtemperatuur</td><td>4000K</td></tr><tr><td>Kleurweergave (CRI)</td><td>&gt; 70</td></tr><tr><td>Lichtverdeling</td><td>120x45°</td></tr><tr><td>Driver</td><td>Sosen</td></tr><tr><td>LED-chip</td><td>Lumileds</td></tr><tr><td>Dimming en besturing</td><td>niet dimbaar</td></tr><tr><td>Aansluitkabel</td><td>1 m</td></tr><tr><td>IP-klasse</td><td>IP66</td></tr><tr><td>Slagvastheid</td><td>IK10</td></tr><tr><td>Garantie</td><td>5 jaar</td></tr></table><p>Minimale afname 6 stuks. Projectprijs vanaf 100 stuks op aanvraag. Levering binnen 5 werkdagen.</p>",Lichtplein,ARENA,"ARENA,B2B,Tennisbaanverlichting",TRUE,Title,Default Title,LP-AR107,159.00,continue,manual,TRUE,TRUE,https://lichtplein.nl/img/p/lp-ar107-1-l.webp,1,active
lp-ar107,,,,,,,,,,,,,,,https://lichtplein.nl/img/p/lp-ar107-2-l.webp,2,
lp-ar107,,,,,,,,,,,,,,,https://lichtplein.nl/img/p/lp-ar107-3-l.webp,3,
lp-ar107,,,,,,,,,,,,,,,https://lichtplein.nl/img/p/lp-ar107-4-l.webp,4,
lp-ar108,LED tennisbaanschijnwerper 100-240W instelbaar 40.800 lm 4000K,"<p>LED tennisbaanschijnwerper met 120x45 graden optiek, grijze behuizing en vermogen instelbaar via dipswitch (100-80-60-40 procent). 170 lm/W, IP66 en IK10. Voor buitenbanen op bestaande masten.</p><ul><li>120x45 graden optiek</li><li>Vermogen instelbaar</li><li>170 lm/W</li><li>IP66, IK10</li><li>5 jaar garantie</li></ul><h3>Specificaties</h3><table><tr><td>Vermogen</td><td>100-150-200-240W</td></tr><tr><td>Lichtstroom</td><td>40.800 lm</td></tr><tr><td>Lichtrendement</td><td>170 lm/W</td></tr><tr><td>Kleurtemperatuur</td><td>4000K</td></tr><tr><td>Kleurweergave (CRI)</td><td>&gt; 70</td></tr><tr><td>Lichtverdeling</td><td>120x45°</td></tr><tr><td>Driver</td><td>Sosen</td></tr><tr><td>LED-chip</td><td>Lumileds</td></tr><tr><td>Dimming en besturing</td><td>niet dimbaar</td></tr><tr><td>Aansluitkabel</td><td>1 m</td></tr><tr><td>IP-klasse</td><td>IP66</td></tr><tr><td>Slagvastheid</td><td>IK10</td></tr><tr><td>Garantie</td><td>5 jaar</td></tr></table><p>Minimale afname 4 stuks. Projectprijs vanaf 100 stuks op aanvraag. Levering binnen 5 werkdagen.</p>",Lichtplein,ARENA,"ARENA,B2B,Tennisbaanverlichting",TRUE,Title,Default Title,LP-AR108,235.00,continue,manual,TRUE,TRUE,https://lichtplein.nl/img/p/lp-ar108-1-l.webp,1,active
lp-ar108,,,,,,,,,,,,,,,https://lichtplein.nl/img/p/lp-ar108-2-l.webp,2,
lp-ar108,,,,,,,,,,,,,,,https://lichtplein.nl/img/p/lp-ar108-3-l.webp,3,
lp-ar108,,,,,,,,,,,,,,,https://lichtplein.nl/img/p/lp-ar108-4-l.webp,4,
lp-ar109,LED tennisbaanschijnwerper 160-400W instelbaar 68.000 lm 4000K,"<p>LED tennisbaanschijnwerper met 120x45 graden optiek, grijze behuizing en vermogen instelbaar via dipswitch (100-80-60-40 procent). 170 lm/W, IP66 en IK10. Voor buitenbanen op bestaande masten.</p><ul><li>120x45 graden optiek</li><li>Vermogen instelbaar</li><li>170 lm/W</li><li>IP66, IK10</li><li>5 jaar garantie</li></ul><h3>Specificaties</h3><table><tr><td>Vermogen</td><td>160-240-320-400W</td></tr><tr><td>Lichtstroom</td><td>68.000 lm</td></tr><tr><td>Lichtrendement</td><td>170 lm/W</td></tr><tr><td>Kleurtemperatuur</td><td>4000K</td></tr><tr><td>Kleurweergave (CRI)</td><td>&gt; 70</td></tr><tr><td>Lichtverdeling</td><td>120x45°</td></tr><tr><td>Driver</td><td>Sosen</td></tr><tr><td>LED-chip</td><td>Lumileds</td></tr><tr><td>Dimming en besturing</td><td>niet dimbaar</td></tr><tr><td>Aansluitkabel</td><td>1 m</td></tr><tr><td>IP-klasse</td><td>IP66</td></tr><tr><td>Slagvastheid</td><td>IK10</td></tr><tr><td>Garantie</td><td>5 jaar</td></tr></table><p>Minimale afname 2 stuks. Projectprijs vanaf 100 stuks op aanvraag. Levering binnen 5 werkdagen.</p>",Lichtplein,ARENA,"ARENA,B2B,Tennisbaanverlichting",TRUE,Title,Default Title,LP-AR109,445.00,continue,manual,TRUE,TRUE,https://lichtplein.nl/img/p/lp-ar109-1-l.webp,1,active
lp-ar109,,,,,,,,,,,,,,,https://lichtplein.nl/img/p/lp-ar109-2-l.webp,2,
lp-ar109,,,,,,,,,,,,,,,https://lichtplein.nl/img/p/lp-ar109-3-l.webp,3,
lp-ar109,,,,,,,,,,,,,,,https://lichtplein.nl/img/p/lp-ar109-4-l.webp,4,
lp-at101,"LED high bay vlak 120W 19.200 lm 4000K, 0-10V dimbaar, Meanwell-driver","<p>Vlakke LED high bay met zeer lage verblinding (UGR&lt;21) en een zachte lichtverdeling van 110 graden. Met 160 lm/W, IK10-slagvastheid en een aluminium behuizing is dit de armatuur voor magazijnen, productiehallen en sporthallen waar comfort telt. Dimbaar via 0-10V of DALI; wordt de dimkabel niet aangesloten, dan werkt het armatuur gewoon aan/uit.</p><ul><li>UGR&lt;21, geen verblinding</li><li>160 lm/W</li><li>IK10 slagvast</li><li>0-10V of DALI dimbaar</li><li>5 jaar garantie</li></ul><h3>Specificaties</h3><table><tr><td>Vermogen</td><td>120W</td></tr><tr><td>Lichtstroom</td><td>19.200 lm</td></tr><tr><td>Lichtrendement</td><td>160 lm/W</td></tr><tr><td>Kleurtemperatuur</td><td>4000K</td></tr><tr><td>Kleurweergave (CRI)</td><td>&gt; 80</td></tr><tr><td>Lichtverdeling</td><td>110°</td></tr><tr><td>Verblinding (UGR)</td><td>UGR&lt; 21</td></tr><tr><td>Driver</td><td>Meanwell</td></tr><tr><td>LED-chip</td><td>CREE</td></tr><tr><td>Dimming en besturing</td><td>0-10V</td></tr><tr><td>Aansluitkabel</td><td>1 m</td></tr><tr><td>IP-klasse</td><td>IP65</td></tr><tr><td>Slagvastheid</td><td>IK10</td></tr><tr><td>Garantie</td><td>5 jaar</td></tr></table><p>Minimale afname 3 stuks. Projectprijs vanaf 100 stuks op aanvraag. Levering binnen 5 werkdagen.</p>",Lichtplein,ATRIA,"ATRIA,B2B,High bay vlak, UGR<21",TRUE,Title,Default Title,LP-AT101,325.00,continue,manual,TRUE,TRUE,https://lichtplein.nl/img/p/lp-at101-1-l.webp,1,active
lp-at101,,,,,,,,,,,,,,,https://lichtplein.nl/img/p/lp-at101-2-l.webp,2,
lp-at101,,,,,,,,,,,,,,,https://lichtplein.nl/img/p/lp-at101-3-l.webp,3,
lp-at101,,,,,,,,,,,,,,,https://lichtplein.nl/img/p/lp-at101-4-l.webp,4,
lp-at102,"LED high bay vlak 200W 32.000 lm 4000K, 0-10V dimbaar, Meanwell-driver","<p>Vlakke LED high bay met zeer lage verblinding (UGR&lt;21) en een zachte lichtverdeling van 110 graden. Met 160 lm/W, IK10-slagvastheid en een aluminium behuizing is dit de armatuur voor magazijnen, productiehallen en sporthallen waar comfort telt. Dimbaar via 0-10V of DALI; wordt de dimkabel niet aangesloten, dan werkt het armatuur gewoon aan/uit.</p><ul><li>UGR&lt;21, geen verblinding</li><li>160 lm/W</li><li>IK10 slagvast</li><li>0-10V of DALI dimbaar</li><li>5 jaar garantie</li></ul><h3>Specificaties</h3><table><tr><td>Vermogen</td><td>200W</td></tr><tr><td>Lichtstroom</td><td>32.000 lm</td></tr><tr><td>Lichtrendement</td><td>160 lm/W</td></tr><tr><td>Kleurtemperatuur</td><td>4000K</td></tr><tr><td>Kleurweergave (CRI)</td><td>&gt; 80</td></tr><tr><td>Lichtverdeling</td><td>110°</td></tr><tr><td>Verblinding (UGR)</td><td>UGR&lt; 21</td></tr><tr><td>Driver</td><td>Meanwell</td></tr><tr><td>LED-chip</td><td>CREE</td></tr><tr><td>Dimming en besturing</td><td>0-10V</td></tr><tr><td>Aansluitkabel</td><td>1 m</td></tr><tr><td>IP-klasse</td><td>IP65</td></tr><tr><td>Slagvastheid</td><td>IK10</td></tr><tr><td>Garantie</td><td>5 jaar</td></tr></table><p>Minimale afname 2 stuks. Projectprijs vanaf 100 stuks op aanvraag. Levering binnen 5 werkdagen.</p>",Lichtplein,ATRIA,"ATRIA,B2B,High bay vlak, UGR<21",TRUE,Title,Default Title,LP-AT102,415.00,continue,manual,TRUE,TRUE,https://lichtplein.nl/img/p/lp-at102-1-l.webp,1,active
lp-at102,,,,,,,,,,,,,,,https://lichtplein.nl/img/p/lp-at102-2-l.webp,2,
lp-at102,,,,,,,,,,,,,,,https://lichtplein.nl/img/p/lp-at102-3-l.webp,3,
lp-at102,,,,,,,,,,,,,,,https://lichtplein.nl/img/p/lp-at102-4-l.webp,4,
lp-at103,"LED high bay vlak 120W 19.200 lm 4000K, DALI","<p>Vlakke LED high bay met zeer lage verblinding (UGR&lt;21) en een zachte lichtverdeling van 110 graden. Met 160 lm/W, IK10-slagvastheid en een aluminium behuizing is dit de armatuur voor magazijnen, productiehallen en sporthallen waar comfort telt. Dimbaar via 0-10V of DALI; wordt de dimkabel niet aangesloten, dan werkt het armatuur gewoon aan/uit.</p><ul><li>UGR&lt;21, geen verblinding</li><li>160 lm/W</li><li>IK10 slagvast</li><li>0-10V of DALI dimbaar</li><li>5 jaar garantie</li></ul><h3>Specificaties</h3><table><tr><td>Vermogen</td><td>120W</td></tr><tr><td>Lichtstroom</td><td>19.200 lm</td></tr><tr><td>Lichtrendement</td><td>160 lm/W</td></tr><tr><td>Kleurtemperatuur</td><td>4000K</td></tr><tr><td>Kleurweergave (CRI)</td><td>&gt; 80</td></tr><tr><td>Lichtverdeling</td><td>110°</td></tr><tr><td>Verblinding (UGR)</td><td>UGR&lt; 21</td></tr><tr><td>Driver</td><td>Sosen</td></tr><tr><td>LED-chip</td><td>Lumileds</td></tr><tr><td>Dimming en besturing</td><td>DALI</td></tr><tr><td>Aansluitkabel</td><td>1 m</td></tr><tr><td>IP-klasse</td><td>IP65</td></tr><tr><td>Slagvastheid</td><td>IK10</td></tr><tr><td>Garantie</td><td>5 jaar</td></tr></table><p>Minimale afname 3 stuks. Projectprijs vanaf 100 stuks op aanvraag. Levering binnen 5 werkdagen.</p>",Lichtplein,ATRIA,"ATRIA,B2B,High bay vlak, UGR<21",TRUE,Title,Default Title,LP-AT103,299.00,continue,manual,TRUE,TRUE,https://lichtplein.nl/img/p/lp-at103-1-l.webp,1,active
lp-at103,,,,,,,,,,,,,,,https://lichtplein.nl/img/p/lp-at103-2-l.webp,2,
lp-at103,,,,,,,,,,,,,,,https://lichtplein.nl/img/p/lp-at103-3-l.webp,3,
lp-at103,,,,,,,,,,,,,,,https://lichtplein.nl/img/p/lp-at103-4-l.webp,4,
lp-at104,"LED high bay vlak 200W 32.000 lm 4000K, DALI","<p>Vlakke LED high bay met zeer lage verblinding (UGR&lt;21) en een zachte lichtverdeling van 110 graden. Met 160 lm/W, IK10-slagvastheid en een aluminium behuizing is dit de armatuur voor magazijnen, productiehallen en sporthallen waar comfort telt. Dimbaar via 0-10V of DALI; wordt de dimkabel niet aangesloten, dan werkt het armatuur gewoon aan/uit.</p><ul><li>UGR&lt;21, geen verblinding</li><li>160 lm/W</li><li>IK10 slagvast</li><li>0-10V of DALI dimbaar</li><li>5 jaar garantie</li></ul><h3>Specificaties</h3><table><tr><td>Vermogen</td><td>200W</td></tr><tr><td>Lichtstroom</td><td>32.000 lm</td></tr><tr><td>Lichtrendement</td><td>160 lm/W</td></tr><tr><td>Kleurtemperatuur</td><td>4000K</td></tr><tr><td>Kleurweergave (CRI)</td><td>&gt; 80</td></tr><tr><td>Lichtverdeling</td><td>110°</td></tr><tr><td>Verblinding (UGR)</td><td>UGR&lt; 21</td></tr><tr><td>Driver</td><td>Sosen</td></tr><tr><td>LED-chip</td><td>Lumileds</td></tr><tr><td>Dimming en besturing</td><td>DALI</td></tr><tr><td>Aansluitkabel</td><td>1 m</td></tr><tr><td>IP-klasse</td><td>IP65</td></tr><tr><td>Slagvastheid</td><td>IK10</td></tr><tr><td>Garantie</td><td>5 jaar</td></tr></table><p>Minimale afname 2 stuks. Projectprijs vanaf 100 stuks op aanvraag. Levering binnen 5 werkdagen.</p>",Lichtplein,ATRIA,"ATRIA,B2B,High bay vlak, UGR<21",TRUE,Title,Default Title,LP-AT104,375.00,continue,manual,TRUE,TRUE,https://lichtplein.nl/img/p/lp-at104-1-l.webp,1,active
lp-at104,,,,,,,,,,,,,,,https://lichtplein.nl/img/p/lp-at104-2-l.webp,2,
lp-at104,,,,,,,,,,,,,,,https://lichtplein.nl/img/p/lp-at104-3-l.webp,3,
lp-at104,,,,,,,,,,,,,,,https://lichtplein.nl/img/p/lp-at104-4-l.webp,4,
lp-at105,"LED high bay vlak 120W 19.200 lm 4000K, 0-10V dimbaar, Sosen-driver","<p>Vlakke LED high bay met zeer lage verblinding (UGR&lt;21) en een zachte lichtverdeling van 110 graden. Met 160 lm/W, IK10-slagvastheid en een aluminium behuizing is dit de armatuur voor magazijnen, productiehallen en sporthallen waar comfort telt. Dimbaar via 0-10V of DALI; wordt de dimkabel niet aangesloten, dan werkt het armatuur gewoon aan/uit.</p><ul><li>UGR&lt;21, geen verblinding</li><li>160 lm/W</li><li>IK10 slagvast</li><li>0-10V of DALI dimbaar</li><li>5 jaar garantie</li></ul><h3>Specificaties</h3><table><tr><td>Vermogen</td><td>120W</td></tr><tr><td>Lichtstroom</td><td>19.200 lm</td></tr><tr><td>Lichtrendement</td><td>160 lm/W</td></tr><tr><td>Kleurtemperatuur</td><td>4000K</td></tr><tr><td>Kleurweergave (CRI)</td><td>&gt; 80</td></tr><tr><td>Lichtverdeling</td><td>110°</td></tr><tr><td>Verblinding (UGR)</td><td>UGR&lt; 21</td></tr><tr><td>Driver</td><td>Sosen</td></tr><tr><td>LED-chip</td><td>Lumileds</td></tr><tr><td>Dimming en besturing</td><td>0-10V</td></tr><tr><td>Aansluitkabel</td><td>1 m</td></tr><tr><td>IP-klasse</td><td>IP65</td></tr><tr><td>Slagvastheid</td><td>IK10</td></tr><tr><td>Garantie</td><td>5 jaar</td></tr></table><p>Minimale afname 3 stuks. Projectprijs vanaf 100 stuks op aanvraag. Levering binnen 5 werkdagen.</p>",Lichtplein,ATRIA,"ATRIA,B2B,High bay vlak, UGR<21",TRUE,Title,Default Title,LP-AT105,265.00,continue,manual,TRUE,TRUE,https://lichtplein.nl/img/p/lp-at105-1-l.webp,1,active
lp-at105,,,,,,,,,,,,,,,https://lichtplein.nl/img/p/lp-at105-2-l.webp,2,
lp-at105,,,,,,,,,,,,,,,https://lichtplein.nl/img/p/lp-at105-3-l.webp,3,
lp-at105,,,,,,,,,,,,,,,https://lichtplein.nl/img/p/lp-at105-4-l.webp,4,
lp-at106,"LED high bay vlak 200W 32.000 lm 4000K, 0-10V dimbaar, Sosen-driver","<p>Vlakke LED high bay met zeer lage verblinding (UGR&lt;21) en een zachte lichtverdeling van 110 graden. Met 160 lm/W, IK10-slagvastheid en een aluminium behuizing is dit de armatuur voor magazijnen, productiehallen en sporthallen waar comfort telt. Dimbaar via 0-10V of DALI; wordt de dimkabel niet aangesloten, dan werkt het armatuur gewoon aan/uit.</p><ul><li>UGR&lt;21, geen verblinding</li><li>160 lm/W</li><li>IK10 slagvast</li><li>0-10V of DALI dimbaar</li><li>5 jaar garantie</li></ul><h3>Specificaties</h3><table><tr><td>Vermogen</td><td>200W</td></tr><tr><td>Lichtstroom</td><td>32.000 lm</td></tr><tr><td>Lichtrendement</td><td>160 lm/W</td></tr><tr><td>Kleurtemperatuur</td><td>4000K</td></tr><tr><td>Kleurweergave (CRI)</td><td>&gt; 80</td></tr><tr><td>Lichtverdeling</td><td>110°</td></tr><tr><td>Verblinding (UGR)</td><td>UGR&lt; 21</td></tr><tr><td>Driver</td><td>Sosen</td></tr><tr><td>LED-chip</td><td>Lumileds</td></tr><tr><td>Dimming en besturing</td><td>0-10V</td></tr><tr><td>Aansluitkabel</td><td>1 m</td></tr><tr><td>IP-klasse</td><td>IP65</td></tr><tr><td>Slagvastheid</td><td>IK10</td></tr><tr><td>Garantie</td><td>5 jaar</td></tr></table><p>Minimale afname 2 stuks. Projectprijs vanaf 100 stuks op aanvraag. Levering binnen 5 werkdagen.</p>",Lichtplein,ATRIA,"ATRIA,B2B,High bay vlak, UGR<21",TRUE,Title,Default Title,LP-AT106,335.00,continue,manual,TRUE,TRUE,https://lichtplein.nl/img/p/lp-at106-1-l.webp,1,active
lp-at106,,,,,,,,,,,,,,,https://lichtplein.nl/img/p/lp-at106-2-l.webp,2,
lp-at106,,,,,,,,,,,,,,,https://lichtplein.nl/img/p/lp-at106-3-l.webp,3,
lp-at106,,,,,,,,,,,,,,,https://lichtplein.nl/img/p/lp-at106-4-l.webp,4,
lp-at107,Montagebeugel voor vlakke high bay,<p>Montagebeugel voor vlakke high bay. Toebehoren voor de led high bay vlak uit de serie ATRIA.</p><ul><li>Past op de armaturen uit deze serie</li><li>Direct uit voorraad</li></ul><h3>Specificaties</h3><table><tr><td>Garantie</td><td>5 jaar</td></tr></table><p>Minimale afname 6 stuks. Projectprijs vanaf 100 stuks op aanvraag. Levering binnen 5 werkdagen.</p>,Lichtplein,ATRIA,"ATRIA,B2B,Toebehoren",TRUE,Title,Default Title,LP-AT107,32.05,continue,manual,TRUE,TRUE,https://lichtplein.nl/img/p/lp-at107-1-l.webp,1,active
lp-at108,LED high bay lineair 100W 16.000 lm 4000K,"<p>Lineaire LED high bay met 160 lm/W en een driehoekige behuizing die de warmte snel afvoert. Doorlusbaar met 3x2,5 mm2, dus meerdere armaturen op één voeding. Beugel- of pendelmontage (toebehoren apart). Ideaal boven stellingpaden in magazijnen en distributiecentra.</p><ul><li>160 lm/W</li><li>Doorlusbaar 3x2,5 mm2</li><li>Stralingshoek 30x90 graden voor gangpaden</li><li>Beugel of pendel</li><li>5 jaar garantie</li></ul><h3>Specificaties</h3><table><tr><td>Vermogen</td><td>100W</td></tr><tr><td>Lichtstroom</td><td>16.000 lm</td></tr><tr><td>Lichtrendement</td><td>160 lm/W</td></tr><tr><td>Kleurtemperatuur</td><td>4000K</td></tr><tr><td>Kleurweergave (CRI)</td><td>&gt; 80</td></tr><tr><td>Lichtverdeling</td><td>30x90°</td></tr><tr><td>Driver</td><td>Sosen</td></tr><tr><td>LED-chip</td><td>Lumileds</td></tr><tr><td>Dimming en besturing</td><td>niet dimbaar</td></tr><tr><td>Doorlusbekabeling</td><td>3x2.5 mm²</td></tr><tr><td>Koppeling</td><td>Doorlusbaar</td></tr><tr><td>IP-klasse</td><td>IP65</td></tr><tr><td>Garantie</td><td>5 jaar</td></tr></table><p>Minimale afname 4 stuks. Projectprijs vanaf 100 stuks op aanvraag. Levering binnen 5 werkdagen.</p>",Lichtplein,ATRIA,"ATRIA,B2B,High bay lineair",TRUE,Title,Default Title,LP-AT108,135.00,continue,manual,TRUE,TRUE,https://lichtplein.nl/img/p/lp-at108-1-l.webp,1,active
lp-at108,,,,,,,,,,,,,,,https://lichtplein.nl/img/p/lp-at108-2-l.webp,2,
lp-at108,,,,,,,,,,,,,,,https://lichtplein.nl/img/p/lp-at108-3-l.webp,3,
lp-at108,,,,,,,,,,,,,,,https://lichtplein.nl/img/p/lp-at108-4-l.webp,4,
lp-at109,LED high bay lineair 150W 24.000 lm 4000K,"<p>Lineaire LED high bay met 160 lm/W en een driehoekige behuizing die de warmte snel afvoert. Doorlusbaar met 3x2,5 mm2, dus meerdere armaturen op één voeding. Beugel- of pendelmontage (toebehoren apart). Ideaal boven stellingpaden in magazijnen en distributiecentra.</p><ul><li>160 lm/W</li><li>Doorlusbaar 3x2,5 mm2</li><li>Stralingshoek 30x90 graden voor gangpaden</li><li>Beugel of pendel</li><li>5 jaar garantie</li></ul><h3>Specificaties</h3><table><tr><td>Vermogen</td><td>150W</td></tr><tr><td>Lichtstroom</td><td>24.000 lm</td></tr><tr><td>Lichtrendement</td><td>160 lm/W</td></tr><tr><td>Kleurtemperatuur</td><td>4000K</td></tr><tr><td>Kleurweergave (CRI)</td><td>&gt; 80</td></tr><tr><td>Lichtverdeling</td><td>30x90°</td></tr><tr><td>Driver</td><td>Sosen</td></tr><tr><td>LED-chip</td><td>Lumileds</td></tr><tr><td>Dimming en besturing</td><td>niet dimbaar</td></tr><tr><td>Doorlusbekabeling</td><td>3x2.5 mm²</td></tr><tr><td>Koppeling</td><td>Doorlusbaar</td></tr><tr><td>IP-klasse</td><td>IP65</td></tr><tr><td>Garantie</td><td>5 jaar</td></tr></table><p>Minimale afname 4 stuks. Projectprijs vanaf 100 stuks op aanvraag. Levering binnen 5 werkdagen.</p>",Lichtplein,ATRIA,"ATRIA,B2B,High bay lineair",TRUE,Title,Default Title,LP-AT109,175.00,continue,manual,TRUE,TRUE,https://lichtplein.nl/img/p/lp-at109-1-l.webp,1,active
lp-at109,,,,,,,,,,,,,,,https://lichtplein.nl/img/p/lp-at109-2-l.webp,2,
lp-at109,,,,,,,,,,,,,,,https://lichtplein.nl/img/p/lp-at109-3-l.webp,3,
lp-at109,,,,,,,,,,,,,,,https://lichtplein.nl/img/p/lp-at109-4-l.webp,4,
lp-at110,LED high bay lineair 200W 32.000 lm 4000K,"<p>Lineaire LED high bay met 160 lm/W en een driehoekige behuizing die de warmte snel afvoert. Doorlusbaar met 3x2,5 mm2, dus meerdere armaturen op één voeding. Beugel- of pendelmontage (toebehoren apart). Ideaal boven stellingpaden in magazijnen en distributiecentra.</p><ul><li>160 lm/W</li><li>Doorlusbaar 3x2,5 mm2</li><li>Stralingshoek 30x90 graden voor gangpaden</li><li>Beugel of pendel</li><li>5 jaar garantie</li></ul><h3>Specificaties</h3><table><tr><td>Vermogen</td><td>200W</td></tr><tr><td>Lichtstroom</td><td>32.000 lm</td></tr><tr><td>Lichtrendement</td><td>160 lm/W</td></tr><tr><td>Kleurtemperatuur</td><td>4000K</td></tr><tr><td>Kleurweergave (CRI)</td><td>&gt; 80</td></tr><tr><td>Lichtverdeling</td><td>30x90°</td></tr><tr><td>Driver</td><td>Sosen</td></tr><tr><td>LED-chip</td><td>Lumileds</td></tr><tr><td>Dimming en besturing</td><td>niet dimbaar</td></tr><tr><td>Doorlusbekabeling</td><td>3x2.5 mm²</td></tr><tr><td>Koppeling</td><td>Doorlusbaar</td></tr><tr><td>IP-klasse</td><td>IP65</td></tr><tr><td>Garantie</td><td>5 jaar</td></tr></table><p>Minimale afname 4 stuks. Projectprijs vanaf 100 stuks op aanvraag. Levering binnen 5 werkdagen.</p>",Lichtplein,ATRIA,"ATRIA,B2B,High bay lineair",TRUE,Title,Default Title,LP-AT110,219.00,continue,manual,TRUE,TRUE,https://lichtplein.nl/img/p/lp-at110-1-l.webp,1,active
lp-at110,,,,,,,,,,,,,,,https://lichtplein.nl/img/p/lp-at110-2-l.webp,2,
lp-at110,,,,,,,,,,,,,,,https://lichtplein.nl/img/p/lp-at110-3-l.webp,3,
lp-at110,,,,,,,,,,,,,,,https://lichtplein.nl/img/p/lp-at110-4-l.webp,4,
lp-at111,LED high bay lineair 100W 16.000 lm 5000K,"<p>Lineaire LED high bay met 160 lm/W en een driehoekige behuizing die de warmte snel afvoert. Doorlusbaar met 3x2,5 mm2, dus meerdere armaturen op één voeding. Beugel- of pendelmontage (toebehoren apart). Ideaal boven stellingpaden in magazijnen en distributiecentra.</p><ul><li>160 lm/W</li><li>Doorlusbaar 3x2,5 mm2</li><li>Stralingshoek 30x90 graden voor gangpaden</li><li>Beugel of pendel</li><li>5 jaar garantie</li></ul><h3>Specificaties</h3><table><tr><td>Vermogen</td><td>100W</td></tr><tr><td>Lichtstroom</td><td>16.000 lm</td></tr><tr><td>Lichtrendement</td><td>160 lm/W</td></tr><tr><td>Kleurtemperatuur</td><td>5000K</td></tr><tr><td>Kleurweergave (CRI)</td><td>&gt; 80</td></tr><tr><td>Lichtverdeling</td><td>30x90°</td></tr><tr><td>Driver</td><td>Sosen</td></tr><tr><td>LED-chip</td><td>Lumileds</td></tr><tr><td>Dimming en besturing</td><td>niet dimbaar</td></tr><tr><td>Doorlusbekabeling</td><td>3x2.5 mm²</td></tr><tr><td>Koppeling</td><td>Doorlusbaar</td></tr><tr><td>IP-klasse</td><td>IP65</td></tr><tr><td>Garantie</td><td>5 jaar</td></tr></table><p>Minimale afname 4 stuks. Projectprijs vanaf 100 stuks op aanvraag. Levering binnen 5 werkdagen.</p>",Lichtplein,ATRIA,"ATRIA,B2B,High bay lineair",TRUE,Title,Default Title,LP-AT111,135.00,continue,manual,TRUE,TRUE,https://lichtplein.nl/img/p/lp-at111-1-l.webp,1,active
lp-at111,,,,,,,,,,,,,,,https://lichtplein.nl/img/p/lp-at111-2-l.webp,2,
lp-at111,,,,,,,,,,,,,,,https://lichtplein.nl/img/p/lp-at111-3-l.webp,3,
lp-at111,,,,,,,,,,,,,,,https://lichtplein.nl/img/p/lp-at111-4-l.webp,4,
lp-at112,LED high bay lineair 150W 24.000 lm 5000K,"<p>Lineaire LED high bay met 160 lm/W en een driehoekige behuizing die de warmte snel afvoert. Doorlusbaar met 3x2,5 mm2, dus meerdere armaturen op één voeding. Beugel- of pendelmontage (toebehoren apart). Ideaal boven stellingpaden in magazijnen en distributiecentra.</p><ul><li>160 lm/W</li><li>Doorlusbaar 3x2,5 mm2</li><li>Stralingshoek 30x90 graden voor gangpaden</li><li>Beugel of pendel</li><li>5 jaar garantie</li></ul><h3>Specificaties</h3><table><tr><td>Vermogen</td><td>150W</td></tr><tr><td>Lichtstroom</td><td>24.000 lm</td></tr><tr><td>Lichtrendement</td><td>160 lm/W</td></tr><tr><td>Kleurtemperatuur</td><td>5000K</td></tr><tr><td>Kleurweergave (CRI)</td><td>&gt; 80</td></tr><tr><td>Lichtverdeling</td><td>30x90°</td></tr><tr><td>Driver</td><td>Sosen</td></tr><tr><td>LED-chip</td><td>Lumileds</td></tr><tr><td>Dimming en besturing</td><td>niet dimbaar</td></tr><tr><td>Doorlusbekabeling</td><td>3x2.5 mm²</td></tr><tr><td>Koppeling</td><td>Doorlusbaar</td></tr><tr><td>IP-klasse</td><td>IP65</td></tr><tr><td>Garantie</td><td>5 jaar</td></tr></table><p>Minimale afname 4 stuks. Projectprijs vanaf 100 stuks op aanvraag. Levering binnen 5 werkdagen.</p>",Lichtplein,ATRIA,"ATRIA,B2B,High bay lineair",TRUE,Title,Default Title,LP-AT112,175.00,continue,manual,TRUE,TRUE,https://lichtplein.nl/img/p/lp-at112-1-l.webp,1,active
lp-at112,,,,,,,,,,,,,,,https://lichtplein.nl/img/p/lp-at112-2-l.webp,2,
lp-at112,,,,,,,,,,,,,,,https://lichtplein.nl/img/p/lp-at112-3-l.webp,3,
lp-at112,,,,,,,,,,,,,,,https://lichtplein.nl/img/p/lp-at112-4-l.webp,4,
lp-at113,LED high bay lineair 200W 32.000 lm 5000K,"<p>Lineaire LED high bay met 160 lm/W en een driehoekige behuizing die de warmte snel afvoert. Doorlusbaar met 3x2,5 mm2, dus meerdere armaturen op één voeding. Beugel- of pendelmontage (toebehoren apart). Ideaal boven stellingpaden in magazijnen en distributiecentra.</p><ul><li>160 lm/W</li><li>Doorlusbaar 3x2,5 mm2</li><li>Stralingshoek 30x90 graden voor gangpaden</li><li>Beugel of pendel</li><li>5 jaar garantie</li></ul><h3>Specificaties</h3><table><tr><td>Vermogen</td><td>200W</td></tr><tr><td>Lichtstroom</td><td>32.000 lm</td></tr><tr><td>Lichtrendement</td><td>160 lm/W</td></tr><tr><td>Kleurtemperatuur</td><td>5000K</td></tr><tr><td>Kleurweergave (CRI)</td><td>&gt; 80</td></tr><tr><td>Lichtverdeling</td><td>30x90°</td></tr><tr><td>Driver</td><td>Sosen</td></tr><tr><td>LED-chip</td><td>Lumileds</td></tr><tr><td>Dimming en besturing</td><td>niet dimbaar</td></tr><tr><td>Doorlusbekabeling</td><td>3x2.5 mm²</td></tr><tr><td>Koppeling</td><td>Doorlusbaar</td></tr><tr><td>IP-klasse</td><td>IP65</td></tr><tr><td>Garantie</td><td>5 jaar</td></tr></table><p>Minimale afname 4 stuks. Projectprijs vanaf 100 stuks op aanvraag. Levering binnen 5 werkdagen.</p>",Lichtplein,ATRIA,"ATRIA,B2B,High bay lineair",TRUE,Title,Default Title,LP-AT113,219.00,continue,manual,TRUE,TRUE,https://lichtplein.nl/img/p/lp-at113-1-l.webp,1,active
lp-at113,,,,,,,,,,,,,,,https://lichtplein.nl/img/p/lp-at113-2-l.webp,2,
lp-at113,,,,,,,,,,,,,,,https://lichtplein.nl/img/p/lp-at113-3-l.webp,3,
lp-at113,,,,,,,,,,,,,,,https://lichtplein.nl/img/p/lp-at113-4-l.webp,4,
lp-at114,"Wandbeugel verstelbaar, set van 2","<p>Wandbeugel verstelbaar, set van 2. Toebehoren voor de led high bay lineair uit de serie ATRIA.</p><ul><li>Past op de armaturen uit deze serie</li><li>Direct uit voorraad</li></ul><h3>Specificaties</h3><table><tr><td>Garantie</td><td>5 jaar</td></tr></table><p>Minimale afname 4 stuks. Projectprijs vanaf 100 stuks op aanvraag. Levering binnen 5 werkdagen.</p>",Lichtplein,ATRIA,"ATRIA,B2B,Toebehoren",TRUE,Title,Default Title,LP-AT114,14.45,continue,manual,TRUE,TRUE,https://lichtplein.nl/img/p/lp-at114-1-l.webp,1,active
lp-at115,"Ophangset staalkabel 1,1 m, set van 2","<p>Ophangset staalkabel 1,1 m, set van 2. Toebehoren voor de led high bay lineair uit de serie ATRIA.</p><ul><li>Past op de armaturen uit deze serie</li><li>Direct uit voorraad</li></ul><h3>Specificaties</h3><table><tr><td>Garantie</td><td>5 jaar</td></tr></table><p>Minimale afname 4 stuks. Projectprijs vanaf 100 stuks op aanvraag. Levering binnen 5 werkdagen.</p>",Lichtplein,ATRIA,"ATRIA,B2B,Toebehoren",TRUE,Title,Default Title,LP-AT115,7.25,continue,manual,TRUE,TRUE,https://lichtplein.nl/img/p/lp-at115-1-l.webp,1,active
lp-at116,"LED low bay lineair 14-75W instelbaar 15.000 lm 4000K, DALI","<p>Lineaire LED low bay met instelbaar vermogen: één armatuur voor meerdere plafondhoogtes. 160 lm/W, doorlusbaar en met gereedschapsloze bekabeling. Geschikt voor werkplaatsen, supermarkten en lichte industrie tot circa 8 meter hoogte.</p><ul><li>Vermogen instelbaar</li><li>160 lm/W</li><li>Doorlusbaar</li><li>Gereedschapsloze aansluiting</li><li>5 jaar garantie</li></ul><h3>Specificaties</h3><table><tr><td>Vermogen</td><td>14-75W</td></tr><tr><td>Lichtstroom</td><td>15.000 lm</td></tr><tr><td>Lichtrendement</td><td>160 lm/W</td></tr><tr><td>Kleurtemperatuur</td><td>4000K</td></tr><tr><td>Kleurweergave (CRI)</td><td>&gt; 80</td></tr><tr><td>Lichtverdeling</td><td>90x110°</td></tr><tr><td>Driver</td><td>Lifud</td></tr><tr><td>LED-chip</td><td>Lumileds</td></tr><tr><td>Dimming en besturing</td><td>DALI</td></tr><tr><td>Doorlusbekabeling</td><td>5x2.5 mm²</td></tr><tr><td>Koppeling</td><td>Doorlusbaar</td></tr><tr><td>IP-klasse</td><td>IP65</td></tr><tr><td>Garantie</td><td>5 jaar</td></tr></table><p>Minimale afname 4 stuks. Projectprijs vanaf 100 stuks op aanvraag. Levering binnen 5 werkdagen.</p>",Lichtplein,ATRIA,"ATRIA,B2B,Low bay lineair",TRUE,Title,Default Title,LP-AT116,185.00,continue,manual,TRUE,TRUE,https://lichtplein.nl/img/p/lp-at116-1-l.webp,1,active
lp-at116,,,,,,,,,,,,,,,https://lichtplein.nl/img/p/lp-at116-2-l.webp,2,
lp-at116,,,,,,,,,,,,,,,https://lichtplein.nl/img/p/lp-at116-3-l.webp,3,
lp-at116,,,,,,,,,,,,,,,https://lichtplein.nl/img/p/lp-at116-4-l.webp,4,
lp-at117,LED low bay lineair 50-120W instelbaar 21.600 lm 4000K,"<p>Lineaire LED low bay met instelbaar vermogen: één armatuur voor meerdere plafondhoogtes. 160 lm/W, doorlusbaar en met gereedschapsloze bekabeling. Geschikt voor werkplaatsen, supermarkten en lichte industrie tot circa 8 meter hoogte.</p><ul><li>Vermogen instelbaar</li><li>160 lm/W</li><li>Doorlusbaar</li><li>Gereedschapsloze aansluiting</li><li>5 jaar garantie</li></ul><h3>Specificaties</h3><table><tr><td>Vermogen</td><td>50-120W</td></tr><tr><td>Lichtstroom</td><td>21.600 lm</td></tr><tr><td>Lichtrendement</td><td>160 lm/W</td></tr><tr><td>Kleurtemperatuur</td><td>4000K</td></tr><tr><td>Kleurweergave (CRI)</td><td>&gt; 80</td></tr><tr><td>Lichtverdeling</td><td>90x110°</td></tr><tr><td>Driver</td><td>Lifud</td></tr><tr><td>LED-chip</td><td>Lumileds</td></tr><tr><td>Dimming en besturing</td><td>niet dimbaar</td></tr><tr><td>Doorlusbekabeling</td><td>3x2.5 mm²</td></tr><tr><td>Koppeling</td><td>Doorlusbaar</td></tr><tr><td>IP-klasse</td><td>IP65</td></tr><tr><td>Garantie</td><td>5 jaar</td></tr></table><p>Minimale afname 4 stuks. Projectprijs vanaf 100 stuks op aanvraag. Levering binnen 5 werkdagen.</p>",Lichtplein,ATRIA,"ATRIA,B2B,Low bay lineair",TRUE,Title,Default Title,LP-AT117,165.00,continue,manual,TRUE,TRUE,https://lichtplein.nl/img/p/lp-at117-1-l.webp,1,active
lp-at117,,,,,,,,,,,,,,,https://lichtplein.nl/img/p/lp-at117-2-l.webp,2,
lp-at117,,,,,,,,,,,,,,,https://lichtplein.nl/img/p/lp-at117-3-l.webp,3,
lp-at117,,,,,,,,,,,,,,,https://lichtplein.nl/img/p/lp-at117-4-l.webp,4,
lp-at118,LED high bay UFO 100W 15.000 lm 4000K,"<p>UFO high bay met 150 lm/W en een aansluiting voor een insteeksensor: bewegings- en daglichtsensor klikt u er in tien seconden op. Lumileds-leds en Sosen-driver, 1 meter kabel, IP65. Voor magazijnen, hallen en werkplaatsen tot 12 meter hoogte.</p><ul><li>150 lm/W</li><li>Insteeksensor optioneel</li><li>Lumileds-leds, Sosen-driver</li><li>IP65</li><li>5 jaar garantie</li></ul><h3>Specificaties</h3><table><tr><td>Vermogen</td><td>100W</td></tr><tr><td>Lichtstroom</td><td>15.000 lm</td></tr><tr><td>Lichtrendement</td><td>150 lm/W</td></tr><tr><td>Kleurtemperatuur</td><td>4000K</td></tr><tr><td>Kleurweergave (CRI)</td><td>&gt; 80</td></tr><tr><td>Lichtverdeling</td><td>90°</td></tr><tr><td>Driver</td><td>Sosen</td></tr><tr><td>LED-chip</td><td>Lumileds</td></tr><tr><td>Sensor</td><td>Insteeksensor (aux-poort)</td></tr><tr><td>Aansluitkabel</td><td>1 m</td></tr><tr><td>IP-klasse</td><td>IP65</td></tr><tr><td>Garantie</td><td>5 jaar</td></tr></table><p>Minimale afname 4 stuks. Projectprijs vanaf 100 stuks op aanvraag. Levering binnen 5 werkdagen.</p>",Lichtplein,ATRIA,"ATRIA,B2B,High bay UFO, sensorgereed",TRUE,Title,Default Title,LP-AT118,77.79,continue,manual,TRUE,TRUE,https://lichtplein.nl/img/p/lp-at118-1-l.webp,1,active
lp-at118,,,,,,,,,,,,,,,https://lichtplein.nl/img/p/lp-at118-2-l.webp,2,
lp-at118,,,,,,,,,,,,,,,https://lichtplein.nl/img/p/lp-at118-3-l.webp,3,
lp-at118,,,,,,,,,,,,,,,https://lichtplein.nl/img/p/lp-at118-4-l.webp,4,
lp-at119,LED high bay UFO 150W 22.500 lm 4000K,"<p>UFO high bay met 150 lm/W en een aansluiting voor een insteeksensor: bewegings- en daglichtsensor klikt u er in tien seconden op. Lumileds-leds en Sosen-driver, 1 meter kabel, IP65. Voor magazijnen, hallen en werkplaatsen tot 12 meter hoogte.</p><ul><li>150 lm/W</li><li>Insteeksensor optioneel</li><li>Lumileds-leds, Sosen-driver</li><li>IP65</li><li>5 jaar garantie</li></ul><h3>Specificaties</h3><table><tr><td>Vermogen</td><td>150W</td></tr><tr><td>Lichtstroom</td><td>22.500 lm</td></tr><tr><td>Lichtrendement</td><td>150 lm/W</td></tr><tr><td>Kleurtemperatuur</td><td>4000K</td></tr><tr><td>Kleurweergave (CRI)</td><td>&gt; 80</td></tr><tr><td>Lichtverdeling</td><td>90°</td></tr><tr><td>Driver</td><td>Sosen</td></tr><tr><td>LED-chip</td><td>Lumileds</td></tr><tr><td>Sensor</td><td>Insteeksensor (aux-poort)</td></tr><tr><td>Aansluitkabel</td><td>1 m</td></tr><tr><td>IP-klasse</td><td>IP65</td></tr><tr><td>Garantie</td><td>5 jaar</td></tr></table><p>Minimale afname 3 stuks. Projectprijs vanaf 100 stuks op aanvraag. Levering binnen 5 werkdagen.</p>",Lichtplein,ATRIA,"ATRIA,B2B,High bay UFO, sensorgereed",TRUE,Title,Default Title,LP-AT119,96.85,continue,manual,TRUE,TRUE,https://lichtplein.nl/img/p/lp-at119-1-l.webp,1,active
lp-at119,,,,,,,,,,,,,,,https://lichtplein.nl/img/p/lp-at119-2-l.webp,2,
lp-at119,,,,,,,,,,,,,,,https://lichtplein.nl/img/p/lp-at119-3-l.webp,3,
lp-at119,,,,,,,,,,,,,,,https://lichtplein.nl/img/p/lp-at119-4-l.webp,4,
lp-at120,LED high bay UFO 200W 30.000 lm 4000K,"<p>UFO high bay met 150 lm/W en een aansluiting voor een insteeksensor: bewegings- en daglichtsensor klikt u er in tien seconden op. Lumileds-leds en Sosen-driver, 1 meter kabel, IP65. Voor magazijnen, hallen en werkplaatsen tot 12 meter hoogte.</p><ul><li>150 lm/W</li><li>Insteeksensor optioneel</li><li>Lumileds-leds, Sosen-driver</li><li>IP65</li><li>5 jaar garantie</li></ul><h3>Specificaties</h3><table><tr><td>Vermogen</td><td>200W</td></tr><tr><td>Lichtstroom</td><td>30.000 lm</td></tr><tr><td>Lichtrendement</td><td>150 lm/W</td></tr><tr><td>Kleurtemperatuur</td><td>4000K</td></tr><tr><td>Kleurweergave (CRI)</td><td>&gt; 80</td></tr><tr><td>Lichtverdeling</td><td>90°</td></tr><tr><td>Driver</td><td>Sosen</td></tr><tr><td>LED-chip</td><td>Lumileds</td></tr><tr><td>Sensor</td><td>Insteeksensor (aux-poort)</td></tr><tr><td>Aansluitkabel</td><td>1 m</td></tr><tr><td>IP-klasse</td><td>IP65</td></tr><tr><td>Garantie</td><td>5 jaar</td></tr></table><p>Minimale afname 4 stuks. Projectprijs vanaf 100 stuks op aanvraag. Levering binnen 5 werkdagen.</p>",Lichtplein,ATRIA,"ATRIA,B2B,High bay UFO, sensorgereed",TRUE,Title,Default Title,LP-AT120,115.00,continue,manual,TRUE,TRUE,https://lichtplein.nl/img/p/lp-at120-1-l.webp,1,active
lp-at120,,,,,,,,,,,,,,,https://lichtplein.nl/img/p/lp-at120-2-l.webp,2,
lp-at120,,,,,,,,,,,,,,,https://lichtplein.nl/img/p/lp-at120-3-l.webp,3,
lp-at120,,,,,,,,,,,,,,,https://lichtplein.nl/img/p/lp-at120-4-l.webp,4,
lp-at121,"LED high bay UFO 100W 15.000 lm 5000K, Sosen-driver","<p>UFO high bay met 150 lm/W en een aansluiting voor een insteeksensor: bewegings- en daglichtsensor klikt u er in tien seconden op. Lumileds-leds en Sosen-driver, 1 meter kabel, IP65. Voor magazijnen, hallen en werkplaatsen tot 12 meter hoogte.</p><ul><li>150 lm/W</li><li>Insteeksensor optioneel</li><li>Lumileds-leds, Sosen-driver</li><li>IP65</li><li>5 jaar garantie</li></ul><h3>Specificaties</h3><table><tr><td>Vermogen</td><td>100W</td></tr><tr><td>Lichtstroom</td><td>15.000 lm</td></tr><tr><td>Lichtrendement</td><td>150 lm/W</td></tr><tr><td>Kleurtemperatuur</td><td>5000K</td></tr><tr><td>Kleurweergave (CRI)</td><td>&gt; 80</td></tr><tr><td>Lichtverdeling</td><td>90°</td></tr><tr><td>Driver</td><td>Sosen</td></tr><tr><td>LED-chip</td><td>Lumileds</td></tr><tr><td>Sensor</td><td>Insteeksensor (aux-poort)</td></tr><tr><td>Aansluitkabel</td><td>1 m</td></tr><tr><td>IP-klasse</td><td>IP65</td></tr><tr><td>Garantie</td><td>5 jaar</td></tr></table><p>Minimale afname 4 stuks. Projectprijs vanaf 100 stuks op aanvraag. Levering binnen 5 werkdagen.</p>",Lichtplein,ATRIA,"ATRIA,B2B,High bay UFO, sensorgereed",TRUE,Title,Default Title,LP-AT121,77.79,continue,manual,TRUE,TRUE,https://lichtplein.nl/img/p/lp-at121-1-l.webp,1,active
lp-at121,,,,,,,,,,,,,,,https://lichtplein.nl/img/p/lp-at121-2-l.webp,2,
lp-at121,,,,,,,,,,,,,,,https://lichtplein.nl/img/p/lp-at121-3-l.webp,3,
lp-at121,,,,,,,,,,,,,,,https://lichtplein.nl/img/p/lp-at121-4-l.webp,4,
lp-at122,"LED high bay UFO 150W 22.500 lm 5000K, Sosen-driver","<p>UFO high bay met 150 lm/W en een aansluiting voor een insteeksensor: bewegings- en daglichtsensor klikt u er in tien seconden op. Lumileds-leds en Sosen-driver, 1 meter kabel, IP65. Voor magazijnen, hallen en werkplaatsen tot 12 meter hoogte.</p><ul><li>150 lm/W</li><li>Insteeksensor optioneel</li><li>Lumileds-leds, Sosen-driver</li><li>IP65</li><li>5 jaar garantie</li></ul><h3>Specificaties</h3><table><tr><td>Vermogen</td><td>150W</td></tr><tr><td>Lichtstroom</td><td>22.500 lm</td></tr><tr><td>Lichtrendement</td><td>150 lm/W</td></tr><tr><td>Kleurtemperatuur</td><td>5000K</td></tr><tr><td>Kleurweergave (CRI)</td><td>&gt; 80</td></tr><tr><td>Lichtverdeling</td><td>90°</td></tr><tr><td>Driver</td><td>Sosen</td></tr><tr><td>LED-chip</td><td>Lumileds</td></tr><tr><td>Sensor</td><td>Insteeksensor (aux-poort)</td></tr><tr><td>Aansluitkabel</td><td>1 m</td></tr><tr><td>IP-klasse</td><td>IP65</td></tr><tr><td>Garantie</td><td>5 jaar</td></tr></table><p>Minimale afname 3 stuks. Projectprijs vanaf 100 stuks op aanvraag. Levering binnen 5 werkdagen.</p>",Lichtplein,ATRIA,"ATRIA,B2B,High bay UFO, sensorgereed",TRUE,Title,Default Title,LP-AT122,96.85,continue,manual,TRUE,TRUE,https://lichtplein.nl/img/p/lp-at122-1-l.webp,1,active
lp-at122,,,,,,,,,,,,,,,https://lichtplein.nl/img/p/lp-at122-2-l.webp,2,
lp-at122,,,,,,,,,,,,,,,https://lichtplein.nl/img/p/lp-at122-3-l.webp,3,
lp-at122,,,,,,,,,,,,,,,https://lichtplein.nl/img/p/lp-at122-4-l.webp,4,
lp-at123,LED high bay UFO 200W 30.000 lm 5000K,"<p>UFO high bay met 150 lm/W en een aansluiting voor een insteeksensor: bewegings- en daglichtsensor klikt u er in tien seconden op. Lumileds-leds en Sosen-driver, 1 meter kabel, IP65. Voor magazijnen, hallen en werkplaatsen tot 12 meter hoogte.</p><ul><li>150 lm/W</li><li>Insteeksensor optioneel</li><li>Lumileds-leds, Sosen-driver</li><li>IP65</li><li>5 jaar garantie</li></ul><h3>Specificaties</h3><table><tr><td>Vermogen</td><td>200W</td></tr><tr><td>Lichtstroom</td><td>30.000 lm</td></tr><tr><td>Lichtrendement</td><td>150 lm/W</td></tr><tr><td>Kleurtemperatuur</td><td>5000K</td></tr><tr><td>Kleurweergave (CRI)</td><td>&gt; 80</td></tr><tr><td>Lichtverdeling</td><td>90°</td></tr><tr><td>Driver</td><td>Sosen</td></tr><tr><td>LED-chip</td><td>Lumileds</td></tr><tr><td>Sensor</td><td>Insteeksensor (aux-poort)</td></tr><tr><td>Aansluitkabel</td><td>1 m</td></tr><tr><td>IP-klasse</td><td>IP65</td></tr><tr><td>Garantie</td><td>5 jaar</td></tr></table><p>Minimale afname 4 stuks. Projectprijs vanaf 100 stuks op aanvraag. Levering binnen 5 werkdagen.</p>",Lichtplein,ATRIA,"ATRIA,B2B,High bay UFO, sensorgereed",TRUE,Title,Default Title,LP-AT123,115.00,continue,manual,TRUE,TRUE,https://lichtplein.nl/img/p/lp-at123-1-l.webp,1,active
lp-at123,,,,,,,,,,,,,,,https://lichtplein.nl/img/p/lp-at123-2-l.webp,2,
lp-at123,,,,,,,,,,,,,,,https://lichtplein.nl/img/p/lp-at123-3-l.webp,3,
lp-at123,,,,,,,,,,,,,,,https://lichtplein.nl/img/p/lp-at123-4-l.webp,4,
lp-at124,Insteeksensor PIR met daglichtsensor,<p>Insteeksensor PIR met daglichtsensor. Toebehoren voor de led high bay ufo uit de serie ATRIA.</p><ul><li>Past op de armaturen uit deze serie</li><li>Direct uit voorraad</li></ul><h3>Specificaties</h3><table><tr><td>Garantie</td><td>5 jaar</td></tr></table><p>Minimale afname 5 stuks. Projectprijs vanaf 100 stuks op aanvraag. Levering binnen 5 werkdagen.</p>,Lichtplein,ATRIA,"ATRIA,B2B,Toebehoren",TRUE,Title,Default Title,LP-AT124,24.49,continue,manual,TRUE,TRUE,https://lichtplein.nl/img/p/lp-at124-1-l.webp,1,active
lp-at124,,,,,,,,,,,,,,,https://lichtplein.nl/img/p/lp-at124-2-l.webp,2,
lp-at124,,,,,,,,,,,,,,,https://lichtplein.nl/img/p/lp-at124-3-l.webp,3,
lp-at124,,,,,,,,,,,,,,,https://lichtplein.nl/img/p/lp-at124-4-l.webp,4,
lp-at125,Insteeksensor microgolf met daglichtsensor,<p>Insteeksensor microgolf met daglichtsensor. Toebehoren voor de led high bay ufo uit de serie ATRIA.</p><ul><li>Past op de armaturen uit deze serie</li><li>Direct uit voorraad</li></ul><h3>Specificaties</h3><table><tr><td>Garantie</td><td>5 jaar</td></tr></table><p>Minimale afname 5 stuks. Projectprijs vanaf 100 stuks op aanvraag. Levering binnen 5 werkdagen.</p>,Lichtplein,ATRIA,"ATRIA,B2B,Toebehoren",TRUE,Title,Default Title,LP-AT125,24.49,continue,manual,TRUE,TRUE,https://lichtplein.nl/img/p/lp-at125-1-l.webp,1,active
lp-at125,,,,,,,,,,,,,,,https://lichtplein.nl/img/p/lp-at125-2-l.webp,2,
lp-at125,,,,,,,,,,,,,,,https://lichtplein.nl/img/p/lp-at125-3-l.webp,3,
lp-at125,,,,,,,,,,,,,,,https://lichtplein.nl/img/p/lp-at125-4-l.webp,4,
lp-at126,Afstandsbediening voor bewegingssensor,<p>Afstandsbediening voor bewegingssensor. Toebehoren voor de led high bay ufo uit de serie ATRIA.</p><ul><li>Past op de armaturen uit deze serie</li><li>Direct uit voorraad</li></ul><h3>Specificaties</h3><table><tr><td>Garantie</td><td>5 jaar</td></tr></table><p>Minimale afname 1 stuk. Projectprijs vanaf 100 stuks op aanvraag. Levering binnen 5 werkdagen.</p>,Lichtplein,ATRIA,"ATRIA,B2B,Toebehoren",TRUE,Title,Default Title,LP-AT126,45.05,continue,manual,TRUE,TRUE,https://lichtplein.nl/img/p/lp-at126-1-l.webp,1,active
lp-at126,,,,,,,,,,,,,,,https://lichtplein.nl/img/p/lp-at126-2-l.webp,2,
lp-at126,,,,,,,,,,,,,,,https://lichtplein.nl/img/p/lp-at126-3-l.webp,3,
lp-at127,"LED high bay UFO 100W 15.000 lm 4000K, Zhaga","<p>UFO high bay met 150 lm/W en een aansluiting voor een insteeksensor: bewegings- en daglichtsensor klikt u er in tien seconden op. Lumileds-leds en Sosen-driver, 1 meter kabel, IP65. Voor magazijnen, hallen en werkplaatsen tot 12 meter hoogte.</p><ul><li>150 lm/W</li><li>Insteeksensor optioneel</li><li>Lumileds-leds, Sosen-driver</li><li>IP65</li><li>5 jaar garantie</li></ul><h3>Specificaties</h3><table><tr><td>Vermogen</td><td>100W</td></tr><tr><td>Lichtstroom</td><td>15.000 lm</td></tr><tr><td>Lichtrendement</td><td>150 lm/W</td></tr><tr><td>Kleurtemperatuur</td><td>4000K</td></tr><tr><td>Kleurweergave (CRI)</td><td>&gt; 80</td></tr><tr><td>Lichtverdeling</td><td>90°</td></tr><tr><td>Driver</td><td>Sosen</td></tr><tr><td>LED-chip</td><td>Lumileds</td></tr><tr><td>Sensor</td><td>Zhaga-aansluiting</td></tr><tr><td>Aansluitkabel</td><td>1 m</td></tr><tr><td>IP-klasse</td><td>IP65</td></tr><tr><td>Garantie</td><td>5 jaar</td></tr></table><p>Minimale afname 4 stuks. Projectprijs vanaf 100 stuks op aanvraag. Levering binnen 5 werkdagen.</p>",Lichtplein,ATRIA,"ATRIA,B2B,High bay UFO, sensorgereed",TRUE,Title,Default Title,LP-AT127,86.05,continue,manual,TRUE,TRUE,https://lichtplein.nl/img/p/lp-at127-1-l.webp,1,active
lp-at127,,,,,,,,,,,,,,,https://lichtplein.nl/img/p/lp-at127-2-l.webp,2,
lp-at127,,,,,,,,,,,,,,,https://lichtplein.nl/img/p/lp-at127-3-l.webp,3,
lp-at127,,,,,,,,,,,,,,,https://lichtplein.nl/img/p/lp-at127-4-l.webp,4,
lp-at128,"LED high bay UFO 150W 22.500 lm 4000K, Zhaga","<p>UFO high bay met 150 lm/W en een aansluiting voor een insteeksensor: bewegings- en daglichtsensor klikt u er in tien seconden op. Lumileds-leds en Sosen-driver, 1 meter kabel, IP65. Voor magazijnen, hallen en werkplaatsen tot 12 meter hoogte.</p><ul><li>150 lm/W</li><li>Insteeksensor optioneel</li><li>Lumileds-leds, Sosen-driver</li><li>IP65</li><li>5 jaar garantie</li></ul><h3>Specificaties</h3><table><tr><td>Vermogen</td><td>150W</td></tr><tr><td>Lichtstroom</td><td>22.500 lm</td></tr><tr><td>Lichtrendement</td><td>150 lm/W</td></tr><tr><td>Kleurtemperatuur</td><td>4000K</td></tr><tr><td>Kleurweergave (CRI)</td><td>&gt; 80</td></tr><tr><td>Lichtverdeling</td><td>90°</td></tr><tr><td>Driver</td><td>Sosen</td></tr><tr><td>LED-chip</td><td>Lumileds</td></tr><tr><td>Sensor</td><td>Zhaga-aansluiting</td></tr><tr><td>Aansluitkabel</td><td>1 m</td></tr><tr><td>IP-klasse</td><td>IP65</td></tr><tr><td>Garantie</td><td>5 jaar</td></tr></table><p>Minimale afname 3 stuks. Projectprijs vanaf 100 stuks op aanvraag. Levering binnen 5 werkdagen.</p>",Lichtplein,ATRIA,"ATRIA,B2B,High bay UFO, sensorgereed",TRUE,Title,Default Title,LP-AT128,105.00,continue,manual,TRUE,TRUE,https://lichtplein.nl/img/p/lp-at128-1-l.webp,1,active
lp-at128,,,,,,,,,,,,,,,https://lichtplein.nl/img/p/lp-at128-2-l.webp,2,
lp-at128,,,,,,,,,,,,,,,https://lichtplein.nl/img/p/lp-at128-3-l.webp,3,
lp-at128,,,,,,,,,,,,,,,https://lichtplein.nl/img/p/lp-at128-4-l.webp,4,
lp-at129,"LED high bay UFO 200W 30.000 lm 4000K, Zhaga","<p>UFO high bay met 150 lm/W en een aansluiting voor een insteeksensor: bewegings- en daglichtsensor klikt u er in tien seconden op. Lumileds-leds en Sosen-driver, 1 meter kabel, IP65. Voor magazijnen, hallen en werkplaatsen tot 12 meter hoogte.</p><ul><li>150 lm/W</li><li>Insteeksensor optioneel</li><li>Lumileds-leds, Sosen-driver</li><li>IP65</li><li>5 jaar garantie</li></ul><h3>Specificaties</h3><table><tr><td>Vermogen</td><td>200W</td></tr><tr><td>Lichtstroom</td><td>30.000 lm</td></tr><tr><td>Lichtrendement</td><td>150 lm/W</td></tr><tr><td>Kleurtemperatuur</td><td>4000K</td></tr><tr><td>Kleurweergave (CRI)</td><td>&gt; 80</td></tr><tr><td>Lichtverdeling</td><td>90°</td></tr><tr><td>Driver</td><td>Sosen</td></tr><tr><td>LED-chip</td><td>Lumileds</td></tr><tr><td>Sensor</td><td>Zhaga-aansluiting</td></tr><tr><td>Aansluitkabel</td><td>1 m</td></tr><tr><td>IP-klasse</td><td>IP65</td></tr><tr><td>Garantie</td><td>5 jaar</td></tr></table><p>Minimale afname 4 stuks. Projectprijs vanaf 100 stuks op aanvraag. Levering binnen 5 werkdagen.</p>",Lichtplein,ATRIA,"ATRIA,B2B,High bay UFO, sensorgereed",TRUE,Title,Default Title,LP-AT129,125.00,continue,manual,TRUE,TRUE,https://lichtplein.nl/img/p/lp-at129-1-l.webp,1,active
lp-at129,,,,,,,,,,,,,,,https://lichtplein.nl/img/p/lp-at129-2-l.webp,2,
lp-at129,,,,,,,,,,,,,,,https://lichtplein.nl/img/p/lp-at129-3-l.webp,3,
lp-at129,,,,,,,,,,,,,,,https://lichtplein.nl/img/p/lp-at129-4-l.webp,4,
lp-at130,"LED high bay UFO 240W 36.000 lm 4000K, Zhaga","<p>UFO high bay met 150 lm/W en een aansluiting voor een insteeksensor: bewegings- en daglichtsensor klikt u er in tien seconden op. Lumileds-leds en Sosen-driver, 1 meter kabel, IP65. Voor magazijnen, hallen en werkplaatsen tot 12 meter hoogte.</p><ul><li>150 lm/W</li><li>Insteeksensor optioneel</li><li>Lumileds-leds, Sosen-driver</li><li>IP65</li><li>5 jaar garantie</li></ul><h3>Specificaties</h3><table><tr><td>Vermogen</td><td>240W</td></tr><tr><td>Lichtstroom</td><td>36.000 lm</td></tr><tr><td>Lichtrendement</td><td>150 lm/W</td></tr><tr><td>Kleurtemperatuur</td><td>4000K</td></tr><tr><td>Kleurweergave (CRI)</td><td>&gt; 80</td></tr><tr><td>Lichtverdeling</td><td>90°</td></tr><tr><td>Driver</td><td>Sosen</td></tr><tr><td>LED-chip</td><td>Lumileds</td></tr><tr><td>Sensor</td><td>Zhaga-aansluiting</td></tr><tr><td>Aansluitkabel</td><td>1 m</td></tr><tr><td>IP-klasse</td><td>IP65</td></tr><tr><td>Garantie</td><td>5 jaar</td></tr></table><p>Minimale afname 4 stuks. Projectprijs vanaf 100 stuks op aanvraag. Levering binnen 5 werkdagen.</p>",Lichtplein,ATRIA,"ATRIA,B2B,High bay UFO, sensorgereed",TRUE,Title,Default Title,LP-AT130,129.00,continue,manual,TRUE,TRUE,https://lichtplein.nl/img/p/lp-at130-1-l.webp,1,active
lp-at130,,,,,,,,,,,,,,,https://lichtplein.nl/img/p/lp-at130-2-l.webp,2,
lp-at130,,,,,,,,,,,,,,,https://lichtplein.nl/img/p/lp-at130-3-l.webp,3,
lp-at130,,,,,,,,,,,,,,,https://lichtplein.nl/img/p/lp-at130-4-l.webp,4,
lp-at131,"LED high bay UFO 100W 15.000 lm 5000K, Zhaga","<p>UFO high bay met 150 lm/W en een aansluiting voor een insteeksensor: bewegings- en daglichtsensor klikt u er in tien seconden op. Lumileds-leds en Sosen-driver, 1 meter kabel, IP65. Voor magazijnen, hallen en werkplaatsen tot 12 meter hoogte.</p><ul><li>150 lm/W</li><li>Insteeksensor optioneel</li><li>Lumileds-leds, Sosen-driver</li><li>IP65</li><li>5 jaar garantie</li></ul><h3>Specificaties</h3><table><tr><td>Vermogen</td><td>100W</td></tr><tr><td>Lichtstroom</td><td>15.000 lm</td></tr><tr><td>Lichtrendement</td><td>150 lm/W</td></tr><tr><td>Kleurtemperatuur</td><td>5000K</td></tr><tr><td>Kleurweergave (CRI)</td><td>&gt; 80</td></tr><tr><td>Lichtverdeling</td><td>90°</td></tr><tr><td>Driver</td><td>Sosen</td></tr><tr><td>LED-chip</td><td>Lumileds</td></tr><tr><td>Sensor</td><td>Zhaga-aansluiting</td></tr><tr><td>Aansluitkabel</td><td>1 m</td></tr><tr><td>IP-klasse</td><td>IP65</td></tr><tr><td>Garantie</td><td>5 jaar</td></tr></table><p>Minimale afname 4 stuks. Projectprijs vanaf 100 stuks op aanvraag. Levering binnen 5 werkdagen.</p>",Lichtplein,ATRIA,"ATRIA,B2B,High bay UFO, sensorgereed",TRUE,Title,Default Title,LP-AT131,86.05,continue,manual,TRUE,TRUE,https://lichtplein.nl/img/p/lp-at131-1-l.webp,1,active
lp-at131,,,,,,,,,,,,,,,https://lichtplein.nl/img/p/lp-at131-2-l.webp,2,
lp-at131,,,,,,,,,,,,,,,https://lichtplein.nl/img/p/lp-at131-3-l.webp,3,
lp-at131,,,,,,,,,,,,,,,https://lichtplein.nl/img/p/lp-at131-4-l.webp,4,
lp-at132,"LED high bay UFO 150W 22.500 lm 5000K, Zhaga","<p>UFO high bay met 150 lm/W en een aansluiting voor een insteeksensor: bewegings- en daglichtsensor klikt u er in tien seconden op. Lumileds-leds en Sosen-driver, 1 meter kabel, IP65. Voor magazijnen, hallen en werkplaatsen tot 12 meter hoogte.</p><ul><li>150 lm/W</li><li>Insteeksensor optioneel</li><li>Lumileds-leds, Sosen-driver</li><li>IP65</li><li>5 jaar garantie</li></ul><h3>Specificaties</h3><table><tr><td>Vermogen</td><td>150W</td></tr><tr><td>Lichtstroom</td><td>22.500 lm</td></tr><tr><td>Lichtrendement</td><td>150 lm/W</td></tr><tr><td>Kleurtemperatuur</td><td>5000K</td></tr><tr><td>Kleurweergave (CRI)</td><td>&gt; 80</td></tr><tr><td>Lichtverdeling</td><td>90°</td></tr><tr><td>Driver</td><td>Sosen</td></tr><tr><td>LED-chip</td><td>Lumileds</td></tr><tr><td>Sensor</td><td>Zhaga-aansluiting</td></tr><tr><td>Aansluitkabel</td><td>1 m</td></tr><tr><td>IP-klasse</td><td>IP65</td></tr><tr><td>Garantie</td><td>5 jaar</td></tr></table><p>Minimale afname 3 stuks. Projectprijs vanaf 100 stuks op aanvraag. Levering binnen 5 werkdagen.</p>",Lichtplein,ATRIA,"ATRIA,B2B,High bay UFO, sensorgereed",TRUE,Title,Default Title,LP-AT132,105.00,continue,manual,TRUE,TRUE,https://lichtplein.nl/img/p/lp-at132-1-l.webp,1,active
lp-at132,,,,,,,,,,,,,,,https://lichtplein.nl/img/p/lp-at132-2-l.webp,2,
lp-at132,,,,,,,,,,,,,,,https://lichtplein.nl/img/p/lp-at132-3-l.webp,3,
lp-at132,,,,,,,,,,,,,,,https://lichtplein.nl/img/p/lp-at132-4-l.webp,4,
lp-at133,"LED high bay UFO 200W 30.000 lm 5000K, Zhaga","<p>UFO high bay met 150 lm/W en een aansluiting voor een insteeksensor: bewegings- en daglichtsensor klikt u er in tien seconden op. Lumileds-leds en Sosen-driver, 1 meter kabel, IP65. Voor magazijnen, hallen en werkplaatsen tot 12 meter hoogte.</p><ul><li>150 lm/W</li><li>Insteeksensor optioneel</li><li>Lumileds-leds, Sosen-driver</li><li>IP65</li><li>5 jaar garantie</li></ul><h3>Specificaties</h3><table><tr><td>Vermogen</td><td>200W</td></tr><tr><td>Lichtstroom</td><td>30.000 lm</td></tr><tr><td>Lichtrendement</td><td>150 lm/W</td></tr><tr><td>Kleurtemperatuur</td><td>5000K</td></tr><tr><td>Kleurweergave (CRI)</td><td>&gt; 80</td></tr><tr><td>Lichtverdeling</td><td>90°</td></tr><tr><td>Driver</td><td>Sosen</td></tr><tr><td>LED-chip</td><td>Lumileds</td></tr><tr><td>Sensor</td><td>Zhaga-aansluiting</td></tr><tr><td>Aansluitkabel</td><td>1 m</td></tr><tr><td>IP-klasse</td><td>IP65</td></tr><tr><td>Garantie</td><td>5 jaar</td></tr></table><p>Minimale afname 4 stuks. Projectprijs vanaf 100 stuks op aanvraag. Levering binnen 5 werkdagen.</p>",Lichtplein,ATRIA,"ATRIA,B2B,High bay UFO, sensorgereed",TRUE,Title,Default Title,LP-AT133,125.00,continue,manual,TRUE,TRUE,https://lichtplein.nl/img/p/lp-at133-1-l.webp,1,active
lp-at133,,,,,,,,,,,,,,,https://lichtplein.nl/img/p/lp-at133-2-l.webp,2,
lp-at133,,,,,,,,,,,,,,,https://lichtplein.nl/img/p/lp-at133-3-l.webp,3,
lp-at133,,,,,,,,,,,,,,,https://lichtplein.nl/img/p/lp-at133-4-l.webp,4,
lp-at134,Zhaga-sensor microgolf met daglichtsensor en groepsfunctie,<p>Zhaga-sensor microgolf met daglichtsensor en groepsfunctie. Toebehoren voor de led high bay ufo uit de serie ATRIA.</p><ul><li>Past op de armaturen uit deze serie</li><li>Direct uit voorraad</li></ul><h3>Specificaties</h3><table><tr><td>Garantie</td><td>5 jaar</td></tr></table><p>Minimale afname 5 stuks. Projectprijs vanaf 100 stuks op aanvraag. Levering binnen 5 werkdagen.</p>,Lichtplein,ATRIA,"ATRIA,B2B,Toebehoren",TRUE,Title,Default Title,LP-AT134,30.99,continue,manual,TRUE,TRUE,https://lichtplein.nl/img/p/lp-at134-1-l.webp,1,active
lp-at135,Zhaga-sensor PIR met daglichtsensor en groepsfunctie,<p>Zhaga-sensor PIR met daglichtsensor en groepsfunctie. Toebehoren voor de led high bay ufo uit de serie ATRIA.</p><ul><li>Past op de armaturen uit deze serie</li><li>Direct uit voorraad</li></ul><h3>Specificaties</h3><table><tr><td>Garantie</td><td>5 jaar</td></tr></table><p>Minimale afname 5 stuks. Projectprijs vanaf 100 stuks op aanvraag. Levering binnen 5 werkdagen.</p>,Lichtplein,ATRIA,"ATRIA,B2B,Toebehoren",TRUE,Title,Default Title,LP-AT135,30.99,continue,manual,TRUE,TRUE,https://lichtplein.nl/img/p/lp-at135-1-l.webp,1,active
lp-at136,Afstandsbediening met groepsfunctie,<p>Afstandsbediening met groepsfunctie. Toebehoren voor de led high bay ufo uit de serie ATRIA.</p><ul><li>Past op de armaturen uit deze serie</li><li>Direct uit voorraad</li></ul><h3>Specificaties</h3><table><tr><td>Garantie</td><td>5 jaar</td></tr></table><p>Minimale afname 1 stuk. Projectprijs vanaf 100 stuks op aanvraag. Levering binnen 5 werkdagen.</p>,Lichtplein,ATRIA,"ATRIA,B2B,Toebehoren",TRUE,Title,Default Title,LP-AT136,20.19,continue,manual,TRUE,TRUE,https://lichtplein.nl/img/p/lp-at136-1-l.webp,1,active
lp-at137,"LED high bay UFO 100W 15.000 lm 4000K, 1-10V dimbaar","<p>UFO high bay met 150 lm/W, Lumileds-leds en 1-10V of DALI dimming. De PA-uitvoeringen hebben instelbaar vermogen via dipswitch, zodat u met één artikel drie lichtniveaus dekt. Optioneel met polycarbonaat reflectorkap of 60 graden lens.</p><ul><li>150 lm/W</li><li>1-10V of DALI dimbaar</li><li>Vermogen instelbaar (PA)</li><li>Reflectorkap en lens optioneel</li><li>5 jaar garantie</li></ul><h3>Specificaties</h3><table><tr><td>Vermogen</td><td>100W</td></tr><tr><td>Lichtstroom</td><td>15.000 lm</td></tr><tr><td>Lichtrendement</td><td>150 lm/W</td></tr><tr><td>Kleurtemperatuur</td><td>4000K</td></tr><tr><td>Kleurweergave (CRI)</td><td>&gt; 80</td></tr><tr><td>Lichtverdeling</td><td>120°</td></tr><tr><td>Driver</td><td>Sosen</td></tr><tr><td>LED-chip</td><td>Lumileds</td></tr><tr><td>Dimming en besturing</td><td>1-10V</td></tr><tr><td>Aansluitkabel</td><td>1 m</td></tr><tr><td>IP-klasse</td><td>IP65</td></tr><tr><td>Garantie</td><td>5 jaar</td></tr></table><p>Minimale afname 4 stuks. Projectprijs vanaf 100 stuks op aanvraag. Levering binnen 5 werkdagen.</p>",Lichtplein,ATRIA,"ATRIA,B2B,High bay UFO, dimbaar",TRUE,Title,Default Title,LP-AT137,77.45,continue,manual,TRUE,TRUE,https://lichtplein.nl/img/p/lp-at137-1-l.webp,1,active
lp-at137,,,,,,,,,,,,,,,https://lichtplein.nl/img/p/lp-at137-2-l.webp,2,
lp-at137,,,,,,,,,,,,,,,https://lichtplein.nl/img/p/lp-at137-3-l.webp,3,
lp-at137,,,,,,,,,,,,,,,https://lichtplein.nl/img/p/lp-at137-4-l.webp,4,
lp-at138,"LED high bay UFO 100-150W instelbaar 22.500 lm 4000K, 1-10V dimbaar","<p>UFO high bay met 150 lm/W, Lumileds-leds en 1-10V of DALI dimming. De PA-uitvoeringen hebben instelbaar vermogen via dipswitch, zodat u met één artikel drie lichtniveaus dekt. Optioneel met polycarbonaat reflectorkap of 60 graden lens.</p><ul><li>150 lm/W</li><li>1-10V of DALI dimbaar</li><li>Vermogen instelbaar (PA)</li><li>Reflectorkap en lens optioneel</li><li>5 jaar garantie</li></ul><h3>Specificaties</h3><table><tr><td>Vermogen</td><td>100-120-150W</td></tr><tr><td>Lichtstroom</td><td>22.500 lm</td></tr><tr><td>Lichtrendement</td><td>150 lm/W</td></tr><tr><td>Kleurtemperatuur</td><td>4000K</td></tr><tr><td>Kleurweergave (CRI)</td><td>&gt; 80</td></tr><tr><td>Lichtverdeling</td><td>120°</td></tr><tr><td>Driver</td><td>Sosen</td></tr><tr><td>LED-chip</td><td>Lumileds</td></tr><tr><td>Dimming en besturing</td><td>1-10V</td></tr><tr><td>Aansluitkabel</td><td>0.3 m</td></tr><tr><td>IP-klasse</td><td>IP65</td></tr><tr><td>Garantie</td><td>5 jaar</td></tr></table><p>Minimale afname 3 stuks. Projectprijs vanaf 100 stuks op aanvraag. Levering binnen 5 werkdagen.</p>",Lichtplein,ATRIA,"ATRIA,B2B,High bay UFO, dimbaar",TRUE,Title,Default Title,LP-AT138,92.19,continue,manual,TRUE,TRUE,https://lichtplein.nl/img/p/lp-at138-1-l.webp,1,active
lp-at138,,,,,,,,,,,,,,,https://lichtplein.nl/img/p/lp-at138-2-l.webp,2,
lp-at138,,,,,,,,,,,,,,,https://lichtplein.nl/img/p/lp-at138-3-l.webp,3,
lp-at138,,,,,,,,,,,,,,,https://lichtplein.nl/img/p/lp-at138-4-l.webp,4,
lp-at139,"LED high bay UFO 120-200W instelbaar 30.000 lm 4000K, 1-10V dimbaar","<p>UFO high bay met 150 lm/W, Lumileds-leds en 1-10V of DALI dimming. De PA-uitvoeringen hebben instelbaar vermogen via dipswitch, zodat u met één artikel drie lichtniveaus dekt. Optioneel met polycarbonaat reflectorkap of 60 graden lens.</p><ul><li>150 lm/W</li><li>1-10V of DALI dimbaar</li><li>Vermogen instelbaar (PA)</li><li>Reflectorkap en lens optioneel</li><li>5 jaar garantie</li></ul><h3>Specificaties</h3><table><tr><td>Vermogen</td><td>120-150-200W</td></tr><tr><td>Lichtstroom</td><td>30.000 lm</td></tr><tr><td>Lichtrendement</td><td>150 lm/W</td></tr><tr><td>Kleurtemperatuur</td><td>4000K</td></tr><tr><td>Kleurweergave (CRI)</td><td>&gt; 80</td></tr><tr><td>Lichtverdeling</td><td>120°</td></tr><tr><td>Driver</td><td>Sosen</td></tr><tr><td>LED-chip</td><td>Lumileds</td></tr><tr><td>Dimming en besturing</td><td>1-10V</td></tr><tr><td>Aansluitkabel</td><td>0.3 m</td></tr><tr><td>IP-klasse</td><td>IP65</td></tr><tr><td>Garantie</td><td>5 jaar</td></tr></table><p>Minimale afname 4 stuks. Projectprijs vanaf 100 stuks op aanvraag. Levering binnen 5 werkdagen.</p>",Lichtplein,ATRIA,"ATRIA,B2B,High bay UFO, dimbaar",TRUE,Title,Default Title,LP-AT139,115.00,continue,manual,TRUE,TRUE,https://lichtplein.nl/img/p/lp-at139-1-l.webp,1,active
lp-at139,,,,,,,,,,,,,,,https://lichtplein.nl/img/p/lp-at139-2-l.webp,2,
lp-at139,,,,,,,,,,,,,,,https://lichtplein.nl/img/p/lp-at139-3-l.webp,3,
lp-at139,,,,,,,,,,,,,,,https://lichtplein.nl/img/p/lp-at139-4-l.webp,4,
lp-at140,"LED high bay UFO 100W 15.000 lm 5000K, 1-10V dimbaar","<p>UFO high bay met 150 lm/W, Lumileds-leds en 1-10V of DALI dimming. De PA-uitvoeringen hebben instelbaar vermogen via dipswitch, zodat u met één artikel drie lichtniveaus dekt. Optioneel met polycarbonaat reflectorkap of 60 graden lens.</p><ul><li>150 lm/W</li><li>1-10V of DALI dimbaar</li><li>Vermogen instelbaar (PA)</li><li>Reflectorkap en lens optioneel</li><li>5 jaar garantie</li></ul><h3>Specificaties</h3><table><tr><td>Vermogen</td><td>100W</td></tr><tr><td>Lichtstroom</td><td>15.000 lm</td></tr><tr><td>Lichtrendement</td><td>150 lm/W</td></tr><tr><td>Kleurtemperatuur</td><td>5000K</td></tr><tr><td>Kleurweergave (CRI)</td><td>&gt; 80</td></tr><tr><td>Lichtverdeling</td><td>120°</td></tr><tr><td>Driver</td><td>Sosen</td></tr><tr><td>LED-chip</td><td>Lumileds</td></tr><tr><td>Dimming en besturing</td><td>1-10V</td></tr><tr><td>Aansluitkabel</td><td>1 m</td></tr><tr><td>IP-klasse</td><td>IP65</td></tr><tr><td>Garantie</td><td>5 jaar</td></tr></table><p>Minimale afname 4 stuks. Projectprijs vanaf 100 stuks op aanvraag. Levering binnen 5 werkdagen.</p>",Lichtplein,ATRIA,"ATRIA,B2B,High bay UFO, dimbaar",TRUE,Title,Default Title,LP-AT140,77.45,continue,manual,TRUE,TRUE,https://lichtplein.nl/img/p/lp-at140-1-l.webp,1,active
lp-at140,,,,,,,,,,,,,,,https://lichtplein.nl/img/p/lp-at140-2-l.webp,2,
lp-at140,,,,,,,,,,,,,,,https://lichtplein.nl/img/p/lp-at140-3-l.webp,3,
lp-at140,,,,,,,,,,,,,,,https://lichtplein.nl/img/p/lp-at140-4-l.webp,4,
lp-at141,"LED high bay UFO 150W 22.500 lm 5000K, 1-10V dimbaar","<p>UFO high bay met 150 lm/W, Lumileds-leds en 1-10V of DALI dimming. De PA-uitvoeringen hebben instelbaar vermogen via dipswitch, zodat u met één artikel drie lichtniveaus dekt. Optioneel met polycarbonaat reflectorkap of 60 graden lens.</p><ul><li>150 lm/W</li><li>1-10V of DALI dimbaar</li><li>Vermogen instelbaar (PA)</li><li>Reflectorkap en lens optioneel</li><li>5 jaar garantie</li></ul><h3>Specificaties</h3><table><tr><td>Vermogen</td><td>150W</td></tr><tr><td>Lichtstroom</td><td>22.500 lm</td></tr><tr><td>Lichtrendement</td><td>150 lm/W</td></tr><tr><td>Kleurtemperatuur</td><td>5000K</td></tr><tr><td>Kleurweergave (CRI)</td><td>&gt; 80</td></tr><tr><td>Lichtverdeling</td><td>120°</td></tr><tr><td>Driver</td><td>Sosen</td></tr><tr><td>LED-chip</td><td>Lumileds</td></tr><tr><td>Dimming en besturing</td><td>1-10V</td></tr><tr><td>Aansluitkabel</td><td>1 m</td></tr><tr><td>IP-klasse</td><td>IP65</td></tr><tr><td>Garantie</td><td>5 jaar</td></tr></table><p>Minimale afname 3 stuks. Projectprijs vanaf 100 stuks op aanvraag. Levering binnen 5 werkdagen.</p>",Lichtplein,ATRIA,"ATRIA,B2B,High bay UFO, dimbaar",TRUE,Title,Default Title,LP-AT141,86.05,continue,manual,TRUE,TRUE,https://lichtplein.nl/img/p/lp-at141-1-l.webp,1,active
lp-at141,,,,,,,,,,,,,,,https://lichtplein.nl/img/p/lp-at141-2-l.webp,2,
lp-at141,,,,,,,,,,,,,,,https://lichtplein.nl/img/p/lp-at141-3-l.webp,3,
lp-at141,,,,,,,,,,,,,,,https://lichtplein.nl/img/p/lp-at141-4-l.webp,4,
lp-at142,"LED high bay UFO 100-150W instelbaar 22.500 lm 5000K, 1-10V dimbaar","<p>UFO high bay met 150 lm/W, Lumileds-leds en 1-10V of DALI dimming. De PA-uitvoeringen hebben instelbaar vermogen via dipswitch, zodat u met één artikel drie lichtniveaus dekt. Optioneel met polycarbonaat reflectorkap of 60 graden lens.</p><ul><li>150 lm/W</li><li>1-10V of DALI dimbaar</li><li>Vermogen instelbaar (PA)</li><li>Reflectorkap en lens optioneel</li><li>5 jaar garantie</li></ul><h3>Specificaties</h3><table><tr><td>Vermogen</td><td>100-120-150W</td></tr><tr><td>Lichtstroom</td><td>22.500 lm</td></tr><tr><td>Lichtrendement</td><td>150 lm/W</td></tr><tr><td>Kleurtemperatuur</td><td>5000K</td></tr><tr><td>Kleurweergave (CRI)</td><td>&gt; 80</td></tr><tr><td>Lichtverdeling</td><td>120°</td></tr><tr><td>Driver</td><td>Sosen</td></tr><tr><td>LED-chip</td><td>Lumileds</td></tr><tr><td>Dimming en besturing</td><td>1-10V</td></tr><tr><td>Aansluitkabel</td><td>0.3 m</td></tr><tr><td>IP-klasse</td><td>IP65</td></tr><tr><td>Garantie</td><td>5 jaar</td></tr></table><p>Minimale afname 3 stuks. Projectprijs vanaf 100 stuks op aanvraag. Levering binnen 5 werkdagen.</p>",Lichtplein,ATRIA,"ATRIA,B2B,High bay UFO, dimbaar",TRUE,Title,Default Title,LP-AT142,92.19,continue,manual,TRUE,TRUE,https://lichtplein.nl/img/p/lp-at142-1-l.webp,1,active
lp-at142,,,,,,,,,,,,,,,https://lichtplein.nl/img/p/lp-at142-2-l.webp,2,
lp-at142,,,,,,,,,,,,,,,https://lichtplein.nl/img/p/lp-at142-3-l.webp,3,
lp-at142,,,,,,,,,,,,,,,https://lichtplein.nl/img/p/lp-at142-4-l.webp,4,
lp-at143,"LED high bay UFO 120-200W instelbaar 30.000 lm 5000K, 1-10V dimbaar","<p>UFO high bay met 150 lm/W, Lumileds-leds en 1-10V of DALI dimming. De PA-uitvoeringen hebben instelbaar vermogen via dipswitch, zodat u met één artikel drie lichtniveaus dekt. Optioneel met polycarbonaat reflectorkap of 60 graden lens.</p><ul><li>150 lm/W</li><li>1-10V of DALI dimbaar</li><li>Vermogen instelbaar (PA)</li><li>Reflectorkap en lens optioneel</li><li>5 jaar garantie</li></ul><h3>Specificaties</h3><table><tr><td>Vermogen</td><td>120-150-200W</td></tr><tr><td>Lichtstroom</td><td>30.000 lm</td></tr><tr><td>Lichtrendement</td><td>150 lm/W</td></tr><tr><td>Kleurtemperatuur</td><td>5000K</td></tr><tr><td>Kleurweergave (CRI)</td><td>&gt; 80</td></tr><tr><td>Lichtverdeling</td><td>120°</td></tr><tr><td>Driver</td><td>Sosen</td></tr><tr><td>LED-chip</td><td>Lumileds</td></tr><tr><td>Dimming en besturing</td><td>1-10V</td></tr><tr><td>Aansluitkabel</td><td>0.3 m</td></tr><tr><td>IP-klasse</td><td>IP65</td></tr><tr><td>Garantie</td><td>5 jaar</td></tr></table><p>Minimale afname 4 stuks. Projectprijs vanaf 100 stuks op aanvraag. Levering binnen 5 werkdagen.</p>",Lichtplein,ATRIA,"ATRIA,B2B,High bay UFO, dimbaar",TRUE,Title,Default Title,LP-AT143,115.00,continue,manual,TRUE,TRUE,https://lichtplein.nl/img/p/lp-at143-1-l.webp,1,active
lp-at143,,,,,,,,,,,,,,,https://lichtplein.nl/img/p/lp-at143-2-l.webp,2,
lp-at143,,,,,,,,,,,,,,,https://lichtplein.nl/img/p/lp-at143-3-l.webp,3,
lp-at143,,,,,,,,,,,,,,,https://lichtplein.nl/img/p/lp-at143-4-l.webp,4,
lp-at144,"LED high bay UFO 100-150W instelbaar 22.500 lm 5000K, DALI","<p>UFO high bay met 150 lm/W, Lumileds-leds en 1-10V of DALI dimming. De PA-uitvoeringen hebben instelbaar vermogen via dipswitch, zodat u met één artikel drie lichtniveaus dekt. Optioneel met polycarbonaat reflectorkap of 60 graden lens.</p><ul><li>150 lm/W</li><li>1-10V of DALI dimbaar</li><li>Vermogen instelbaar (PA)</li><li>Reflectorkap en lens optioneel</li><li>5 jaar garantie</li></ul><h3>Specificaties</h3><table><tr><td>Vermogen</td><td>100-120-150W</td></tr><tr><td>Lichtstroom</td><td>22.500 lm</td></tr><tr><td>Lichtrendement</td><td>150 lm/W</td></tr><tr><td>Kleurtemperatuur</td><td>5000K</td></tr><tr><td>Kleurweergave (CRI)</td><td>&gt; 80</td></tr><tr><td>Lichtverdeling</td><td>90°</td></tr><tr><td>Driver</td><td>Moso</td></tr><tr><td>LED-chip</td><td>Lumileds</td></tr><tr><td>Dimming en besturing</td><td>DALI</td></tr><tr><td>Aansluitkabel</td><td>0.3 m</td></tr><tr><td>IP-klasse</td><td>IP65</td></tr><tr><td>Garantie</td><td>5 jaar</td></tr></table><p>Minimale afname 3 stuks. Projectprijs vanaf 100 stuks op aanvraag. Levering binnen 5 werkdagen.</p>",Lichtplein,ATRIA,"ATRIA,B2B,High bay UFO, dimbaar",TRUE,Title,Default Title,LP-AT144,139.00,continue,manual,TRUE,TRUE,https://lichtplein.nl/img/p/lp-at144-1-l.webp,1,active
lp-at144,,,,,,,,,,,,,,,https://lichtplein.nl/img/p/lp-at144-2-l.webp,2,
lp-at144,,,,,,,,,,,,,,,https://lichtplein.nl/img/p/lp-at144-3-l.webp,3,
lp-at144,,,,,,,,,,,,,,,https://lichtplein.nl/img/p/lp-at144-4-l.webp,4,
lp-at145,"LED high bay UFO 150-240W instelbaar 36.000 lm 4000K, DALI","<p>UFO high bay met 150 lm/W, Lumileds-leds en 1-10V of DALI dimming. De PA-uitvoeringen hebben instelbaar vermogen via dipswitch, zodat u met één artikel drie lichtniveaus dekt. Optioneel met polycarbonaat reflectorkap of 60 graden lens.</p><ul><li>150 lm/W</li><li>1-10V of DALI dimbaar</li><li>Vermogen instelbaar (PA)</li><li>Reflectorkap en lens optioneel</li><li>5 jaar garantie</li></ul><h3>Specificaties</h3><table><tr><td>Vermogen</td><td>150-200-240W</td></tr><tr><td>Lichtstroom</td><td>36.000 lm</td></tr><tr><td>Lichtrendement</td><td>150 lm/W</td></tr><tr><td>Kleurtemperatuur</td><td>4000K</td></tr><tr><td>Kleurweergave (CRI)</td><td>&gt; 80</td></tr><tr><td>Lichtverdeling</td><td>90°</td></tr><tr><td>Driver</td><td>Moso</td></tr><tr><td>LED-chip</td><td>Lumileds</td></tr><tr><td>Dimming en besturing</td><td>DALI</td></tr><tr><td>Aansluitkabel</td><td>0.3 m</td></tr><tr><td>IP-klasse</td><td>IP65</td></tr><tr><td>Garantie</td><td>5 jaar</td></tr></table><p>Minimale afname 4 stuks. Projectprijs vanaf 100 stuks op aanvraag. Levering binnen 5 werkdagen.</p>",Lichtplein,ATRIA,"ATRIA,B2B,High bay UFO, dimbaar",TRUE,Title,Default Title,LP-AT145,165.00,continue,manual,TRUE,TRUE,https://lichtplein.nl/img/p/lp-at145-1-l.webp,1,active
lp-at145,,,,,,,,,,,,,,,https://lichtplein.nl/img/p/lp-at145-2-l.webp,2,
lp-at145,,,,,,,,,,,,,,,https://lichtplein.nl/img/p/lp-at145-3-l.webp,3,
lp-at145,,,,,,,,,,,,,,,https://lichtplein.nl/img/p/lp-at145-4-l.webp,4,
lp-at146,"LED high bay UFO 150-240W instelbaar 36.000 lm 5000K, DALI","<p>UFO high bay met 150 lm/W, Lumileds-leds en 1-10V of DALI dimming. De PA-uitvoeringen hebben instelbaar vermogen via dipswitch, zodat u met één artikel drie lichtniveaus dekt. Optioneel met polycarbonaat reflectorkap of 60 graden lens.</p><ul><li>150 lm/W</li><li>1-10V of DALI dimbaar</li><li>Vermogen instelbaar (PA)</li><li>Reflectorkap en lens optioneel</li><li>5 jaar garantie</li></ul><h3>Specificaties</h3><table><tr><td>Vermogen</td><td>150-200-240W</td></tr><tr><td>Lichtstroom</td><td>36.000 lm</td></tr><tr><td>Lichtrendement</td><td>150 lm/W</td></tr><tr><td>Kleurtemperatuur</td><td>5000K</td></tr><tr><td>Kleurweergave (CRI)</td><td>&gt; 80</td></tr><tr><td>Lichtverdeling</td><td>90°</td></tr><tr><td>Driver</td><td>Moso</td></tr><tr><td>LED-chip</td><td>Lumileds</td></tr><tr><td>Dimming en besturing</td><td>DALI</td></tr><tr><td>Aansluitkabel</td><td>0.3 m</td></tr><tr><td>IP-klasse</td><td>IP65</td></tr><tr><td>Garantie</td><td>5 jaar</td></tr></table><p>Minimale afname 4 stuks. Projectprijs vanaf 100 stuks op aanvraag. Levering binnen 5 werkdagen.</p>",Lichtplein,ATRIA,"ATRIA,B2B,High bay UFO, dimbaar",TRUE,Title,Default Title,LP-AT146,165.00,continue,manual,TRUE,TRUE,https://lichtplein.nl/img/p/lp-at146-1-l.webp,1,active
lp-at146,,,,,,,,,,,,,,,https://lichtplein.nl/img/p/lp-at146-2-l.webp,2,
lp-at146,,,,,,,,,,,,,,,https://lichtplein.nl/img/p/lp-at146-3-l.webp,3,
lp-at146,,,,,,,,,,,,,,,https://lichtplein.nl/img/p/lp-at146-4-l.webp,4,
lp-at147,"LED high bay UFO 100W 15.000 lm 4000K, 1-10V dimbaar","<p>Compacte UFO high bay met 150 lm/W en een speciaal ontworpen aluminium behuizing. Leverbaar met 1-10V dimming of als voordelige aan/uit-uitvoering. Voor hallen, sportzalen en overdekte parkeergarages.</p><ul><li>150 lm/W</li><li>Compacte aluminium behuizing</li><li>1-10V of aan/uit</li><li>IP65</li><li>5 jaar garantie</li></ul><h3>Specificaties</h3><table><tr><td>Vermogen</td><td>100W</td></tr><tr><td>Lichtstroom</td><td>15.000 lm</td></tr><tr><td>Lichtrendement</td><td>150 lm/W</td></tr><tr><td>Kleurtemperatuur</td><td>4000K</td></tr><tr><td>Kleurweergave (CRI)</td><td>&gt; 80</td></tr><tr><td>Lichtverdeling</td><td>90°</td></tr><tr><td>Driver</td><td>Sosen</td></tr><tr><td>LED-chip</td><td>Lumileds</td></tr><tr><td>Dimming en besturing</td><td>1-10V</td></tr><tr><td>Aansluitkabel</td><td>1 m</td></tr><tr><td>IP-klasse</td><td>IP65</td></tr><tr><td>Garantie</td><td>5 jaar</td></tr></table><p>Minimale afname 8 stuks. Projectprijs vanaf 100 stuks op aanvraag. Levering binnen 5 werkdagen.</p>",Lichtplein,ATRIA,"ATRIA,B2B,High bay UFO, compact",TRUE,Title,Default Title,LP-AT147,71.29,continue,manual,TRUE,TRUE,https://lichtplein.nl/img/p/lp-at147-1-l.webp,1,active
lp-at147,,,,,,,,,,,,,,,https://lichtplein.nl/img/p/lp-at147-2-l.webp,2,
lp-at147,,,,,,,,,,,,,,,https://lichtplein.nl/img/p/lp-at147-3-l.webp,3,
lp-at147,,,,,,,,,,,,,,,https://lichtplein.nl/img/p/lp-at147-4-l.webp,4,
lp-at148,"LED high bay UFO 150W 22.500 lm 4000K, 1-10V dimbaar","<p>Compacte UFO high bay met 150 lm/W en een speciaal ontworpen aluminium behuizing. Leverbaar met 1-10V dimming of als voordelige aan/uit-uitvoering. Voor hallen, sportzalen en overdekte parkeergarages.</p><ul><li>150 lm/W</li><li>Compacte aluminium behuizing</li><li>1-10V of aan/uit</li><li>IP65</li><li>5 jaar garantie</li></ul><h3>Specificaties</h3><table><tr><td>Vermogen</td><td>150W</td></tr><tr><td>Lichtstroom</td><td>22.500 lm</td></tr><tr><td>Lichtrendement</td><td>150 lm/W</td></tr><tr><td>Kleurtemperatuur</td><td>4000K</td></tr><tr><td>Kleurweergave (CRI)</td><td>&gt; 80</td></tr><tr><td>Lichtverdeling</td><td>90°</td></tr><tr><td>Driver</td><td>Sosen</td></tr><tr><td>LED-chip</td><td>Lumileds</td></tr><tr><td>Dimming en besturing</td><td>1-10V</td></tr><tr><td>Aansluitkabel</td><td>1 m</td></tr><tr><td>IP-klasse</td><td>IP65</td></tr><tr><td>Garantie</td><td>5 jaar</td></tr></table><p>Minimale afname 6 stuks. Projectprijs vanaf 100 stuks op aanvraag. Levering binnen 5 werkdagen.</p>",Lichtplein,ATRIA,"ATRIA,B2B,High bay UFO, compact",TRUE,Title,Default Title,LP-AT148,81.39,continue,manual,TRUE,TRUE,https://lichtplein.nl/img/p/lp-at148-1-l.webp,1,active
lp-at148,,,,,,,,,,,,,,,https://lichtplein.nl/img/p/lp-at148-2-l.webp,2,
lp-at148,,,,,,,,,,,,,,,https://lichtplein.nl/img/p/lp-at148-3-l.webp,3,
lp-at148,,,,,,,,,,,,,,,https://lichtplein.nl/img/p/lp-at148-4-l.webp,4,
lp-at149,"LED high bay UFO 200W 30.000 lm 4000K, 1-10V dimbaar","<p>Compacte UFO high bay met 150 lm/W en een speciaal ontworpen aluminium behuizing. Leverbaar met 1-10V dimming of als voordelige aan/uit-uitvoering. Voor hallen, sportzalen en overdekte parkeergarages.</p><ul><li>150 lm/W</li><li>Compacte aluminium behuizing</li><li>1-10V of aan/uit</li><li>IP65</li><li>5 jaar garantie</li></ul><h3>Specificaties</h3><table><tr><td>Vermogen</td><td>200W</td></tr><tr><td>Lichtstroom</td><td>30.000 lm</td></tr><tr><td>Lichtrendement</td><td>150 lm/W</td></tr><tr><td>Kleurtemperatuur</td><td>4000K</td></tr><tr><td>Kleurweergave (CRI)</td><td>&gt; 80</td></tr><tr><td>Lichtverdeling</td><td>90°</td></tr><tr><td>Driver</td><td>Sosen</td></tr><tr><td>LED-chip</td><td>Lumileds</td></tr><tr><td>Dimming en besturing</td><td>1-10V</td></tr><tr><td>Aansluitkabel</td><td>1 m</td></tr><tr><td>IP-klasse</td><td>IP65</td></tr><tr><td>Garantie</td><td>5 jaar</td></tr></table><p>Minimale afname 5 stuks. Projectprijs vanaf 100 stuks op aanvraag. Levering binnen 5 werkdagen.</p>",Lichtplein,ATRIA,"ATRIA,B2B,High bay UFO, compact",TRUE,Title,Default Title,LP-AT149,99.39,continue,manual,TRUE,TRUE,https://lichtplein.nl/img/p/lp-at149-1-l.webp,1,active
lp-at149,,,,,,,,,,,,,,,https://lichtplein.nl/img/p/lp-at149-2-l.webp,2,
lp-at149,,,,,,,,,,,,,,,https://lichtplein.nl/img/p/lp-at149-3-l.webp,3,
lp-at149,,,,,,,,,,,,,,,https://lichtplein.nl/img/p/lp-at149-4-l.webp,4,
lp-at150,"LED high bay UFO 100W 15.000 lm 5000K, Moso-driver","<p>Compacte UFO high bay met 150 lm/W en een speciaal ontworpen aluminium behuizing. Leverbaar met 1-10V dimming of als voordelige aan/uit-uitvoering. Voor hallen, sportzalen en overdekte parkeergarages.</p><ul><li>150 lm/W</li><li>Compacte aluminium behuizing</li><li>1-10V of aan/uit</li><li>IP65</li><li>5 jaar garantie</li></ul><h3>Specificaties</h3><table><tr><td>Vermogen</td><td>100W</td></tr><tr><td>Lichtstroom</td><td>15.000 lm</td></tr><tr><td>Lichtrendement</td><td>150 lm/W</td></tr><tr><td>Kleurtemperatuur</td><td>5000K</td></tr><tr><td>Kleurweergave (CRI)</td><td>&gt; 80</td></tr><tr><td>Lichtverdeling</td><td>90°</td></tr><tr><td>Driver</td><td>Moso</td></tr><tr><td>LED-chip</td><td>Lumileds</td></tr><tr><td>Dimming en besturing</td><td>niet dimbaar</td></tr><tr><td>Aansluitkabel</td><td>0.3 m</td></tr><tr><td>IP-klasse</td><td>IP65</td></tr><tr><td>Garantie</td><td>5 jaar</td></tr></table><p>Minimale afname 8 stuks. Projectprijs vanaf 100 stuks op aanvraag. Levering binnen 5 werkdagen.</p>",Lichtplein,ATRIA,"ATRIA,B2B,High bay UFO, compact",TRUE,Title,Default Title,LP-AT150,56.89,continue,manual,TRUE,TRUE,https://lichtplein.nl/img/p/lp-at150-1-l.webp,1,active
lp-at150,,,,,,,,,,,,,,,https://lichtplein.nl/img/p/lp-at150-2-l.webp,2,
lp-at150,,,,,,,,,,,,,,,https://lichtplein.nl/img/p/lp-at150-3-l.webp,3,
lp-at150,,,,,,,,,,,,,,,https://lichtplein.nl/img/p/lp-at150-4-l.webp,4,
lp-at151,"LED high bay UFO 100W 15.000 lm 5000K, Sosen-driver","<p>Compacte UFO high bay met 150 lm/W en een speciaal ontworpen aluminium behuizing. Leverbaar met 1-10V dimming of als voordelige aan/uit-uitvoering. Voor hallen, sportzalen en overdekte parkeergarages.</p><ul><li>150 lm/W</li><li>Compacte aluminium behuizing</li><li>1-10V of aan/uit</li><li>IP65</li><li>5 jaar garantie</li></ul><h3>Specificaties</h3><table><tr><td>Vermogen</td><td>100W</td></tr><tr><td>Lichtstroom</td><td>15.000 lm</td></tr><tr><td>Lichtrendement</td><td>150 lm/W</td></tr><tr><td>Kleurtemperatuur</td><td>5000K</td></tr><tr><td>Kleurweergave (CRI)</td><td>&gt; 80</td></tr><tr><td>Lichtverdeling</td><td>90°</td></tr><tr><td>Driver</td><td>Sosen</td></tr><tr><td>LED-chip</td><td>Lumileds</td></tr><tr><td>Dimming en besturing</td><td>niet dimbaar</td></tr><tr><td>Aansluitkabel</td><td>0.3 m</td></tr><tr><td>IP-klasse</td><td>IP65</td></tr><tr><td>Garantie</td><td>5 jaar</td></tr></table><p>Minimale afname 6 stuks. Projectprijs vanaf 100 stuks op aanvraag. Levering binnen 5 werkdagen.</p>",Lichtplein,ATRIA,"ATRIA,B2B,High bay UFO, compact",TRUE,Title,Default Title,LP-AT151,71.29,continue,manual,TRUE,TRUE,https://lichtplein.nl/img/p/lp-at151-1-l.webp,1,active
lp-at151,,,,,,,,,,,,,,,https://lichtplein.nl/img/p/lp-at151-2-l.webp,2,
lp-at151,,,,,,,,,,,,,,,https://lichtplein.nl/img/p/lp-at151-3-l.webp,3,
lp-at151,,,,,,,,,,,,,,,https://lichtplein.nl/img/p/lp-at151-4-l.webp,4,
lp-at152,"LED high bay UFO 150W 22.500 lm 5000K, Moso-driver","<p>Compacte UFO high bay met 150 lm/W en een speciaal ontworpen aluminium behuizing. Leverbaar met 1-10V dimming of als voordelige aan/uit-uitvoering. Voor hallen, sportzalen en overdekte parkeergarages.</p><ul><li>150 lm/W</li><li>Compacte aluminium behuizing</li><li>1-10V of aan/uit</li><li>IP65</li><li>5 jaar garantie</li></ul><h3>Specificaties</h3><table><tr><td>Vermogen</td><td>150W</td></tr><tr><td>Lichtstroom</td><td>22.500 lm</td></tr><tr><td>Lichtrendement</td><td>150 lm/W</td></tr><tr><td>Kleurtemperatuur</td><td>5000K</td></tr><tr><td>Kleurweergave (CRI)</td><td>&gt; 80</td></tr><tr><td>Lichtverdeling</td><td>90°</td></tr><tr><td>Driver</td><td>Moso</td></tr><tr><td>LED-chip</td><td>Lumileds</td></tr><tr><td>Dimming en besturing</td><td>niet dimbaar</td></tr><tr><td>Aansluitkabel</td><td>0.3 m</td></tr><tr><td>IP-klasse</td><td>IP65</td></tr><tr><td>Garantie</td><td>5 jaar</td></tr></table><p>Minimale afname 5 stuks. Projectprijs vanaf 100 stuks op aanvraag. Levering binnen 5 werkdagen.</p>",Lichtplein,ATRIA,"ATRIA,B2B,High bay UFO, compact",TRUE,Title,Default Title,LP-AT152,66.65,continue,manual,TRUE,TRUE,https://lichtplein.nl/img/p/lp-at152-1-l.webp,1,active
lp-at152,,,,,,,,,,,,,,,https://lichtplein.nl/img/p/lp-at152-2-l.webp,2,
lp-at152,,,,,,,,,,,,,,,https://lichtplein.nl/img/p/lp-at152-3-l.webp,3,
lp-at152,,,,,,,,,,,,,,,https://lichtplein.nl/img/p/lp-at152-4-l.webp,4,
lp-at153,"LED high bay UFO 150W 22.500 lm 5000K, 1-10V dimbaar","<p>Compacte UFO high bay met 150 lm/W en een speciaal ontworpen aluminium behuizing. Leverbaar met 1-10V dimming of als voordelige aan/uit-uitvoering. Voor hallen, sportzalen en overdekte parkeergarages.</p><ul><li>150 lm/W</li><li>Compacte aluminium behuizing</li><li>1-10V of aan/uit</li><li>IP65</li><li>5 jaar garantie</li></ul><h3>Specificaties</h3><table><tr><td>Vermogen</td><td>150W</td></tr><tr><td>Lichtstroom</td><td>22.500 lm</td></tr><tr><td>Lichtrendement</td><td>150 lm/W</td></tr><tr><td>Kleurtemperatuur</td><td>5000K</td></tr><tr><td>Kleurweergave (CRI)</td><td>&gt; 80</td></tr><tr><td>Lichtverdeling</td><td>90°</td></tr><tr><td>Driver</td><td>Sosen</td></tr><tr><td>LED-chip</td><td>Lumileds</td></tr><tr><td>Dimming en besturing</td><td>1-10V</td></tr><tr><td>Aansluitkabel</td><td>1 m</td></tr><tr><td>IP-klasse</td><td>IP65</td></tr><tr><td>Garantie</td><td>5 jaar</td></tr></table><p>Minimale afname 6 stuks. Projectprijs vanaf 100 stuks op aanvraag. Levering binnen 5 werkdagen.</p>",Lichtplein,ATRIA,"ATRIA,B2B,High bay UFO, compact",TRUE,Title,Default Title,LP-AT153,81.39,continue,manual,TRUE,TRUE,https://lichtplein.nl/img/p/lp-at153-1-l.webp,1,active
lp-at153,,,,,,,,,,,,,,,https://lichtplein.nl/img/p/lp-at153-2-l.webp,2,
lp-at153,,,,,,,,,,,,,,,https://lichtplein.nl/img/p/lp-at153-3-l.webp,3,
lp-at153,,,,,,,,,,,,,,,https://lichtplein.nl/img/p/lp-at153-4-l.webp,4,
lp-at154,"LED high bay UFO 200W 30.000 lm 5000K, 1-10V dimbaar","<p>Compacte UFO high bay met 150 lm/W en een speciaal ontworpen aluminium behuizing. Leverbaar met 1-10V dimming of als voordelige aan/uit-uitvoering. Voor hallen, sportzalen en overdekte parkeergarages.</p><ul><li>150 lm/W</li><li>Compacte aluminium behuizing</li><li>1-10V of aan/uit</li><li>IP65</li><li>5 jaar garantie</li></ul><h3>Specificaties</h3><table><tr><td>Vermogen</td><td>200W</td></tr><tr><td>Lichtstroom</td><td>30.000 lm</td></tr><tr><td>Lichtrendement</td><td>150 lm/W</td></tr><tr><td>Kleurtemperatuur</td><td>5000K</td></tr><tr><td>Kleurweergave (CRI)</td><td>&gt; 80</td></tr><tr><td>Lichtverdeling</td><td>90°</td></tr><tr><td>Driver</td><td>Sosen</td></tr><tr><td>LED-chip</td><td>Lumileds</td></tr><tr><td>Dimming en besturing</td><td>1-10V</td></tr><tr><td>Aansluitkabel</td><td>1 m</td></tr><tr><td>IP-klasse</td><td>IP65</td></tr><tr><td>Garantie</td><td>5 jaar</td></tr></table><p>Minimale afname 5 stuks. Projectprijs vanaf 100 stuks op aanvraag. Levering binnen 5 werkdagen.</p>",Lichtplein,ATRIA,"ATRIA,B2B,High bay UFO, compact",TRUE,Title,Default Title,LP-AT154,99.39,continue,manual,TRUE,TRUE,https://lichtplein.nl/img/p/lp-at154-1-l.webp,1,active
lp-at154,,,,,,,,,,,,,,,https://lichtplein.nl/img/p/lp-at154-2-l.webp,2,
lp-at154,,,,,,,,,,,,,,,https://lichtplein.nl/img/p/lp-at154-3-l.webp,3,
lp-at154,,,,,,,,,,,,,,,https://lichtplein.nl/img/p/lp-at154-4-l.webp,4,
lp-at155,LED high bay UFO 100W 18.000 lm 4000K,"<p>UFO high bay met 180 lm/W en vermogen instelbaar via dipswitch: drie vermogens in één armatuur. Aansluiting voor insteeksensor, IP65 en uitstekende warmteafvoer. De zuinigste keuze voor hoge hallen.</p><ul><li>180 lm/W</li><li>Vermogen instelbaar via dipswitch</li><li>Insteeksensor optioneel</li><li>IP65</li><li>5 jaar garantie</li></ul><h3>Specificaties</h3><table><tr><td>Vermogen</td><td>100W</td></tr><tr><td>Instelbaar vermogen</td><td>60W-80W-100W</td></tr><tr><td>Lichtstroom</td><td>18.000 lm</td></tr><tr><td>Lichtrendement</td><td>180 lm/W</td></tr><tr><td>Kleurtemperatuur</td><td>4000K</td></tr><tr><td>Kleurweergave (CRI)</td><td>&gt; 80</td></tr><tr><td>Lichtverdeling</td><td>90°</td></tr><tr><td>Driver</td><td>Sosen</td></tr><tr><td>LED-chip</td><td>Lumileds</td></tr><tr><td>Aansluitkabel</td><td>1 m</td></tr><tr><td>IP-klasse</td><td>IP65</td></tr><tr><td>Garantie</td><td>5 jaar</td></tr></table><p>Minimale afname 6 stuks. Projectprijs vanaf 100 stuks op aanvraag. Levering binnen 5 werkdagen.</p>",Lichtplein,ATRIA,"ATRIA,B2B,High bay UFO, 180 lm/W",TRUE,Title,Default Title,LP-AT155,119.00,continue,manual,TRUE,TRUE,https://lichtplein.nl/img/p/lp-at155-1-l.webp,1,active
lp-at155,,,,,,,,,,,,,,,https://lichtplein.nl/img/p/lp-at155-2-l.webp,2,
lp-at155,,,,,,,,,,,,,,,https://lichtplein.nl/img/p/lp-at155-3-l.webp,3,
lp-at155,,,,,,,,,,,,,,,https://lichtplein.nl/img/p/lp-at155-4-l.webp,4,
lp-at156,LED high bay UFO 150W 27.000 lm 4000K,"<p>UFO high bay met 180 lm/W en vermogen instelbaar via dipswitch: drie vermogens in één armatuur. Aansluiting voor insteeksensor, IP65 en uitstekende warmteafvoer. De zuinigste keuze voor hoge hallen.</p><ul><li>180 lm/W</li><li>Vermogen instelbaar via dipswitch</li><li>Insteeksensor optioneel</li><li>IP65</li><li>5 jaar garantie</li></ul><h3>Specificaties</h3><table><tr><td>Vermogen</td><td>150W</td></tr><tr><td>Instelbaar vermogen</td><td>80W-120W-150W</td></tr><tr><td>Lichtstroom</td><td>27.000 lm</td></tr><tr><td>Lichtrendement</td><td>180 lm/W</td></tr><tr><td>Kleurtemperatuur</td><td>4000K</td></tr><tr><td>Kleurweergave (CRI)</td><td>&gt; 80</td></tr><tr><td>Lichtverdeling</td><td>90°</td></tr><tr><td>Driver</td><td>Sosen</td></tr><tr><td>LED-chip</td><td>Lumileds</td></tr><tr><td>Aansluitkabel</td><td>1 m</td></tr><tr><td>IP-klasse</td><td>IP65</td></tr><tr><td>Garantie</td><td>5 jaar</td></tr></table><p>Minimale afname 4 stuks. Projectprijs vanaf 100 stuks op aanvraag. Levering binnen 5 werkdagen.</p>",Lichtplein,ATRIA,"ATRIA,B2B,High bay UFO, 180 lm/W",TRUE,Title,Default Title,LP-AT156,155.00,continue,manual,TRUE,TRUE,https://lichtplein.nl/img/p/lp-at156-1-l.webp,1,active
lp-at156,,,,,,,,,,,,,,,https://lichtplein.nl/img/p/lp-at156-2-l.webp,2,
lp-at156,,,,,,,,,,,,,,,https://lichtplein.nl/img/p/lp-at156-3-l.webp,3,
lp-at156,,,,,,,,,,,,,,,https://lichtplein.nl/img/p/lp-at156-4-l.webp,4,
lp-at157,LED high bay UFO 200W 36.000 lm 4000K,"<p>UFO high bay met 180 lm/W en vermogen instelbaar via dipswitch: drie vermogens in één armatuur. Aansluiting voor insteeksensor, IP65 en uitstekende warmteafvoer. De zuinigste keuze voor hoge hallen.</p><ul><li>180 lm/W</li><li>Vermogen instelbaar via dipswitch</li><li>Insteeksensor optioneel</li><li>IP65</li><li>5 jaar garantie</li></ul><h3>Specificaties</h3><table><tr><td>Vermogen</td><td>200W</td></tr><tr><td>Instelbaar vermogen</td><td>100W-150W-200W</td></tr><tr><td>Lichtstroom</td><td>36.000 lm</td></tr><tr><td>Lichtrendement</td><td>180 lm/W</td></tr><tr><td>Kleurtemperatuur</td><td>4000K</td></tr><tr><td>Kleurweergave (CRI)</td><td>&gt; 80</td></tr><tr><td>Lichtverdeling</td><td>90°</td></tr><tr><td>Driver</td><td>Sosen</td></tr><tr><td>LED-chip</td><td>Lumileds</td></tr><tr><td>Aansluitkabel</td><td>1 m</td></tr><tr><td>IP-klasse</td><td>IP65</td></tr><tr><td>Garantie</td><td>5 jaar</td></tr></table><p>Minimale afname 4 stuks. Projectprijs vanaf 100 stuks op aanvraag. Levering binnen 5 werkdagen.</p>",Lichtplein,ATRIA,"ATRIA,B2B,High bay UFO, 180 lm/W",TRUE,Title,Default Title,LP-AT157,175.00,continue,manual,TRUE,TRUE,https://lichtplein.nl/img/p/lp-at157-1-l.webp,1,active
lp-at157,,,,,,,,,,,,,,,https://lichtplein.nl/img/p/lp-at157-2-l.webp,2,
lp-at157,,,,,,,,,,,,,,,https://lichtplein.nl/img/p/lp-at157-3-l.webp,3,
lp-at157,,,,,,,,,,,,,,,https://lichtplein.nl/img/p/lp-at157-4-l.webp,4,
lp-at158,LED high bay UFO 100W 18.000 lm 5000K,"<p>UFO high bay met 180 lm/W en vermogen instelbaar via dipswitch: drie vermogens in één armatuur. Aansluiting voor insteeksensor, IP65 en uitstekende warmteafvoer. De zuinigste keuze voor hoge hallen.</p><ul><li>180 lm/W</li><li>Vermogen instelbaar via dipswitch</li><li>Insteeksensor optioneel</li><li>IP65</li><li>5 jaar garantie</li></ul><h3>Specificaties</h3><table><tr><td>Vermogen</td><td>100W</td></tr><tr><td>Instelbaar vermogen</td><td>60W-80W-100W</td></tr><tr><td>Lichtstroom</td><td>18.000 lm</td></tr><tr><td>Lichtrendement</td><td>180 lm/W</td></tr><tr><td>Kleurtemperatuur</td><td>5000K</td></tr><tr><td>Kleurweergave (CRI)</td><td>&gt; 80</td></tr><tr><td>Lichtverdeling</td><td>90°</td></tr><tr><td>Driver</td><td>Sosen</td></tr><tr><td>LED-chip</td><td>Lumileds</td></tr><tr><td>Aansluitkabel</td><td>1 m</td></tr><tr><td>IP-klasse</td><td>IP65</td></tr><tr><td>Garantie</td><td>5 jaar</td></tr></table><p>Minimale afname 6 stuks. Projectprijs vanaf 100 stuks op aanvraag. Levering binnen 5 werkdagen.</p>",Lichtplein,ATRIA,"ATRIA,B2B,High bay UFO, 180 lm/W",TRUE,Title,Default Title,LP-AT158,119.00,continue,manual,TRUE,TRUE,https://lichtplein.nl/img/p/lp-at158-1-l.webp,1,active
lp-at158,,,,,,,,,,,,,,,https://lichtplein.nl/img/p/lp-at158-2-l.webp,2,
lp-at158,,,,,,,,,,,,,,,https://lichtplein.nl/img/p/lp-at158-3-l.webp,3,
lp-at158,,,,,,,,,,,,,,,https://lichtplein.nl/img/p/lp-at158-4-l.webp,4,
lp-at159,LED high bay UFO 150W 27.000 lm 5000K,"<p>UFO high bay met 180 lm/W en vermogen instelbaar via dipswitch: drie vermogens in één armatuur. Aansluiting voor insteeksensor, IP65 en uitstekende warmteafvoer. De zuinigste keuze voor hoge hallen.</p><ul><li>180 lm/W</li><li>Vermogen instelbaar via dipswitch</li><li>Insteeksensor optioneel</li><li>IP65</li><li>5 jaar garantie</li></ul><h3>Specificaties</h3><table><tr><td>Vermogen</td><td>150W</td></tr><tr><td>Instelbaar vermogen</td><td>80W-120W-150W</td></tr><tr><td>Lichtstroom</td><td>27.000 lm</td></tr><tr><td>Lichtrendement</td><td>180 lm/W</td></tr><tr><td>Kleurtemperatuur</td><td>5000K</td></tr><tr><td>Kleurweergave (CRI)</td><td>&gt; 80</td></tr><tr><td>Lichtverdeling</td><td>90°</td></tr><tr><td>Driver</td><td>Sosen</td></tr><tr><td>LED-chip</td><td>Lumileds</td></tr><tr><td>Aansluitkabel</td><td>1 m</td></tr><tr><td>IP-klasse</td><td>IP65</td></tr><tr><td>Garantie</td><td>5 jaar</td></tr></table><p>Minimale afname 4 stuks. Projectprijs vanaf 100 stuks op aanvraag. Levering binnen 5 werkdagen.</p>",Lichtplein,ATRIA,"ATRIA,B2B,High bay UFO, 180 lm/W",TRUE,Title,Default Title,LP-AT159,155.00,continue,manual,TRUE,TRUE,https://lichtplein.nl/img/p/lp-at159-1-l.webp,1,active
lp-at159,,,,,,,,,,,,,,,https://lichtplein.nl/img/p/lp-at159-2-l.webp,2,
lp-at159,,,,,,,,,,,,,,,https://lichtplein.nl/img/p/lp-at159-3-l.webp,3,
lp-at159,,,,,,,,,,,,,,,https://lichtplein.nl/img/p/lp-at159-4-l.webp,4,
lp-at160,LED high bay UFO 200W 36.000 lm 5000K,"<p>UFO high bay met 180 lm/W en vermogen instelbaar via dipswitch: drie vermogens in één armatuur. Aansluiting voor insteeksensor, IP65 en uitstekende warmteafvoer. De zuinigste keuze voor hoge hallen.</p><ul><li>180 lm/W</li><li>Vermogen instelbaar via dipswitch</li><li>Insteeksensor optioneel</li><li>IP65</li><li>5 jaar garantie</li></ul><h3>Specificaties</h3><table><tr><td>Vermogen</td><td>200W</td></tr><tr><td>Instelbaar vermogen</td><td>100W-150W-200W</td></tr><tr><td>Lichtstroom</td><td>36.000 lm</td></tr><tr><td>Lichtrendement</td><td>180 lm/W</td></tr><tr><td>Kleurtemperatuur</td><td>5000K</td></tr><tr><td>Kleurweergave (CRI)</td><td>&gt; 80</td></tr><tr><td>Lichtverdeling</td><td>90°</td></tr><tr><td>Driver</td><td>Sosen</td></tr><tr><td>LED-chip</td><td>Lumileds</td></tr><tr><td>Aansluitkabel</td><td>1 m</td></tr><tr><td>IP-klasse</td><td>IP65</td></tr><tr><td>Garantie</td><td>5 jaar</td></tr></table><p>Minimale afname 4 stuks. Projectprijs vanaf 100 stuks op aanvraag. Levering binnen 5 werkdagen.</p>",Lichtplein,ATRIA,"ATRIA,B2B,High bay UFO, 180 lm/W",TRUE,Title,Default Title,LP-AT160,175.00,continue,manual,TRUE,TRUE,https://lichtplein.nl/img/p/lp-at160-1-l.webp,1,active
lp-at160,,,,,,,,,,,,,,,https://lichtplein.nl/img/p/lp-at160-2-l.webp,2,
lp-at160,,,,,,,,,,,,,,,https://lichtplein.nl/img/p/lp-at160-3-l.webp,3,
lp-at160,,,,,,,,,,,,,,,https://lichtplein.nl/img/p/lp-at160-4-l.webp,4,
lp-at161,Insteeksensor PIR met daglichtsensor,<p>Insteeksensor PIR met daglichtsensor. Toebehoren voor de led high bay ufo uit de serie ATRIA.</p><ul><li>Past op de armaturen uit deze serie</li><li>Direct uit voorraad</li></ul><h3>Specificaties</h3><table><tr><td>Garantie</td><td>5 jaar</td></tr></table><p>Minimale afname 5 stuks. Projectprijs vanaf 100 stuks op aanvraag. Levering binnen 5 werkdagen.</p>,Lichtplein,ATRIA,"ATRIA,B2B,Toebehoren",TRUE,Title,Default Title,LP-AT161,24.49,continue,manual,TRUE,TRUE,https://lichtplein.nl/img/p/lp-at161-1-l.webp,1,active
lp-at161,,,,,,,,,,,,,,,https://lichtplein.nl/img/p/lp-at161-2-l.webp,2,
lp-at161,,,,,,,,,,,,,,,https://lichtplein.nl/img/p/lp-at161-3-l.webp,3,
lp-at162,Insteeksensor microgolf met daglichtsensor,<p>Insteeksensor microgolf met daglichtsensor. Toebehoren voor de led high bay ufo uit de serie ATRIA.</p><ul><li>Past op de armaturen uit deze serie</li><li>Direct uit voorraad</li></ul><h3>Specificaties</h3><table><tr><td>Garantie</td><td>5 jaar</td></tr></table><p>Minimale afname 5 stuks. Projectprijs vanaf 100 stuks op aanvraag. Levering binnen 5 werkdagen.</p>,Lichtplein,ATRIA,"ATRIA,B2B,Toebehoren",TRUE,Title,Default Title,LP-AT162,24.49,continue,manual,TRUE,TRUE,https://lichtplein.nl/img/p/lp-at162-1-l.webp,1,active
lp-at162,,,,,,,,,,,,,,,https://lichtplein.nl/img/p/lp-at162-2-l.webp,2,
lp-at162,,,,,,,,,,,,,,,https://lichtplein.nl/img/p/lp-at162-3-l.webp,3,
lp-at163,Afstandsbediening voor bewegingssensor,<p>Afstandsbediening voor bewegingssensor. Toebehoren voor de led high bay ufo uit de serie ATRIA.</p><ul><li>Past op de armaturen uit deze serie</li><li>Direct uit voorraad</li></ul><h3>Specificaties</h3><table><tr><td>Garantie</td><td>5 jaar</td></tr></table><p>Minimale afname 1 stuk. Projectprijs vanaf 100 stuks op aanvraag. Levering binnen 5 werkdagen.</p>,Lichtplein,ATRIA,"ATRIA,B2B,Toebehoren",TRUE,Title,Default Title,LP-AT163,45.05,continue,manual,TRUE,TRUE,https://lichtplein.nl/img/p/lp-at163-1-l.webp,1,active
lp-do101,Inbouwdoos steenwand,"<p>Inbouw- en opbouwdozen, lasdozen, lamphouders en installatietoebehoren. Passend bij al ons schakelmateriaal en bij de standaard Europese maatvoering.</p><ul><li>CE-gecertificeerd</li><li>Standaard Europese maatvoering</li><li>Direct uit voorraad</li></ul><p>Minimale afname 10 stuks. Projectprijs vanaf 100 stuks op aanvraag. Levering binnen 5 werkdagen.</p>",Lichtplein,CONNECT,"CONNECT,B2B,Inbouwdozen",TRUE,Title,Default Title,LP-DO101,0.75,continue,manual,TRUE,TRUE,https://lichtplein.nl/img/p/lp-do101-1-l.webp,1,active
lp-do102,"Inbouwdoos steenwand, met schroeven","<p>Inbouw- en opbouwdozen, lasdozen, lamphouders en installatietoebehoren. Passend bij al ons schakelmateriaal en bij de standaard Europese maatvoering.</p><ul><li>CE-gecertificeerd</li><li>Standaard Europese maatvoering</li><li>Direct uit voorraad</li></ul><p>Minimale afname 10 stuks. Projectprijs vanaf 100 stuks op aanvraag. Levering binnen 5 werkdagen.</p>",Lichtplein,CONNECT,"CONNECT,B2B,Inbouwdozen",TRUE,Title,Default Title,LP-DO102,1.05,continue,manual,TRUE,TRUE,https://lichtplein.nl/img/p/lp-do102-1-l.webp,1,active
lp-do103,"Inbouwdoos enkelvoudig, diepte 63 mm, wit","<p>Inbouw- en opbouwdozen, lasdozen, lamphouders en installatietoebehoren. Passend bij al ons schakelmateriaal en bij de standaard Europese maatvoering.</p><ul><li>CE-gecertificeerd</li><li>Standaard Europese maatvoering</li><li>Direct uit voorraad</li></ul><p>Minimale afname 10 stuks. Projectprijs vanaf 100 stuks op aanvraag. Levering binnen 5 werkdagen.</p>",Lichtplein,CONNECT,"CONNECT,B2B,Inbouwdozen",TRUE,Title,Default Title,LP-DO103,1.49,continue,manual,TRUE,TRUE,,,active
lp-do104,"Inbouwdoos enkelvoudig, diepte 63 mm, zwart","<p>Inbouw- en opbouwdozen, lasdozen, lamphouders en installatietoebehoren. Passend bij al ons schakelmateriaal en bij de standaard Europese maatvoering.</p><ul><li>CE-gecertificeerd</li><li>Standaard Europese maatvoering</li><li>Direct uit voorraad</li></ul><p>Minimale afname 10 stuks. Projectprijs vanaf 100 stuks op aanvraag. Levering binnen 5 werkdagen.</p>",Lichtplein,CONNECT,"CONNECT,B2B,Inbouwdozen",TRUE,Title,Default Title,LP-DO104,1.15,continue,manual,TRUE,TRUE,https://lichtplein.nl/img/p/lp-do104-1-l.webp,1,active
lp-do104,,,,,,,,,,,,,,,https://lichtplein.nl/img/p/lp-do104-2-l.webp,2,
lp-do105,"Inbouwdoos enkelvoudig, diepte 47 mm, wit","<p>Inbouw- en opbouwdozen, lasdozen, lamphouders en installatietoebehoren. Passend bij al ons schakelmateriaal en bij de standaard Europese maatvoering.</p><ul><li>CE-gecertificeerd</li><li>Standaard Europese maatvoering</li><li>Direct uit voorraad</li></ul><p>Minimale afname 10 stuks. Projectprijs vanaf 100 stuks op aanvraag. Levering binnen 5 werkdagen.</p>",Lichtplein,CONNECT,"CONNECT,B2B,Inbouwdozen",TRUE,Title,Default Title,LP-DO105,1.29,continue,manual,TRUE,TRUE,https://lichtplein.nl/img/p/lp-do105-1-l.webp,1,active
lp-do105,,,,,,,,,,,,,,,https://lichtplein.nl/img/p/lp-do105-2-l.webp,2,
lp-do105,,,,,,,,,,,,,,,https://lichtplein.nl/img/p/lp-do105-3-l.webp,3,
lp-do106,"Inbouwdoos enkelvoudig, diepte 47 mm, zwart","<p>Inbouw- en opbouwdozen, lasdozen, lamphouders en installatietoebehoren. Passend bij al ons schakelmateriaal en bij de standaard Europese maatvoering.</p><ul><li>CE-gecertificeerd</li><li>Standaard Europese maatvoering</li><li>Direct uit voorraad</li></ul><p>Minimale afname 10 stuks. Projectprijs vanaf 100 stuks op aanvraag. Levering binnen 5 werkdagen.</p>",Lichtplein,CONNECT,"CONNECT,B2B,Inbouwdozen",TRUE,Title,Default Title,LP-DO106,1.05,continue,manual,TRUE,TRUE,,,active
lp-do107,Holle-wanddoos 1-voudig,"<p>Inbouw- en opbouwdozen, lasdozen, lamphouders en installatietoebehoren. Passend bij al ons schakelmateriaal en bij de standaard Europese maatvoering.</p><ul><li>CE-gecertificeerd</li><li>Standaard Europese maatvoering</li><li>Direct uit voorraad</li></ul><h3>Specificaties</h3><table><tr><td>Kleur</td><td>groen</td></tr></table><p>Minimale afname 10 stuks. Projectprijs vanaf 100 stuks op aanvraag. Levering binnen 5 werkdagen.</p>",Lichtplein,CONNECT,"CONNECT,B2B,Inbouwdozen",TRUE,Title,Default Title,LP-DO107,1.95,continue,manual,TRUE,TRUE,https://lichtplein.nl/img/p/lp-do107-1-l.webp,1,active
lp-do107,,,,,,,,,,,,,,,https://lichtplein.nl/img/p/lp-do107-2-l.webp,2,
lp-do108,Holle-wanddoos 1-voudig,"<p>Inbouw- en opbouwdozen, lasdozen, lamphouders en installatietoebehoren. Passend bij al ons schakelmateriaal en bij de standaard Europese maatvoering.</p><ul><li>CE-gecertificeerd</li><li>Standaard Europese maatvoering</li><li>Direct uit voorraad</li></ul><h3>Specificaties</h3><table><tr><td>Kleur</td><td>groen</td></tr></table><p>Minimale afname 10 stuks. Projectprijs vanaf 100 stuks op aanvraag. Levering binnen 5 werkdagen.</p>",Lichtplein,CONNECT,"CONNECT,B2B,Inbouwdozen",TRUE,Title,Default Title,LP-DO108,1.95,continue,manual,TRUE,TRUE,https://lichtplein.nl/img/p/lp-do108-1-l.webp,1,active
lp-do108,,,,,,,,,,,,,,,https://lichtplein.nl/img/p/lp-do108-2-l.webp,2,
lp-do108,,,,,,,,,,,,,,,https://lichtplein.nl/img/p/lp-do108-3-l.webp,3,
lp-do109,"Holle-wanddoos 1-voudig, diepte 66 mm","<p>Inbouw- en opbouwdozen, lasdozen, lamphouders en installatietoebehoren. Passend bij al ons schakelmateriaal en bij de standaard Europese maatvoering.</p><ul><li>CE-gecertificeerd</li><li>Standaard Europese maatvoering</li><li>Direct uit voorraad</li></ul><h3>Specificaties</h3><table><tr><td>Kleur</td><td>groen</td></tr></table><p>Minimale afname 10 stuks. Projectprijs vanaf 100 stuks op aanvraag. Levering binnen 5 werkdagen.</p>",Lichtplein,CONNECT,"CONNECT,B2B,Inbouwdozen",TRUE,Title,Default Title,LP-DO109,2.25,continue,manual,TRUE,TRUE,https://lichtplein.nl/img/p/lp-do109-1-l.webp,1,active
lp-do109,,,,,,,,,,,,,,,https://lichtplein.nl/img/p/lp-do109-2-l.webp,2,
lp-do110,Holle-wanddoos 2-voudig,"<p>Inbouw- en opbouwdozen, lasdozen, lamphouders en installatietoebehoren. Passend bij al ons schakelmateriaal en bij de standaard Europese maatvoering.</p><ul><li>CE-gecertificeerd</li><li>Standaard Europese maatvoering</li><li>Direct uit voorraad</li></ul><h3>Specificaties</h3><table><tr><td>Kleur</td><td>groen</td></tr></table><p>Minimale afname 10 stuks. Projectprijs vanaf 100 stuks op aanvraag. Levering binnen 5 werkdagen.</p>",Lichtplein,CONNECT,"CONNECT,B2B,Inbouwdozen",TRUE,Title,Default Title,LP-DO110,3.75,continue,manual,TRUE,TRUE,https://lichtplein.nl/img/p/lp-do110-1-l.webp,1,active
lp-do110,,,,,,,,,,,,,,,https://lichtplein.nl/img/p/lp-do110-2-l.webp,2,
lp-do110,,,,,,,,,,,,,,,https://lichtplein.nl/img/p/lp-do110-3-l.webp,3,
lp-do111,Holle-wanddoos 3-voudig,"<p>Inbouw- en opbouwdozen, lasdozen, lamphouders en installatietoebehoren. Passend bij al ons schakelmateriaal en bij de standaard Europese maatvoering.</p><ul><li>CE-gecertificeerd</li><li>Standaard Europese maatvoering</li><li>Direct uit voorraad</li></ul><h3>Specificaties</h3><table><tr><td>Kleur</td><td>groen</td></tr></table><p>Minimale afname 10 stuks. Projectprijs vanaf 100 stuks op aanvraag. Levering binnen 5 werkdagen.</p>",Lichtplein,CONNECT,"CONNECT,B2B,Inbouwdozen",TRUE,Title,Default Title,LP-DO111,5.25,continue,manual,TRUE,TRUE,https://lichtplein.nl/img/p/lp-do111-1-l.webp,1,active
lp-do111,,,,,,,,,,,,,,,https://lichtplein.nl/img/p/lp-do111-2-l.webp,2,
lp-do112,Holle-wanddoos 4-voudig,"<p>Inbouw- en opbouwdozen, lasdozen, lamphouders en installatietoebehoren. Passend bij al ons schakelmateriaal en bij de standaard Europese maatvoering.</p><ul><li>CE-gecertificeerd</li><li>Standaard Europese maatvoering</li><li>Direct uit voorraad</li></ul><h3>Specificaties</h3><table><tr><td>Kleur</td><td>groen</td></tr></table><p>Minimale afname 10 stuks. Projectprijs vanaf 100 stuks op aanvraag. Levering binnen 5 werkdagen.</p>",Lichtplein,CONNECT,"CONNECT,B2B,Inbouwdozen",TRUE,Title,Default Title,LP-DO112,8.35,continue,manual,TRUE,TRUE,https://lichtplein.nl/img/p/lp-do112-1-l.webp,1,active
lp-do112,,,,,,,,,,,,,,,https://lichtplein.nl/img/p/lp-do112-2-l.webp,2,
lp-do113,Holle-wanddoos 5-voudig,"<p>Inbouw- en opbouwdozen, lasdozen, lamphouders en installatietoebehoren. Passend bij al ons schakelmateriaal en bij de standaard Europese maatvoering.</p><ul><li>CE-gecertificeerd</li><li>Standaard Europese maatvoering</li><li>Direct uit voorraad</li></ul><h3>Specificaties</h3><table><tr><td>Kleur</td><td>groen</td></tr></table><p>Minimale afname 10 stuks. Projectprijs vanaf 100 stuks op aanvraag. Levering binnen 5 werkdagen.</p>",Lichtplein,CONNECT,"CONNECT,B2B,Inbouwdozen",TRUE,Title,Default Title,LP-DO113,11.15,continue,manual,TRUE,TRUE,https://lichtplein.nl/img/p/lp-do113-1-l.webp,1,active
lp-do113,,,,,,,,,,,,,,,https://lichtplein.nl/img/p/lp-do113-2-l.webp,2,
lp-do114,Deksel voor inbouwdoos,"<p>Inbouw- en opbouwdozen, lasdozen, lamphouders en installatietoebehoren. Passend bij al ons schakelmateriaal en bij de standaard Europese maatvoering.</p><ul><li>CE-gecertificeerd</li><li>Standaard Europese maatvoering</li><li>Direct uit voorraad</li></ul><p>Minimale afname 10 stuks. Projectprijs vanaf 100 stuks op aanvraag. Levering binnen 5 werkdagen.</p>",Lichtplein,CONNECT,"CONNECT,B2B,Inbouwdozen",TRUE,Title,Default Title,LP-DO114,0.69,continue,manual,TRUE,TRUE,,,active
lp-do115,"Deksel voor inbouwdoos Ø86 mm, 2 gaten","<p>Inbouw- en opbouwdozen, lasdozen, lamphouders en installatietoebehoren. Passend bij al ons schakelmateriaal en bij de standaard Europese maatvoering.</p><ul><li>CE-gecertificeerd</li><li>Standaard Europese maatvoering</li><li>Direct uit voorraad</li></ul><p>Minimale afname 10 stuks. Projectprijs vanaf 100 stuks op aanvraag. Levering binnen 5 werkdagen.</p>",Lichtplein,CONNECT,"CONNECT,B2B,Inbouwdozen",TRUE,Title,Default Title,LP-DO115,0.75,continue,manual,TRUE,TRUE,https://lichtplein.nl/img/p/lp-do115-1-l.webp,1,active
lp-do115,,,,,,,,,,,,,,,https://lichtplein.nl/img/p/lp-do115-2-l.webp,2,
lp-do115,,,,,,,,,,,,,,,https://lichtplein.nl/img/p/lp-do115-3-l.webp,3,
lp-do115,,,,,,,,,,,,,,,https://lichtplein.nl/img/p/lp-do115-4-l.webp,4,
lp-do116,Verhogingsring voor inbouwdozen,"<p>Inbouw- en opbouwdozen, lasdozen, lamphouders en installatietoebehoren. Passend bij al ons schakelmateriaal en bij de standaard Europese maatvoering.</p><ul><li>CE-gecertificeerd</li><li>Standaard Europese maatvoering</li><li>Direct uit voorraad</li></ul><p>Minimale afname 10 stuks. Projectprijs vanaf 100 stuks op aanvraag. Levering binnen 5 werkdagen.</p>",Lichtplein,CONNECT,"CONNECT,B2B,Inbouwdozen",TRUE,Title,Default Title,LP-DO116,1.25,continue,manual,TRUE,TRUE,https://lichtplein.nl/img/p/lp-do116-1-l.webp,1,active
lp-do117,Kinderbeveiliging voor wandcontactdozen (5 stuks),"<p>Inbouw- en opbouwdozen, lasdozen, lamphouders en installatietoebehoren. Passend bij al ons schakelmateriaal en bij de standaard Europese maatvoering.</p><ul><li>CE-gecertificeerd</li><li>Standaard Europese maatvoering</li><li>Direct uit voorraad</li></ul><p>Minimale afname 10 stuks. Projectprijs vanaf 100 stuks op aanvraag. Levering binnen 5 werkdagen.</p>",Lichtplein,CONNECT,"CONNECT,B2B,Overig",TRUE,Title,Default Title,LP-DO117,5.49,continue,manual,TRUE,TRUE,,,active
lp-do118,Opbouw aansluitdoos,"<p>Inbouw- en opbouwdozen, lasdozen, lamphouders en installatietoebehoren. Passend bij al ons schakelmateriaal en bij de standaard Europese maatvoering.</p><ul><li>CE-gecertificeerd</li><li>Standaard Europese maatvoering</li><li>Direct uit voorraad</li></ul><h3>Specificaties</h3><table><tr><td>Afmetingen</td><td>60 x 60 mm</td></tr></table><p>Minimale afname 10 stuks. Projectprijs vanaf 100 stuks op aanvraag. Levering binnen 5 werkdagen.</p>",Lichtplein,CONNECT,"CONNECT,B2B,Opbouwdozen",TRUE,Title,Default Title,LP-DO118,2.19,continue,manual,TRUE,TRUE,https://lichtplein.nl/img/p/lp-do118-1-l.webp,1,active
lp-do118,,,,,,,,,,,,,,,https://lichtplein.nl/img/p/lp-do118-2-l.webp,2,
lp-do119,Opbouw aansluitdoos,"<p>Inbouw- en opbouwdozen, lasdozen, lamphouders en installatietoebehoren. Passend bij al ons schakelmateriaal en bij de standaard Europese maatvoering.</p><ul><li>CE-gecertificeerd</li><li>Standaard Europese maatvoering</li><li>Direct uit voorraad</li></ul><h3>Specificaties</h3><table><tr><td>Afmetingen</td><td>81 x 81 mm</td></tr></table><p>Minimale afname 10 stuks. Projectprijs vanaf 100 stuks op aanvraag. Levering binnen 5 werkdagen.</p>",Lichtplein,CONNECT,"CONNECT,B2B,Opbouwdozen",TRUE,Title,Default Title,LP-DO119,2.65,continue,manual,TRUE,TRUE,https://lichtplein.nl/img/p/lp-do119-1-l.webp,1,active
lp-do119,,,,,,,,,,,,,,,https://lichtplein.nl/img/p/lp-do119-2-l.webp,2,
lp-do120,Opbouw aansluitdoos,"<p>Inbouw- en opbouwdozen, lasdozen, lamphouders en installatietoebehoren. Passend bij al ons schakelmateriaal en bij de standaard Europese maatvoering.</p><ul><li>CE-gecertificeerd</li><li>Standaard Europese maatvoering</li><li>Direct uit voorraad</li></ul><h3>Specificaties</h3><table><tr><td>Afmetingen</td><td>81 x 81 mm</td></tr></table><p>Minimale afname 10 stuks. Projectprijs vanaf 100 stuks op aanvraag. Levering binnen 5 werkdagen.</p>",Lichtplein,CONNECT,"CONNECT,B2B,Opbouwdozen",TRUE,Title,Default Title,LP-DO120,5.79,continue,manual,TRUE,TRUE,https://lichtplein.nl/img/p/lp-do120-1-l.webp,1,active
lp-do121,Opbouw aansluitdoos,"<p>Inbouw- en opbouwdozen, lasdozen, lamphouders en installatietoebehoren. Passend bij al ons schakelmateriaal en bij de standaard Europese maatvoering.</p><ul><li>CE-gecertificeerd</li><li>Standaard Europese maatvoering</li><li>Direct uit voorraad</li></ul><h3>Specificaties</h3><table><tr><td>Afmetingen</td><td>60 x 60 mm</td></tr></table><p>Minimale afname 10 stuks. Projectprijs vanaf 100 stuks op aanvraag. Levering binnen 5 werkdagen.</p>",Lichtplein,CONNECT,"CONNECT,B2B,Opbouwdozen",TRUE,Title,Default Title,LP-DO121,2.25,continue,manual,TRUE,TRUE,https://lichtplein.nl/img/p/lp-do121-1-l.webp,1,active
lp-do121,,,,,,,,,,,,,,,https://lichtplein.nl/img/p/lp-do121-2-l.webp,2,
lp-do122,Opbouw aansluitdoos,"<p>Inbouw- en opbouwdozen, lasdozen, lamphouders en installatietoebehoren. Passend bij al ons schakelmateriaal en bij de standaard Europese maatvoering.</p><ul><li>CE-gecertificeerd</li><li>Standaard Europese maatvoering</li><li>Direct uit voorraad</li></ul><h3>Specificaties</h3><table><tr><td>Afmetingen</td><td>60 x 60 mm</td></tr></table><p>Minimale afname 10 stuks. Projectprijs vanaf 100 stuks op aanvraag. Levering binnen 5 werkdagen.</p>",Lichtplein,CONNECT,"CONNECT,B2B,Opbouwdozen",TRUE,Title,Default Title,LP-DO122,5.39,continue,manual,TRUE,TRUE,https://lichtplein.nl/img/p/lp-do122-1-l.webp,1,active
lp-do123,Opbouw aansluitdoos,"<p>Inbouw- en opbouwdozen, lasdozen, lamphouders en installatietoebehoren. Passend bij al ons schakelmateriaal en bij de standaard Europese maatvoering.</p><ul><li>CE-gecertificeerd</li><li>Standaard Europese maatvoering</li><li>Direct uit voorraad</li></ul><h3>Specificaties</h3><table><tr><td>Afmetingen</td><td>81 x 81 mm</td></tr></table><p>Minimale afname 10 stuks. Projectprijs vanaf 100 stuks op aanvraag. Levering binnen 5 werkdagen.</p>",Lichtplein,CONNECT,"CONNECT,B2B,Opbouwdozen",TRUE,Title,Default Title,LP-DO123,2.65,continue,manual,TRUE,TRUE,https://lichtplein.nl/img/p/lp-do123-1-l.webp,1,active
lp-do123,,,,,,,,,,,,,,,https://lichtplein.nl/img/p/lp-do123-2-l.webp,2,
lp-do124,"Opbouw lasdoos IP54, grijs","<p>Inbouw- en opbouwdozen, lasdozen, lamphouders en installatietoebehoren. Passend bij al ons schakelmateriaal en bij de standaard Europese maatvoering.</p><ul><li>CE-gecertificeerd</li><li>Standaard Europese maatvoering</li><li>Direct uit voorraad</li></ul><h3>Specificaties</h3><table><tr><td>IP-klasse</td><td>IP54</td></tr></table><p>Minimale afname 10 stuks. Projectprijs vanaf 100 stuks op aanvraag. Levering binnen 5 werkdagen.</p>",Lichtplein,CONNECT,"CONNECT,B2B,Lasdozen",TRUE,Title,Default Title,LP-DO124,1.85,continue,manual,TRUE,TRUE,https://lichtplein.nl/img/p/lp-do124-1-l.webp,1,active
lp-do125,"Opbouw lasdoos IP54, grijs","<p>Inbouw- en opbouwdozen, lasdozen, lamphouders en installatietoebehoren. Passend bij al ons schakelmateriaal en bij de standaard Europese maatvoering.</p><ul><li>CE-gecertificeerd</li><li>Standaard Europese maatvoering</li><li>Direct uit voorraad</li></ul><h3>Specificaties</h3><table><tr><td>IP-klasse</td><td>IP54</td></tr></table><p>Minimale afname 10 stuks. Projectprijs vanaf 100 stuks op aanvraag. Levering binnen 5 werkdagen.</p>",Lichtplein,CONNECT,"CONNECT,B2B,Lasdozen",TRUE,Title,Default Title,LP-DO125,1.95,continue,manual,TRUE,TRUE,https://lichtplein.nl/img/p/lp-do125-1-l.webp,1,active
lp-do125,,,,,,,,,,,,,,,https://lichtplein.nl/img/p/lp-do125-2-l.webp,2,
lp-do125,,,,,,,,,,,,,,,https://lichtplein.nl/img/p/lp-do125-3-l.webp,3,
lp-do126,"Opbouw lasdoos IP54, grijs","<p>Inbouw- en opbouwdozen, lasdozen, lamphouders en installatietoebehoren. Passend bij al ons schakelmateriaal en bij de standaard Europese maatvoering.</p><ul><li>CE-gecertificeerd</li><li>Standaard Europese maatvoering</li><li>Direct uit voorraad</li></ul><h3>Specificaties</h3><table><tr><td>IP-klasse</td><td>IP54</td></tr></table><p>Minimale afname 10 stuks. Projectprijs vanaf 100 stuks op aanvraag. Levering binnen 5 werkdagen.</p>",Lichtplein,CONNECT,"CONNECT,B2B,Lasdozen",TRUE,Title,Default Title,LP-DO126,2.15,continue,manual,TRUE,TRUE,https://lichtplein.nl/img/p/lp-do126-1-l.webp,1,active
lp-do126,,,,,,,,,,,,,,,https://lichtplein.nl/img/p/lp-do126-2-l.webp,2,
lp-do126,,,,,,,,,,,,,,,https://lichtplein.nl/img/p/lp-do126-3-l.webp,3,
lp-do127,"Pendel met lamphouder E27, 60 cm, wit","<p>Inbouw- en opbouwdozen, lasdozen, lamphouders en installatietoebehoren. Passend bij al ons schakelmateriaal en bij de standaard Europese maatvoering.</p><ul><li>CE-gecertificeerd</li><li>Standaard Europese maatvoering</li><li>Direct uit voorraad</li></ul><h3>Specificaties</h3><table><tr><td>Kleur</td><td>wit</td></tr></table><p>Minimale afname 10 stuks. Projectprijs vanaf 100 stuks op aanvraag. Levering binnen 5 werkdagen.</p>",Lichtplein,CONNECT,"CONNECT,B2B,Lamphouders",TRUE,Title,Default Title,LP-DO127,9.39,continue,manual,TRUE,TRUE,https://lichtplein.nl/img/p/lp-do127-1-l.webp,1,active
lp-do128,"Pendel met lamphouder E27, 70 cm, wit","<p>Inbouw- en opbouwdozen, lasdozen, lamphouders en installatietoebehoren. Passend bij al ons schakelmateriaal en bij de standaard Europese maatvoering.</p><ul><li>CE-gecertificeerd</li><li>Standaard Europese maatvoering</li><li>Direct uit voorraad</li></ul><h3>Specificaties</h3><table><tr><td>Kleur</td><td>wit</td></tr></table><p>Minimale afname 10 stuks. Projectprijs vanaf 100 stuks op aanvraag. Levering binnen 5 werkdagen.</p>",Lichtplein,CONNECT,"CONNECT,B2B,Lamphouders",TRUE,Title,Default Title,LP-DO128,8.65,continue,manual,TRUE,TRUE,https://lichtplein.nl/img/p/lp-do128-1-l.webp,1,active
lp-do129,"Pendel met lamphouder E27, 70 cm, zwart","<p>Inbouw- en opbouwdozen, lasdozen, lamphouders en installatietoebehoren. Passend bij al ons schakelmateriaal en bij de standaard Europese maatvoering.</p><ul><li>CE-gecertificeerd</li><li>Standaard Europese maatvoering</li><li>Direct uit voorraad</li></ul><h3>Specificaties</h3><table><tr><td>Kleur</td><td>zwart</td></tr></table><p>Minimale afname 10 stuks. Projectprijs vanaf 100 stuks op aanvraag. Levering binnen 5 werkdagen.</p>",Lichtplein,CONNECT,"CONNECT,B2B,Lamphouders",TRUE,Title,Default Title,LP-DO129,8.65,continue,manual,TRUE,TRUE,https://lichtplein.nl/img/p/lp-do129-1-l.webp,1,active
lp-do130,"Pendel met lamphouder E14, 70 cm, wit","<p>Inbouw- en opbouwdozen, lasdozen, lamphouders en installatietoebehoren. Passend bij al ons schakelmateriaal en bij de standaard Europese maatvoering.</p><ul><li>CE-gecertificeerd</li><li>Standaard Europese maatvoering</li><li>Direct uit voorraad</li></ul><h3>Specificaties</h3><table><tr><td>Kleur</td><td>wit</td></tr></table><p>Minimale afname 10 stuks. Projectprijs vanaf 100 stuks op aanvraag. Levering binnen 5 werkdagen.</p>",Lichtplein,CONNECT,"CONNECT,B2B,Lamphouders",TRUE,Title,Default Title,LP-DO130,7.89,continue,manual,TRUE,TRUE,https://lichtplein.nl/img/p/lp-do130-1-l.webp,1,active
lp-do131,"Renovatiefitting E27, 20 cm, wit","<p>Inbouw- en opbouwdozen, lasdozen, lamphouders en installatietoebehoren. Passend bij al ons schakelmateriaal en bij de standaard Europese maatvoering.</p><ul><li>CE-gecertificeerd</li><li>Standaard Europese maatvoering</li><li>Direct uit voorraad</li></ul><h3>Specificaties</h3><table><tr><td>Kleur</td><td>wit</td></tr></table><p>Minimale afname 10 stuks. Projectprijs vanaf 100 stuks op aanvraag. Levering binnen 5 werkdagen.</p>",Lichtplein,CONNECT,"CONNECT,B2B,Lamphouders",TRUE,Title,Default Title,LP-DO131,4.29,continue,manual,TRUE,TRUE,https://lichtplein.nl/img/p/lp-do131-1-l.webp,1,active
lp-do132,"Renovatiefitting E27, 20 cm, zwart","<p>Inbouw- en opbouwdozen, lasdozen, lamphouders en installatietoebehoren. Passend bij al ons schakelmateriaal en bij de standaard Europese maatvoering.</p><ul><li>CE-gecertificeerd</li><li>Standaard Europese maatvoering</li><li>Direct uit voorraad</li></ul><h3>Specificaties</h3><table><tr><td>Kleur</td><td>zwart</td></tr></table><p>Minimale afname 10 stuks. Projectprijs vanaf 100 stuks op aanvraag. Levering binnen 5 werkdagen.</p>",Lichtplein,CONNECT,"CONNECT,B2B,Lamphouders",TRUE,Title,Default Title,LP-DO132,4.29,continue,manual,TRUE,TRUE,https://lichtplein.nl/img/p/lp-do132-1-l.webp,1,active
lp-do133,"Renovatiefitting E14, 20 cm, wit","<p>Inbouw- en opbouwdozen, lasdozen, lamphouders en installatietoebehoren. Passend bij al ons schakelmateriaal en bij de standaard Europese maatvoering.</p><ul><li>CE-gecertificeerd</li><li>Standaard Europese maatvoering</li><li>Direct uit voorraad</li></ul><h3>Specificaties</h3><table><tr><td>Kleur</td><td>wit</td></tr></table><p>Minimale afname 10 stuks. Projectprijs vanaf 100 stuks op aanvraag. Levering binnen 5 werkdagen.</p>",Lichtplein,CONNECT,"CONNECT,B2B,Lamphouders",TRUE,Title,Default Title,LP-DO133,4.29,continue,manual,TRUE,TRUE,https://lichtplein.nl/img/p/lp-do133-1-l.webp,1,active
lp-do134,"Renovatiefitting E14, 20 cm, zwart","<p>Inbouw- en opbouwdozen, lasdozen, lamphouders en installatietoebehoren. Passend bij al ons schakelmateriaal en bij de standaard Europese maatvoering.</p><ul><li>CE-gecertificeerd</li><li>Standaard Europese maatvoering</li><li>Direct uit voorraad</li></ul><h3>Specificaties</h3><table><tr><td>Kleur</td><td>zwart</td></tr></table><p>Minimale afname 10 stuks. Projectprijs vanaf 100 stuks op aanvraag. Levering binnen 5 werkdagen.</p>",Lichtplein,CONNECT,"CONNECT,B2B,Lamphouders",TRUE,Title,Default Title,LP-DO134,4.29,continue,manual,TRUE,TRUE,https://lichtplein.nl/img/p/lp-do134-1-l.webp,1,active
lp-ex101,LED explosieveilige high bay 100W 17.000 lm 5000K,"<p>Explosieveilige LED high bay voor zone 1 en 2 (gas) en zone 21 en 22 (stof), ATEX en IECEx gecertificeerd. CREE-leds, Meanwell-driver en 100 graden optiek. Voor chemie, olie en gas, graanverwerking en lakstraten.</p><ul><li>ATEX zone 1/2 en 21/22</li><li>IECEx</li><li>CREE-leds, Meanwell-driver</li><li>Aansluitdoos en wartels apart</li><li>5 jaar garantie</li></ul><h3>Specificaties</h3><table><tr><td>Vermogen</td><td>100W</td></tr><tr><td>Lichtstroom</td><td>17.000 lm</td></tr><tr><td>Kleurtemperatuur</td><td>5000K</td></tr><tr><td>Kleurweergave (CRI)</td><td>&gt; 80</td></tr><tr><td>Lichtverdeling</td><td>100°</td></tr><tr><td>Driver</td><td>Meanwell</td></tr><tr><td>LED-chip</td><td>CREE</td></tr><tr><td>Dimming en besturing</td><td>niet dimbaar</td></tr><tr><td>Aansluitkabel</td><td>1 m</td></tr><tr><td>IP-klasse</td><td>IP65</td></tr><tr><td>ATEX-zones</td><td>Zone 1, 2, 21, 22</td></tr><tr><td>Garantie</td><td>5 jaar</td></tr></table><p>Minimale afname 2 stuks. Projectprijs vanaf 100 stuks op aanvraag. Levering binnen 5 werkdagen.</p>",Lichtplein,EXORA,"EXORA,B2B,Zone 1/21 high bay",TRUE,Title,Default Title,LP-EX101,705.00,continue,manual,TRUE,TRUE,https://lichtplein.nl/img/p/lp-ex101-1-l.webp,1,active
lp-ex101,,,,,,,,,,,,,,,https://lichtplein.nl/img/p/lp-ex101-2-l.webp,2,
lp-ex101,,,,,,,,,,,,,,,https://lichtplein.nl/img/p/lp-ex101-3-l.webp,3,
lp-ex101,,,,,,,,,,,,,,,https://lichtplein.nl/img/p/lp-ex101-4-l.webp,4,
lp-ex102,LED explosieveilige high bay 200W 32.000 lm 5000K,"<p>Explosieveilige LED high bay voor zone 1 en 2 (gas) en zone 21 en 22 (stof), ATEX en IECEx gecertificeerd. CREE-leds, Meanwell-driver en 100 graden optiek. Voor chemie, olie en gas, graanverwerking en lakstraten.</p><ul><li>ATEX zone 1/2 en 21/22</li><li>IECEx</li><li>CREE-leds, Meanwell-driver</li><li>Aansluitdoos en wartels apart</li><li>5 jaar garantie</li></ul><h3>Specificaties</h3><table><tr><td>Vermogen</td><td>200W</td></tr><tr><td>Lichtstroom</td><td>32.000 lm</td></tr><tr><td>Kleurtemperatuur</td><td>5000K</td></tr><tr><td>Kleurweergave (CRI)</td><td>&gt; 80</td></tr><tr><td>Lichtverdeling</td><td>100°</td></tr><tr><td>Driver</td><td>Meanwell</td></tr><tr><td>LED-chip</td><td>CREE</td></tr><tr><td>Dimming en besturing</td><td>niet dimbaar</td></tr><tr><td>Aansluitkabel</td><td>1 m</td></tr><tr><td>IP-klasse</td><td>IP65</td></tr><tr><td>ATEX-zones</td><td>Zone 1, 2, 21, 22</td></tr><tr><td>Garantie</td><td>5 jaar</td></tr></table><p>Minimale afname 2 stuks. Projectprijs vanaf 100 stuks op aanvraag. Levering binnen 5 werkdagen.</p>",Lichtplein,EXORA,"EXORA,B2B,Zone 1/21 high bay",TRUE,Title,Default Title,LP-EX102,849.00,continue,manual,TRUE,TRUE,https://lichtplein.nl/img/p/lp-ex102-1-l.webp,1,active
lp-ex102,,,,,,,,,,,,,,,https://lichtplein.nl/img/p/lp-ex102-2-l.webp,2,
lp-ex102,,,,,,,,,,,,,,,https://lichtplein.nl/img/p/lp-ex102-3-l.webp,3,
lp-ex102,,,,,,,,,,,,,,,https://lichtplein.nl/img/p/lp-ex102-4-l.webp,4,
lp-ex103,Explosieveilige aansluitdoos met 2 eindpluggen,<p>Explosieveilige aansluitdoos met 2 eindpluggen. Toebehoren voor de led explosieveilige high bay uit de serie EXORA.</p><ul><li>Past op de armaturen uit deze serie</li><li>Direct uit voorraad</li></ul><h3>Specificaties</h3><table><tr><td>Garantie</td><td>5 jaar</td></tr></table><p>Minimale afname 4 stuks. Projectprijs vanaf 100 stuks op aanvraag. Levering binnen 5 werkdagen.</p>,Lichtplein,EXORA,"EXORA,B2B,Toebehoren",TRUE,Title,Default Title,LP-EX103,189.00,continue,manual,TRUE,TRUE,https://lichtplein.nl/img/p/lp-ex103-1-l.webp,1,active
lp-ex104,"Kabelwartel M25x1,5, messing vernikkeld","<p>Kabelwartel M25x1,5, messing vernikkeld. Toebehoren voor de led explosieveilige high bay uit de serie EXORA.</p><ul><li>Past op de armaturen uit deze serie</li><li>Direct uit voorraad</li></ul><h3>Specificaties</h3><table><tr><td>Garantie</td><td>5 jaar</td></tr></table><p>Minimale afname 10 stuks. Projectprijs vanaf 100 stuks op aanvraag. Levering binnen 5 werkdagen.</p>",Lichtplein,EXORA,"EXORA,B2B,Toebehoren",TRUE,Title,Default Title,LP-EX104,64.85,continue,manual,TRUE,TRUE,https://lichtplein.nl/img/p/lp-ex104-1-l.webp,1,active
lp-ex105,LED explosieveilige lijnarmatuur 40W 6.400 lm 5000K,"<p>Explosieveilige LED lijnarmatuur voor zone 2 en zone 21/22, ATEX en IECEx gecertificeerd. Tridonic-driver, Bridgelux-leds, doorlusbaar met 3x2,5 mm2 en meerdere montagebeugels. Voor tankstations, scheepswerven, papierfabrieken en mijnbouw.</p><ul><li>ATEX zone 2 en 21/22</li><li>Doorlusbaar</li><li>Tridonic-driver</li><li>Noodunit optioneel</li><li>5 jaar garantie</li></ul><h3>Specificaties</h3><table><tr><td>Vermogen</td><td>40W</td></tr><tr><td>Lichtstroom</td><td>6.400 lm</td></tr><tr><td>Kleurtemperatuur</td><td>5000K</td></tr><tr><td>Kleurweergave (CRI)</td><td>&gt; 80</td></tr><tr><td>Lichtverdeling</td><td>120°</td></tr><tr><td>Driver</td><td>Tridonic</td></tr><tr><td>LED-chip</td><td>Bridgelux</td></tr><tr><td>Lengte</td><td>0.6 m</td></tr><tr><td>Doorlusbekabeling</td><td>3x2.5 mm²</td></tr><tr><td>IP-klasse</td><td>IP65</td></tr><tr><td>ATEX-zones</td><td>Zone 2, 21, 22</td></tr><tr><td>Garantie</td><td>5 jaar</td></tr></table><p>Minimale afname 4 stuks. Projectprijs vanaf 100 stuks op aanvraag. Levering binnen 5 werkdagen.</p>",Lichtplein,EXORA,"EXORA,B2B,Zone 2/22 lijnarmatuur",TRUE,Title,Default Title,LP-EX105,399.00,continue,manual,TRUE,TRUE,https://lichtplein.nl/img/p/lp-ex105-1-l.webp,1,active
lp-ex105,,,,,,,,,,,,,,,https://lichtplein.nl/img/p/lp-ex105-2-l.webp,2,
lp-ex105,,,,,,,,,,,,,,,https://lichtplein.nl/img/p/lp-ex105-3-l.webp,3,
lp-ex105,,,,,,,,,,,,,,,https://lichtplein.nl/img/p/lp-ex105-4-l.webp,4,
lp-ex106,LED explosieveilige lijnarmatuur 60W 9.600 lm 5000K,"<p>Explosieveilige LED lijnarmatuur voor zone 2 en zone 21/22, ATEX en IECEx gecertificeerd. Tridonic-driver, Bridgelux-leds, doorlusbaar met 3x2,5 mm2 en meerdere montagebeugels. Voor tankstations, scheepswerven, papierfabrieken en mijnbouw.</p><ul><li>ATEX zone 2 en 21/22</li><li>Doorlusbaar</li><li>Tridonic-driver</li><li>Noodunit optioneel</li><li>5 jaar garantie</li></ul><h3>Specificaties</h3><table><tr><td>Vermogen</td><td>60W</td></tr><tr><td>Lichtstroom</td><td>9.600 lm</td></tr><tr><td>Kleurtemperatuur</td><td>5000K</td></tr><tr><td>Kleurweergave (CRI)</td><td>&gt; 80</td></tr><tr><td>Lichtverdeling</td><td>120°</td></tr><tr><td>Driver</td><td>Tridonic</td></tr><tr><td>LED-chip</td><td>Bridgelux</td></tr><tr><td>Lengte</td><td>1.2 m</td></tr><tr><td>Doorlusbekabeling</td><td>3x2.5 mm²</td></tr><tr><td>IP-klasse</td><td>IP65</td></tr><tr><td>ATEX-zones</td><td>Zone 2, 21, 22</td></tr><tr><td>Garantie</td><td>5 jaar</td></tr></table><p>Minimale afname 4 stuks. Projectprijs vanaf 100 stuks op aanvraag. Levering binnen 5 werkdagen.</p>",Lichtplein,EXORA,"EXORA,B2B,Zone 2/22 lijnarmatuur",TRUE,Title,Default Title,LP-EX106,525.00,continue,manual,TRUE,TRUE,https://lichtplein.nl/img/p/lp-ex106-1-l.webp,1,active
lp-ex106,,,,,,,,,,,,,,,https://lichtplein.nl/img/p/lp-ex106-2-l.webp,2,
lp-ex106,,,,,,,,,,,,,,,https://lichtplein.nl/img/p/lp-ex106-3-l.webp,3,
lp-ex106,,,,,,,,,,,,,,,https://lichtplein.nl/img/p/lp-ex106-4-l.webp,4,
lp-ex107,"LED explosieveilige schijnwerper 100W 17.000 lm 5000K, optiek Type II","<p>Explosieveilige LED schijnwerper voor zone 1 en 2 en zone 21 en 22, ATEX en IECEx gecertificeerd. CREE-leds, Sosen-driver, IP66, IK10 en AkzoNobel-coating. Verstelbare beugel en meerdere optieken.</p><ul><li>ATEX zone 1/2 en 21/22</li><li>IP66, IK10</li><li>CREE-leds</li><li>AkzoNobel-coating</li><li>5 jaar garantie</li></ul><h3>Specificaties</h3><table><tr><td>Vermogen</td><td>100W</td></tr><tr><td>Lichtstroom</td><td>17.000 lm</td></tr><tr><td>Kleurtemperatuur</td><td>5000K</td></tr><tr><td>Kleurweergave (CRI)</td><td>&gt; 70</td></tr><tr><td>Lichtverdeling</td><td>Type II</td></tr><tr><td>Driver</td><td>Sosen</td></tr><tr><td>LED-chip</td><td>CREE</td></tr><tr><td>Dimming en besturing</td><td>niet dimbaar</td></tr><tr><td>IP-klasse</td><td>IP66</td></tr><tr><td>Slagvastheid</td><td>IK10</td></tr><tr><td>ATEX-zones</td><td>Zone 1, 2, 21, 22</td></tr><tr><td>Garantie</td><td>5 jaar</td></tr></table><p>Minimale afname 1 stuk. Projectprijs vanaf 100 stuks op aanvraag. Levering binnen 5 werkdagen.</p>",Lichtplein,EXORA,"EXORA,B2B,Zone 1/21 schijnwerper",TRUE,Title,Default Title,LP-EX107,735.00,continue,manual,TRUE,TRUE,https://lichtplein.nl/img/p/lp-ex107-1-l.webp,1,active
lp-ex107,,,,,,,,,,,,,,,https://lichtplein.nl/img/p/lp-ex107-2-l.webp,2,
lp-ex107,,,,,,,,,,,,,,,https://lichtplein.nl/img/p/lp-ex107-3-l.webp,3,
lp-ex107,,,,,,,,,,,,,,,https://lichtplein.nl/img/p/lp-ex107-4-l.webp,4,
lp-ex108,"LED explosieveilige schijnwerper 200W 32.000 lm 5000K, optiek Type II","<p>Explosieveilige LED schijnwerper voor zone 1 en 2 en zone 21 en 22, ATEX en IECEx gecertificeerd. CREE-leds, Sosen-driver, IP66, IK10 en AkzoNobel-coating. Verstelbare beugel en meerdere optieken.</p><ul><li>ATEX zone 1/2 en 21/22</li><li>IP66, IK10</li><li>CREE-leds</li><li>AkzoNobel-coating</li><li>5 jaar garantie</li></ul><h3>Specificaties</h3><table><tr><td>Vermogen</td><td>200W</td></tr><tr><td>Lichtstroom</td><td>32.000 lm</td></tr><tr><td>Kleurtemperatuur</td><td>5000K</td></tr><tr><td>Kleurweergave (CRI)</td><td>&gt; 70</td></tr><tr><td>Lichtverdeling</td><td>Type II</td></tr><tr><td>Driver</td><td>Sosen</td></tr><tr><td>LED-chip</td><td>CREE</td></tr><tr><td>Dimming en besturing</td><td>niet dimbaar</td></tr><tr><td>IP-klasse</td><td>IP66</td></tr><tr><td>Slagvastheid</td><td>IK10</td></tr><tr><td>ATEX-zones</td><td>Zone 1, 2, 21, 22</td></tr><tr><td>Garantie</td><td>5 jaar</td></tr></table><p>Minimale afname 1 stuk. Projectprijs vanaf 100 stuks op aanvraag. Levering binnen 5 werkdagen.</p>",Lichtplein,EXORA,"EXORA,B2B,Zone 1/21 schijnwerper",TRUE,Title,Default Title,LP-EX108,819.00,continue,manual,TRUE,TRUE,https://lichtplein.nl/img/p/lp-ex108-1-l.webp,1,active
lp-ex108,,,,,,,,,,,,,,,https://lichtplein.nl/img/p/lp-ex108-2-l.webp,2,
lp-ex108,,,,,,,,,,,,,,,https://lichtplein.nl/img/p/lp-ex108-3-l.webp,3,
lp-ex108,,,,,,,,,,,,,,,https://lichtplein.nl/img/p/lp-ex108-4-l.webp,4,
lp-fx101,LED schijnwerper compact 30W 4.000 lm 2700K,"<p>Compacte LED schijnwerper van gegoten aluminium (ADC12) met Lumileds-leds en 150 lm/W. Optioneel een insteeksensor (PIR of microgolf) die in tien seconden gemonteerd is. Voor gevels, opritten, terreinen en bouwplaatsen.</p><ul><li>150 lm/W</li><li>Insteeksensor optioneel</li><li>Gegoten aluminium</li><li>IP66</li><li>3 jaar garantie</li></ul><h3>Specificaties</h3><table><tr><td>Vermogen</td><td>30W</td></tr><tr><td>Lichtstroom</td><td>4.000 lm</td></tr><tr><td>Lichtrendement</td><td>150 lm/W</td></tr><tr><td>Kleurtemperatuur</td><td>2700K</td></tr><tr><td>Kleurweergave (CRI)</td><td>&gt; 70</td></tr><tr><td>Lichtverdeling</td><td>120°</td></tr><tr><td>Driver</td><td>Done</td></tr><tr><td>LED-chip</td><td>Lumileds</td></tr><tr><td>Dimming en besturing</td><td>niet dimbaar</td></tr><tr><td>Sensor</td><td>Insteeksensor optioneel</td></tr><tr><td>Aansluitkabel</td><td>1 m</td></tr><tr><td>IP-klasse</td><td>IP66</td></tr><tr><td>Garantie</td><td>3 jaar</td></tr></table><p>Minimale afname 5 stuks. Projectprijs vanaf 100 stuks op aanvraag. Levering binnen 5 werkdagen.</p>",Lichtplein,FLUX,"FLUX,B2B,Schijnwerpers 30-50W",TRUE,Title,Default Title,LP-FX101,57.25,continue,manual,TRUE,TRUE,https://lichtplein.nl/img/p/lp-fx101-1-l.webp,1,active
lp-fx101,,,,,,,,,,,,,,,https://lichtplein.nl/img/p/lp-fx101-2-l.webp,2,
lp-fx101,,,,,,,,,,,,,,,https://lichtplein.nl/img/p/lp-fx101-3-l.webp,3,
lp-fx101,,,,,,,,,,,,,,,https://lichtplein.nl/img/p/lp-fx101-4-l.webp,4,
lp-fx102,LED schijnwerper compact 50W 6.500 lm 2700K,"<p>Compacte LED schijnwerper van gegoten aluminium (ADC12) met Lumileds-leds en 150 lm/W. Optioneel een insteeksensor (PIR of microgolf) die in tien seconden gemonteerd is. Voor gevels, opritten, terreinen en bouwplaatsen.</p><ul><li>150 lm/W</li><li>Insteeksensor optioneel</li><li>Gegoten aluminium</li><li>IP66</li><li>3 jaar garantie</li></ul><h3>Specificaties</h3><table><tr><td>Vermogen</td><td>50W</td></tr><tr><td>Lichtstroom</td><td>6.500 lm</td></tr><tr><td>Lichtrendement</td><td>150 lm/W</td></tr><tr><td>Kleurtemperatuur</td><td>2700K</td></tr><tr><td>Kleurweergave (CRI)</td><td>&gt; 70</td></tr><tr><td>Lichtverdeling</td><td>120°</td></tr><tr><td>Driver</td><td>Done</td></tr><tr><td>LED-chip</td><td>Lumileds</td></tr><tr><td>Dimming en besturing</td><td>niet dimbaar</td></tr><tr><td>Aansluitkabel</td><td>1 m</td></tr><tr><td>IP-klasse</td><td>IP66</td></tr><tr><td>Garantie</td><td>3 jaar</td></tr></table><p>Minimale afname 5 stuks. Projectprijs vanaf 100 stuks op aanvraag. Levering binnen 5 werkdagen.</p>",Lichtplein,FLUX,"FLUX,B2B,Schijnwerpers 30-50W",TRUE,Title,Default Title,LP-FX102,69.49,continue,manual,TRUE,TRUE,https://lichtplein.nl/img/p/lp-fx102-1-l.webp,1,active
lp-fx102,,,,,,,,,,,,,,,https://lichtplein.nl/img/p/lp-fx102-2-l.webp,2,
lp-fx102,,,,,,,,,,,,,,,https://lichtplein.nl/img/p/lp-fx102-3-l.webp,3,
lp-fx102,,,,,,,,,,,,,,,https://lichtplein.nl/img/p/lp-fx102-4-l.webp,4,
lp-fx103,LED schijnwerper compact 30W 4.500 lm 4000K,"<p>Compacte LED schijnwerper van gegoten aluminium (ADC12) met Lumileds-leds en 150 lm/W. Optioneel een insteeksensor (PIR of microgolf) die in tien seconden gemonteerd is. Voor gevels, opritten, terreinen en bouwplaatsen.</p><ul><li>150 lm/W</li><li>Insteeksensor optioneel</li><li>Gegoten aluminium</li><li>IP66</li><li>3 jaar garantie</li></ul><h3>Specificaties</h3><table><tr><td>Vermogen</td><td>30W</td></tr><tr><td>Lichtstroom</td><td>4.500 lm</td></tr><tr><td>Lichtrendement</td><td>150 lm/W</td></tr><tr><td>Kleurtemperatuur</td><td>4000K</td></tr><tr><td>Kleurweergave (CRI)</td><td>&gt; 70</td></tr><tr><td>Lichtverdeling</td><td>120°</td></tr><tr><td>Driver</td><td>Done</td></tr><tr><td>LED-chip</td><td>Lumileds</td></tr><tr><td>Dimming en besturing</td><td>niet dimbaar</td></tr><tr><td>Aansluitkabel</td><td>1 m</td></tr><tr><td>IP-klasse</td><td>IP66</td></tr><tr><td>Garantie</td><td>3 jaar</td></tr></table><p>Minimale afname 5 stuks. Projectprijs vanaf 100 stuks op aanvraag. Levering binnen 5 werkdagen.</p>",Lichtplein,FLUX,"FLUX,B2B,Schijnwerpers 30-50W",TRUE,Title,Default Title,LP-FX103,57.25,continue,manual,TRUE,TRUE,https://lichtplein.nl/img/p/lp-fx103-1-l.webp,1,active
lp-fx103,,,,,,,,,,,,,,,https://lichtplein.nl/img/p/lp-fx103-2-l.webp,2,
lp-fx103,,,,,,,,,,,,,,,https://lichtplein.nl/img/p/lp-fx103-3-l.webp,3,
lp-fx103,,,,,,,,,,,,,,,https://lichtplein.nl/img/p/lp-fx103-4-l.webp,4,
lp-fx104,LED schijnwerper compact 50W 7.500 lm 4000K,"<p>Compacte LED schijnwerper van gegoten aluminium (ADC12) met Lumileds-leds en 150 lm/W. Optioneel een insteeksensor (PIR of microgolf) die in tien seconden gemonteerd is. Voor gevels, opritten, terreinen en bouwplaatsen.</p><ul><li>150 lm/W</li><li>Insteeksensor optioneel</li><li>Gegoten aluminium</li><li>IP66</li><li>3 jaar garantie</li></ul><h3>Specificaties</h3><table><tr><td>Vermogen</td><td>50W</td></tr><tr><td>Lichtstroom</td><td>7.500 lm</td></tr><tr><td>Lichtrendement</td><td>150 lm/W</td></tr><tr><td>Kleurtemperatuur</td><td>4000K</td></tr><tr><td>Kleurweergave (CRI)</td><td>&gt; 70</td></tr><tr><td>Lichtverdeling</td><td>120°</td></tr><tr><td>Driver</td><td>Done</td></tr><tr><td>LED-chip</td><td>Lumileds</td></tr><tr><td>Dimming en besturing</td><td>niet dimbaar</td></tr><tr><td>Aansluitkabel</td><td>1 m</td></tr><tr><td>IP-klasse</td><td>IP66</td></tr><tr><td>Garantie</td><td>3 jaar</td></tr></table><p>Minimale afname 5 stuks. Projectprijs vanaf 100 stuks op aanvraag. Levering binnen 5 werkdagen.</p>",Lichtplein,FLUX,"FLUX,B2B,Schijnwerpers 30-50W",TRUE,Title,Default Title,LP-FX104,69.49,continue,manual,TRUE,TRUE,https://lichtplein.nl/img/p/lp-fx104-1-l.webp,1,active
lp-fx104,,,,,,,,,,,,,,,https://lichtplein.nl/img/p/lp-fx104-2-l.webp,2,
lp-fx104,,,,,,,,,,,,,,,https://lichtplein.nl/img/p/lp-fx104-3-l.webp,3,
lp-fx104,,,,,,,,,,,,,,,https://lichtplein.nl/img/p/lp-fx104-4-l.webp,4,
lp-fx105,LED schijnwerper compact 30W 4.500 lm 5000K,"<p>Compacte LED schijnwerper van gegoten aluminium (ADC12) met Lumileds-leds en 150 lm/W. Optioneel een insteeksensor (PIR of microgolf) die in tien seconden gemonteerd is. Voor gevels, opritten, terreinen en bouwplaatsen.</p><ul><li>150 lm/W</li><li>Insteeksensor optioneel</li><li>Gegoten aluminium</li><li>IP66</li><li>3 jaar garantie</li></ul><h3>Specificaties</h3><table><tr><td>Vermogen</td><td>30W</td></tr><tr><td>Lichtstroom</td><td>4.500 lm</td></tr><tr><td>Lichtrendement</td><td>150 lm/W</td></tr><tr><td>Kleurtemperatuur</td><td>5000K</td></tr><tr><td>Kleurweergave (CRI)</td><td>&gt; 70</td></tr><tr><td>Lichtverdeling</td><td>120°</td></tr><tr><td>Driver</td><td>Done</td></tr><tr><td>LED-chip</td><td>Lumileds</td></tr><tr><td>Dimming en besturing</td><td>niet dimbaar</td></tr><tr><td>Aansluitkabel</td><td>1 m</td></tr><tr><td>IP-klasse</td><td>IP66</td></tr><tr><td>Garantie</td><td>3 jaar</td></tr></table><p>Minimale afname 5 stuks. Projectprijs vanaf 100 stuks op aanvraag. Levering binnen 5 werkdagen.</p>",Lichtplein,FLUX,"FLUX,B2B,Schijnwerpers 30-50W",TRUE,Title,Default Title,LP-FX105,57.25,continue,manual,TRUE,TRUE,https://lichtplein.nl/img/p/lp-fx105-1-l.webp,1,active
lp-fx105,,,,,,,,,,,,,,,https://lichtplein.nl/img/p/lp-fx105-2-l.webp,2,
lp-fx105,,,,,,,,,,,,,,,https://lichtplein.nl/img/p/lp-fx105-3-l.webp,3,
lp-fx105,,,,,,,,,,,,,,,https://lichtplein.nl/img/p/lp-fx105-4-l.webp,4,
lp-fx106,LED schijnwerper compact 50W 7.500 lm 5000K,"<p>Compacte LED schijnwerper van gegoten aluminium (ADC12) met Lumileds-leds en 150 lm/W. Optioneel een insteeksensor (PIR of microgolf) die in tien seconden gemonteerd is. Voor gevels, opritten, terreinen en bouwplaatsen.</p><ul><li>150 lm/W</li><li>Insteeksensor optioneel</li><li>Gegoten aluminium</li><li>IP66</li><li>3 jaar garantie</li></ul><h3>Specificaties</h3><table><tr><td>Vermogen</td><td>50W</td></tr><tr><td>Lichtstroom</td><td>7.500 lm</td></tr><tr><td>Lichtrendement</td><td>150 lm/W</td></tr><tr><td>Kleurtemperatuur</td><td>5000K</td></tr><tr><td>Kleurweergave (CRI)</td><td>&gt; 70</td></tr><tr><td>Lichtverdeling</td><td>120°</td></tr><tr><td>Driver</td><td>Done</td></tr><tr><td>LED-chip</td><td>Lumileds</td></tr><tr><td>Dimming en besturing</td><td>niet dimbaar</td></tr><tr><td>Aansluitkabel</td><td>1 m</td></tr><tr><td>IP-klasse</td><td>IP66</td></tr><tr><td>Garantie</td><td>3 jaar</td></tr></table><p>Minimale afname 5 stuks. Projectprijs vanaf 100 stuks op aanvraag. Levering binnen 5 werkdagen.</p>",Lichtplein,FLUX,"FLUX,B2B,Schijnwerpers 30-50W",TRUE,Title,Default Title,LP-FX106,69.49,continue,manual,TRUE,TRUE,https://lichtplein.nl/img/p/lp-fx106-1-l.webp,1,active
lp-fx106,,,,,,,,,,,,,,,https://lichtplein.nl/img/p/lp-fx106-2-l.webp,2,
lp-fx106,,,,,,,,,,,,,,,https://lichtplein.nl/img/p/lp-fx106-3-l.webp,3,
lp-fx106,,,,,,,,,,,,,,,https://lichtplein.nl/img/p/lp-fx106-4-l.webp,4,
lp-fx107,Insteeksensor microgolf met daglichtsensor,<p>Insteeksensor microgolf met daglichtsensor. Toebehoren voor de led schijnwerper compact uit de serie FLUX.</p><ul><li>Past op de armaturen uit deze serie</li><li>Direct uit voorraad</li></ul><h3>Specificaties</h3><table><tr><td>Garantie</td><td>3 jaar</td></tr></table><p>Minimale afname 5 stuks. Projectprijs vanaf 100 stuks op aanvraag. Levering binnen 5 werkdagen.</p>,Lichtplein,FLUX,"FLUX,B2B,Toebehoren",TRUE,Title,Default Title,LP-FX107,24.49,continue,manual,TRUE,TRUE,https://lichtplein.nl/img/p/lp-fx107-1-l.webp,1,active
lp-fx107,,,,,,,,,,,,,,,https://lichtplein.nl/img/p/lp-fx107-2-l.webp,2,
lp-fx108,Insteeksensor PIR met daglichtsensor,<p>Insteeksensor PIR met daglichtsensor. Toebehoren voor de led schijnwerper compact uit de serie FLUX.</p><ul><li>Past op de armaturen uit deze serie</li><li>Direct uit voorraad</li></ul><h3>Specificaties</h3><table><tr><td>Garantie</td><td>3 jaar</td></tr></table><p>Minimale afname 5 stuks. Projectprijs vanaf 100 stuks op aanvraag. Levering binnen 5 werkdagen.</p>,Lichtplein,FLUX,"FLUX,B2B,Toebehoren",TRUE,Title,Default Title,LP-FX108,19.45,continue,manual,TRUE,TRUE,https://lichtplein.nl/img/p/lp-fx108-1-l.webp,1,active
lp-fx108,,,,,,,,,,,,,,,https://lichtplein.nl/img/p/lp-fx108-2-l.webp,2,
lp-fx109,"LED schijnwerper hoogvermogen 750W 120.000 lm 5000K, 1-10V dimbaar, optiek 30°","<p>LED schijnwerper voor grote sportvelden en terreinen, met CREE-leds en een externe driverbox met knopdimmer. Vermogen traploos instelbaar, nauwkeurige hoekinstelling en AkzoNobel-coating. Driverbox apart te bestellen.</p><ul><li>CREE-leds</li><li>Vermogen instelbaar</li><li>Externe driverbox</li><li>AkzoNobel-coating</li><li>5 jaar garantie</li></ul><h3>Specificaties</h3><table><tr><td>Vermogen</td><td>750W</td></tr><tr><td>Lichtstroom</td><td>120.000 lm</td></tr><tr><td>Kleurtemperatuur</td><td>5000K</td></tr><tr><td>Kleurweergave (CRI)</td><td>&gt; 70</td></tr><tr><td>Lichtverdeling</td><td>30°</td></tr><tr><td>Driver</td><td>extern (apart bestellen)</td></tr><tr><td>LED-chip</td><td>CREE</td></tr><tr><td>Dimming en besturing</td><td>1-10V</td></tr><tr><td>Aansluitkabel</td><td>1 m</td></tr><tr><td>IP-klasse</td><td>IP66</td></tr><tr><td>Garantie</td><td>5 jaar</td></tr></table><p>Minimale afname 1 stuk. Projectprijs vanaf 100 stuks op aanvraag. Levering binnen 5 werkdagen.</p>",Lichtplein,FLUX,"FLUX,B2B,Schijnwerpers 750-1500W",TRUE,Title,Default Title,LP-FX109,619.00,continue,manual,TRUE,TRUE,https://lichtplein.nl/img/p/lp-fx109-1-l.webp,1,active
lp-fx109,,,,,,,,,,,,,,,https://lichtplein.nl/img/p/lp-fx109-2-l.webp,2,
lp-fx109,,,,,,,,,,,,,,,https://lichtplein.nl/img/p/lp-fx109-3-l.webp,3,
lp-fx109,,,,,,,,,,,,,,,https://lichtplein.nl/img/p/lp-fx109-4-l.webp,4,
lp-fx110,"LED schijnwerper hoogvermogen 750W 120.000 lm 5000K, 1-10V dimbaar, optiek MLP30","<p>LED schijnwerper voor grote sportvelden en terreinen, met CREE-leds en een externe driverbox met knopdimmer. Vermogen traploos instelbaar, nauwkeurige hoekinstelling en AkzoNobel-coating. Driverbox apart te bestellen.</p><ul><li>CREE-leds</li><li>Vermogen instelbaar</li><li>Externe driverbox</li><li>AkzoNobel-coating</li><li>5 jaar garantie</li></ul><h3>Specificaties</h3><table><tr><td>Vermogen</td><td>750W</td></tr><tr><td>Lichtstroom</td><td>120.000 lm</td></tr><tr><td>Kleurtemperatuur</td><td>5000K</td></tr><tr><td>Kleurweergave (CRI)</td><td>&gt; 70</td></tr><tr><td>Lichtverdeling</td><td>MLP30</td></tr><tr><td>Driver</td><td>extern (apart bestellen)</td></tr><tr><td>LED-chip</td><td>CREE</td></tr><tr><td>Dimming en besturing</td><td>1-10V</td></tr><tr><td>Aansluitkabel</td><td>1 m</td></tr><tr><td>IP-klasse</td><td>IP66</td></tr><tr><td>Garantie</td><td>5 jaar</td></tr></table><p>Minimale afname 1 stuk. Projectprijs vanaf 100 stuks op aanvraag. Levering binnen 5 werkdagen.</p>",Lichtplein,FLUX,"FLUX,B2B,Schijnwerpers 750-1500W",TRUE,Title,Default Title,LP-FX110,619.00,continue,manual,TRUE,TRUE,https://lichtplein.nl/img/p/lp-fx110-1-l.webp,1,active
lp-fx110,,,,,,,,,,,,,,,https://lichtplein.nl/img/p/lp-fx110-2-l.webp,2,
lp-fx110,,,,,,,,,,,,,,,https://lichtplein.nl/img/p/lp-fx110-3-l.webp,3,
lp-fx110,,,,,,,,,,,,,,,https://lichtplein.nl/img/p/lp-fx110-4-l.webp,4,
lp-fx111,"Driverbox 750 W met DALI, DMX en 0-10V","<p>Driverbox 750 W met DALI, DMX en 0-10V. Toebehoren voor de led schijnwerper hoogvermogen uit de serie FLUX.</p><ul><li>Past op de armaturen uit deze serie</li><li>Direct uit voorraad</li></ul><h3>Specificaties</h3><table><tr><td>Garantie</td><td>5 jaar</td></tr></table><p>Minimale afname 1 stuk. Projectprijs vanaf 100 stuks op aanvraag. Levering binnen 5 werkdagen.</p>",Lichtplein,FLUX,"FLUX,B2B,Toebehoren",TRUE,Title,Default Title,LP-FX111,539.00,continue,manual,TRUE,TRUE,https://lichtplein.nl/img/p/lp-fx111-1-l.webp,1,active
lp-fx112,"LED schijnwerper hoogvermogen 1200-1500W instelbaar 204.000 lm 5000K, 1-10V dimbaar, optiek 20°","<p>LED schijnwerper voor grote sportvelden en terreinen, met CREE-leds en een externe driverbox met knopdimmer. Vermogen traploos instelbaar, nauwkeurige hoekinstelling en AkzoNobel-coating. Driverbox apart te bestellen.</p><ul><li>CREE-leds</li><li>Vermogen instelbaar</li><li>Externe driverbox</li><li>AkzoNobel-coating</li><li>5 jaar garantie</li></ul><h3>Specificaties</h3><table><tr><td>Vermogen</td><td>1200W / 1500W</td></tr><tr><td>Lichtstroom</td><td>204.000 lm</td></tr><tr><td>Lichtrendement</td><td>170 lm/W</td></tr><tr><td>Kleurtemperatuur</td><td>5000K</td></tr><tr><td>Kleurweergave (CRI)</td><td>&gt; 70</td></tr><tr><td>Lichtverdeling</td><td>20°</td></tr><tr><td>Driver</td><td>extern (apart bestellen)</td></tr><tr><td>LED-chip</td><td>CREE</td></tr><tr><td>Dimming en besturing</td><td>1-10V</td></tr><tr><td>Aansluitkabel</td><td>1 m</td></tr><tr><td>IP-klasse</td><td>IP66</td></tr><tr><td>Garantie</td><td>5 jaar</td></tr></table><p>Minimale afname 1 stuk. Projectprijs vanaf 100 stuks op aanvraag. Levering binnen 5 werkdagen.</p>",Lichtplein,FLUX,"FLUX,B2B,Schijnwerpers 750-1500W",TRUE,Title,Default Title,LP-FX112,725.00,continue,manual,TRUE,TRUE,https://lichtplein.nl/img/p/lp-fx112-1-l.webp,1,active
lp-fx112,,,,,,,,,,,,,,,https://lichtplein.nl/img/p/lp-fx112-2-l.webp,2,
lp-fx112,,,,,,,,,,,,,,,https://lichtplein.nl/img/p/lp-fx112-3-l.webp,3,
lp-fx112,,,,,,,,,,,,,,,https://lichtplein.nl/img/p/lp-fx112-4-l.webp,4,
lp-fx113,Driverbox 1500 W met vermogensregeling,<p>Driverbox 1500 W met vermogensregeling. Toebehoren voor de led schijnwerper hoogvermogen uit de serie FLUX.</p><ul><li>Past op de armaturen uit deze serie</li><li>Direct uit voorraad</li></ul><h3>Specificaties</h3><table><tr><td>Garantie</td><td>5 jaar</td></tr></table><p>Minimale afname 1 stuk. Projectprijs vanaf 100 stuks op aanvraag. Levering binnen 5 werkdagen.</p>,Lichtplein,FLUX,"FLUX,B2B,Toebehoren",TRUE,Title,Default Title,LP-FX113,725.00,continue,manual,TRUE,TRUE,https://lichtplein.nl/img/p/lp-fx113-1-l.webp,1,active
lp-fx114,"LED schijnwerper hoogvermogen 1200-1500W instelbaar 204.000 lm 5000K, 1-10V dimbaar, 7 jaar garantie, optiek 20°","<p>LED schijnwerper voor grote sportvelden en terreinen, met CREE-leds en een externe driverbox met knopdimmer. Vermogen traploos instelbaar, nauwkeurige hoekinstelling en AkzoNobel-coating. Driverbox apart te bestellen.</p><ul><li>CREE-leds</li><li>Vermogen instelbaar</li><li>Externe driverbox</li><li>AkzoNobel-coating</li><li>5 jaar garantie</li></ul><h3>Specificaties</h3><table><tr><td>Vermogen</td><td>1200W / 1500W</td></tr><tr><td>Lichtstroom</td><td>204.000 lm</td></tr><tr><td>Lichtrendement</td><td>170 lm/W</td></tr><tr><td>Kleurtemperatuur</td><td>5000K</td></tr><tr><td>Kleurweergave (CRI)</td><td>&gt; 70</td></tr><tr><td>Lichtverdeling</td><td>20°</td></tr><tr><td>Driver</td><td>extern (apart bestellen)</td></tr><tr><td>LED-chip</td><td>CREE</td></tr><tr><td>Dimming en besturing</td><td>1-10V</td></tr><tr><td>Aansluitkabel</td><td>1 m</td></tr><tr><td>IP-klasse</td><td>IP66</td></tr><tr><td>Garantie</td><td>7 jaar</td></tr></table><p>Minimale afname 1 stuk. Projectprijs vanaf 100 stuks op aanvraag. Levering binnen 5 werkdagen.</p>",Lichtplein,FLUX,"FLUX,B2B,Schijnwerpers 750-1500W",TRUE,Title,Default Title,LP-FX114,1315.00,continue,manual,TRUE,TRUE,https://lichtplein.nl/img/p/lp-fx114-1-l.webp,1,active
lp-fx114,,,,,,,,,,,,,,,https://lichtplein.nl/img/p/lp-fx114-2-l.webp,2,
lp-fx114,,,,,,,,,,,,,,,https://lichtplein.nl/img/p/lp-fx114-3-l.webp,3,
lp-fx114,,,,,,,,,,,,,,,https://lichtplein.nl/img/p/lp-fx114-4-l.webp,4,
lp-fx115,"LED schijnwerper hoogvermogen 1200-1500W instelbaar 204.000 lm 5000K, 1-10V dimbaar, 7 jaar garantie, optiek 30°","<p>LED schijnwerper voor grote sportvelden en terreinen, met CREE-leds en een externe driverbox met knopdimmer. Vermogen traploos instelbaar, nauwkeurige hoekinstelling en AkzoNobel-coating. Driverbox apart te bestellen.</p><ul><li>CREE-leds</li><li>Vermogen instelbaar</li><li>Externe driverbox</li><li>AkzoNobel-coating</li><li>5 jaar garantie</li></ul><h3>Specificaties</h3><table><tr><td>Vermogen</td><td>1200W / 1500W</td></tr><tr><td>Lichtstroom</td><td>204.000 lm</td></tr><tr><td>Lichtrendement</td><td>170 lm/W</td></tr><tr><td>Kleurtemperatuur</td><td>5000K</td></tr><tr><td>Kleurweergave (CRI)</td><td>&gt; 70</td></tr><tr><td>Lichtverdeling</td><td>30°</td></tr><tr><td>Driver</td><td>extern (apart bestellen)</td></tr><tr><td>LED-chip</td><td>CREE</td></tr><tr><td>Dimming en besturing</td><td>1-10V</td></tr><tr><td>Aansluitkabel</td><td>1 m</td></tr><tr><td>IP-klasse</td><td>IP66</td></tr><tr><td>Garantie</td><td>7 jaar</td></tr></table><p>Minimale afname 1 stuk. Projectprijs vanaf 100 stuks op aanvraag. Levering binnen 5 werkdagen.</p>",Lichtplein,FLUX,"FLUX,B2B,Schijnwerpers 750-1500W",TRUE,Title,Default Title,LP-FX115,1315.00,continue,manual,TRUE,TRUE,https://lichtplein.nl/img/p/lp-fx115-1-l.webp,1,active
lp-fx115,,,,,,,,,,,,,,,https://lichtplein.nl/img/p/lp-fx115-2-l.webp,2,
lp-fx115,,,,,,,,,,,,,,,https://lichtplein.nl/img/p/lp-fx115-3-l.webp,3,
lp-fx115,,,,,,,,,,,,,,,https://lichtplein.nl/img/p/lp-fx115-4-l.webp,4,
lp-fx116,"Driverbox 1200 W met DALI, DMX en 0-10V","<p>Driverbox 1200 W met DALI, DMX en 0-10V. Toebehoren voor de led schijnwerper hoogvermogen uit de serie FLUX.</p><ul><li>Past op de armaturen uit deze serie</li><li>Direct uit voorraad</li></ul><h3>Specificaties</h3><table><tr><td>Garantie</td><td>7 jaar</td></tr></table><p>Minimale afname 1 stuk. Projectprijs vanaf 100 stuks op aanvraag. Levering binnen 5 werkdagen.</p>",Lichtplein,FLUX,"FLUX,B2B,Toebehoren",TRUE,Title,Default Title,LP-FX116,789.00,continue,manual,TRUE,TRUE,https://lichtplein.nl/img/p/lp-fx116-1-l.webp,1,active
lp-fx117,"LED schijnwerper 240W 40.800 lm 4000K, optiek MLP30","<p>LED schijnwerper met gehard glas en PMMA-lens, IP66 en IK10. Keuze uit symmetrische en asymmetrische optieken (van 25 graden tot Type III), Meanwell- of Sosen-driver. Metalen afschermkap en RVS beschermrooster als toebehoren.</p><ul><li>IP66, IK10</li><li>Meerdere optieken</li><li>Gehard glas en PMMA-lens</li><li>Meanwell of Sosen</li><li>5 jaar garantie</li></ul><h3>Specificaties</h3><table><tr><td>Vermogen</td><td>240W</td></tr><tr><td>Lichtstroom</td><td>40.800 lm</td></tr><tr><td>Lichtrendement</td><td>150 lm/W</td></tr><tr><td>Kleurtemperatuur</td><td>4000K</td></tr><tr><td>Kleurweergave (CRI)</td><td>&gt; 70</td></tr><tr><td>Lichtverdeling</td><td>MLP30</td></tr><tr><td>Driver</td><td>Meanwell</td></tr><tr><td>LED-chip</td><td>CREE</td></tr><tr><td>Dimming en besturing</td><td>niet dimbaar</td></tr><tr><td>Aansluitkabel</td><td>1 m</td></tr><tr><td>IP-klasse</td><td>IP66</td></tr><tr><td>Slagvastheid</td><td>IK10</td></tr><tr><td>Garantie</td><td>5 jaar</td></tr></table><p>Minimale afname 4 stuks. Projectprijs vanaf 100 stuks op aanvraag. Levering binnen 5 werkdagen.</p>",Lichtplein,FLUX,"FLUX,B2B,Schijnwerpers 100-400W",TRUE,Title,Default Title,LP-FX117,249.00,continue,manual,TRUE,TRUE,https://lichtplein.nl/img/p/lp-fx117-1-l.webp,1,active
lp-fx117,,,,,,,,,,,,,,,https://lichtplein.nl/img/p/lp-fx117-2-l.webp,2,
lp-fx117,,,,,,,,,,,,,,,https://lichtplein.nl/img/p/lp-fx117-3-l.webp,3,
lp-fx117,,,,,,,,,,,,,,,https://lichtplein.nl/img/p/lp-fx117-4-l.webp,4,
lp-fx118,"LED schijnwerper 400W 68.000 lm 4000K, optiek MLP30","<p>LED schijnwerper met gehard glas en PMMA-lens, IP66 en IK10. Keuze uit symmetrische en asymmetrische optieken (van 25 graden tot Type III), Meanwell- of Sosen-driver. Metalen afschermkap en RVS beschermrooster als toebehoren.</p><ul><li>IP66, IK10</li><li>Meerdere optieken</li><li>Gehard glas en PMMA-lens</li><li>Meanwell of Sosen</li><li>5 jaar garantie</li></ul><h3>Specificaties</h3><table><tr><td>Vermogen</td><td>400W</td></tr><tr><td>Lichtstroom</td><td>68.000 lm</td></tr><tr><td>Lichtrendement</td><td>150 lm/W</td></tr><tr><td>Kleurtemperatuur</td><td>4000K</td></tr><tr><td>Kleurweergave (CRI)</td><td>&gt; 70</td></tr><tr><td>Lichtverdeling</td><td>MLP30</td></tr><tr><td>Driver</td><td>Meanwell</td></tr><tr><td>LED-chip</td><td>CREE</td></tr><tr><td>Dimming en besturing</td><td>niet dimbaar</td></tr><tr><td>Aansluitkabel</td><td>1 m</td></tr><tr><td>IP-klasse</td><td>IP66</td></tr><tr><td>Slagvastheid</td><td>IK10</td></tr><tr><td>Garantie</td><td>5 jaar</td></tr></table><p>Minimale afname 2 stuks. Projectprijs vanaf 100 stuks op aanvraag. Levering binnen 5 werkdagen.</p>",Lichtplein,FLUX,"FLUX,B2B,Schijnwerpers 100-400W",TRUE,Title,Default Title,LP-FX118,455.00,continue,manual,TRUE,TRUE,https://lichtplein.nl/img/p/lp-fx118-1-l.webp,1,active
lp-fx118,,,,,,,,,,,,,,,https://lichtplein.nl/img/p/lp-fx118-2-l.webp,2,
lp-fx118,,,,,,,,,,,,,,,https://lichtplein.nl/img/p/lp-fx118-3-l.webp,3,
lp-fx118,,,,,,,,,,,,,,,https://lichtplein.nl/img/p/lp-fx118-4-l.webp,4,
lp-fx119,"LED schijnwerper 150W 22.500 lm 5000K, optiek 120x150°","<p>LED schijnwerper met gehard glas en PMMA-lens, IP66 en IK10. Keuze uit symmetrische en asymmetrische optieken (van 25 graden tot Type III), Meanwell- of Sosen-driver. Metalen afschermkap en RVS beschermrooster als toebehoren.</p><ul><li>IP66, IK10</li><li>Meerdere optieken</li><li>Gehard glas en PMMA-lens</li><li>Meanwell of Sosen</li><li>5 jaar garantie</li></ul><h3>Specificaties</h3><table><tr><td>Vermogen</td><td>150W</td></tr><tr><td>Lichtstroom</td><td>22.500 lm</td></tr><tr><td>Lichtrendement</td><td>150 lm/W</td></tr><tr><td>Kleurtemperatuur</td><td>5000K</td></tr><tr><td>Kleurweergave (CRI)</td><td>&gt; 70</td></tr><tr><td>Lichtverdeling</td><td>120x150°</td></tr><tr><td>Driver</td><td>Meanwell</td></tr><tr><td>LED-chip</td><td>CREE</td></tr><tr><td>Dimming en besturing</td><td>niet dimbaar</td></tr><tr><td>Aansluitkabel</td><td>1 m</td></tr><tr><td>IP-klasse</td><td>IP66</td></tr><tr><td>Slagvastheid</td><td>IK10</td></tr><tr><td>Garantie</td><td>5 jaar</td></tr></table><p>Minimale afname 3 stuks. Projectprijs vanaf 100 stuks op aanvraag. Levering binnen 5 werkdagen.</p>",Lichtplein,FLUX,"FLUX,B2B,Schijnwerpers 100-400W",TRUE,Title,Default Title,LP-FX119,179.00,continue,manual,TRUE,TRUE,https://lichtplein.nl/img/p/lp-fx119-1-l.webp,1,active
lp-fx119,,,,,,,,,,,,,,,https://lichtplein.nl/img/p/lp-fx119-2-l.webp,2,
lp-fx119,,,,,,,,,,,,,,,https://lichtplein.nl/img/p/lp-fx119-3-l.webp,3,
lp-fx119,,,,,,,,,,,,,,,https://lichtplein.nl/img/p/lp-fx119-4-l.webp,4,
lp-fx120,"LED schijnwerper 240W 40.800 lm 5000K, optiek MLP30","<p>LED schijnwerper met gehard glas en PMMA-lens, IP66 en IK10. Keuze uit symmetrische en asymmetrische optieken (van 25 graden tot Type III), Meanwell- of Sosen-driver. Metalen afschermkap en RVS beschermrooster als toebehoren.</p><ul><li>IP66, IK10</li><li>Meerdere optieken</li><li>Gehard glas en PMMA-lens</li><li>Meanwell of Sosen</li><li>5 jaar garantie</li></ul><h3>Specificaties</h3><table><tr><td>Vermogen</td><td>240W</td></tr><tr><td>Lichtstroom</td><td>40.800 lm</td></tr><tr><td>Lichtrendement</td><td>150 lm/W</td></tr><tr><td>Kleurtemperatuur</td><td>5000K</td></tr><tr><td>Kleurweergave (CRI)</td><td>&gt; 70</td></tr><tr><td>Lichtverdeling</td><td>MLP30</td></tr><tr><td>Driver</td><td>Meanwell</td></tr><tr><td>LED-chip</td><td>CREE</td></tr><tr><td>Dimming en besturing</td><td>niet dimbaar</td></tr><tr><td>Aansluitkabel</td><td>1 m</td></tr><tr><td>IP-klasse</td><td>IP66</td></tr><tr><td>Slagvastheid</td><td>IK10</td></tr><tr><td>Garantie</td><td>5 jaar</td></tr></table><p>Minimale afname 4 stuks. Projectprijs vanaf 100 stuks op aanvraag. Levering binnen 5 werkdagen.</p>",Lichtplein,FLUX,"FLUX,B2B,Schijnwerpers 100-400W",TRUE,Title,Default Title,LP-FX120,249.00,continue,manual,TRUE,TRUE,https://lichtplein.nl/img/p/lp-fx120-1-l.webp,1,active
lp-fx120,,,,,,,,,,,,,,,https://lichtplein.nl/img/p/lp-fx120-2-l.webp,2,
lp-fx120,,,,,,,,,,,,,,,https://lichtplein.nl/img/p/lp-fx120-3-l.webp,3,
lp-fx120,,,,,,,,,,,,,,,https://lichtplein.nl/img/p/lp-fx120-4-l.webp,4,
lp-fx121,"LED schijnwerper 400W 68.000 lm 5000K, optiek MLP30","<p>LED schijnwerper met gehard glas en PMMA-lens, IP66 en IK10. Keuze uit symmetrische en asymmetrische optieken (van 25 graden tot Type III), Meanwell- of Sosen-driver. Metalen afschermkap en RVS beschermrooster als toebehoren.</p><ul><li>IP66, IK10</li><li>Meerdere optieken</li><li>Gehard glas en PMMA-lens</li><li>Meanwell of Sosen</li><li>5 jaar garantie</li></ul><h3>Specificaties</h3><table><tr><td>Vermogen</td><td>400W</td></tr><tr><td>Lichtstroom</td><td>68.000 lm</td></tr><tr><td>Lichtrendement</td><td>150 lm/W</td></tr><tr><td>Kleurtemperatuur</td><td>5000K</td></tr><tr><td>Kleurweergave (CRI)</td><td>&gt; 70</td></tr><tr><td>Lichtverdeling</td><td>MLP30</td></tr><tr><td>Driver</td><td>Meanwell</td></tr><tr><td>LED-chip</td><td>CREE</td></tr><tr><td>Dimming en besturing</td><td>niet dimbaar</td></tr><tr><td>Aansluitkabel</td><td>1 m</td></tr><tr><td>IP-klasse</td><td>IP66</td></tr><tr><td>Slagvastheid</td><td>IK10</td></tr><tr><td>Garantie</td><td>5 jaar</td></tr></table><p>Minimale afname 2 stuks. Projectprijs vanaf 100 stuks op aanvraag. Levering binnen 5 werkdagen.</p>",Lichtplein,FLUX,"FLUX,B2B,Schijnwerpers 100-400W",TRUE,Title,Default Title,LP-FX121,455.00,continue,manual,TRUE,TRUE,https://lichtplein.nl/img/p/lp-fx121-1-l.webp,1,active
lp-fx121,,,,,,,,,,,,,,,https://lichtplein.nl/img/p/lp-fx121-2-l.webp,2,
lp-fx121,,,,,,,,,,,,,,,https://lichtplein.nl/img/p/lp-fx121-3-l.webp,3,
lp-fx121,,,,,,,,,,,,,,,https://lichtplein.nl/img/p/lp-fx121-4-l.webp,4,
lp-fx122,"LED schijnwerper 100W 16.000 lm 4000K, optiek 120x150°","<p>LED schijnwerper met gehard glas en PMMA-lens, IP66 en IK10. Keuze uit symmetrische en asymmetrische optieken (van 25 graden tot Type III), Meanwell- of Sosen-driver. Metalen afschermkap en RVS beschermrooster als toebehoren.</p><ul><li>IP66, IK10</li><li>Meerdere optieken</li><li>Gehard glas en PMMA-lens</li><li>Meanwell of Sosen</li><li>5 jaar garantie</li></ul><h3>Specificaties</h3><table><tr><td>Vermogen</td><td>100W</td></tr><tr><td>Lichtstroom</td><td>16.000 lm</td></tr><tr><td>Lichtrendement</td><td>160 lm/W</td></tr><tr><td>Kleurtemperatuur</td><td>4000K</td></tr><tr><td>Kleurweergave (CRI)</td><td>&gt; 70</td></tr><tr><td>Lichtverdeling</td><td>120x150°</td></tr><tr><td>Driver</td><td>Sosen</td></tr><tr><td>LED-chip</td><td>Lumileds</td></tr><tr><td>Dimming en besturing</td><td>niet dimbaar</td></tr><tr><td>Aansluitkabel</td><td>1 m</td></tr><tr><td>IP-klasse</td><td>IP66</td></tr><tr><td>Slagvastheid</td><td>IK10</td></tr><tr><td>Garantie</td><td>5 jaar</td></tr></table><p>Minimale afname 4 stuks. Projectprijs vanaf 100 stuks op aanvraag. Levering binnen 5 werkdagen.</p>",Lichtplein,FLUX,"FLUX,B2B,Schijnwerpers 100-400W",TRUE,Title,Default Title,LP-FX122,125.00,continue,manual,TRUE,TRUE,https://lichtplein.nl/img/p/lp-fx122-1-l.webp,1,active
lp-fx122,,,,,,,,,,,,,,,https://lichtplein.nl/img/p/lp-fx122-2-l.webp,2,
lp-fx122,,,,,,,,,,,,,,,https://lichtplein.nl/img/p/lp-fx122-3-l.webp,3,
lp-fx122,,,,,,,,,,,,,,,https://lichtplein.nl/img/p/lp-fx122-4-l.webp,4,
lp-fx123,"LED schijnwerper 150W 25.500 lm 4000K, optiek 120x150°","<p>LED schijnwerper met gehard glas en PMMA-lens, IP66 en IK10. Keuze uit symmetrische en asymmetrische optieken (van 25 graden tot Type III), Meanwell- of Sosen-driver. Metalen afschermkap en RVS beschermrooster als toebehoren.</p><ul><li>IP66, IK10</li><li>Meerdere optieken</li><li>Gehard glas en PMMA-lens</li><li>Meanwell of Sosen</li><li>5 jaar garantie</li></ul><h3>Specificaties</h3><table><tr><td>Vermogen</td><td>150W</td></tr><tr><td>Lichtstroom</td><td>25.500 lm</td></tr><tr><td>Lichtrendement</td><td>160 lm/W</td></tr><tr><td>Kleurtemperatuur</td><td>4000K</td></tr><tr><td>Kleurweergave (CRI)</td><td>&gt; 70</td></tr><tr><td>Lichtverdeling</td><td>120x150°</td></tr><tr><td>Driver</td><td>Sosen</td></tr><tr><td>LED-chip</td><td>Lumileds</td></tr><tr><td>Dimming en besturing</td><td>niet dimbaar</td></tr><tr><td>Aansluitkabel</td><td>1 m</td></tr><tr><td>IP-klasse</td><td>IP66</td></tr><tr><td>Slagvastheid</td><td>IK10</td></tr><tr><td>Garantie</td><td>5 jaar</td></tr></table><p>Minimale afname 6 stuks. Projectprijs vanaf 100 stuks op aanvraag. Levering binnen 5 werkdagen.</p>",Lichtplein,FLUX,"FLUX,B2B,Schijnwerpers 100-400W",TRUE,Title,Default Title,LP-FX123,149.00,continue,manual,TRUE,TRUE,https://lichtplein.nl/img/p/lp-fx123-1-l.webp,1,active
lp-fx123,,,,,,,,,,,,,,,https://lichtplein.nl/img/p/lp-fx123-2-l.webp,2,
lp-fx123,,,,,,,,,,,,,,,https://lichtplein.nl/img/p/lp-fx123-3-l.webp,3,
lp-fx123,,,,,,,,,,,,,,,https://lichtplein.nl/img/p/lp-fx123-4-l.webp,4,
lp-fx124,"LED schijnwerper 200W 34.000 lm 4000K, optiek MBP45","<p>LED schijnwerper met gehard glas en PMMA-lens, IP66 en IK10. Keuze uit symmetrische en asymmetrische optieken (van 25 graden tot Type III), Meanwell- of Sosen-driver. Metalen afschermkap en RVS beschermrooster als toebehoren.</p><ul><li>IP66, IK10</li><li>Meerdere optieken</li><li>Gehard glas en PMMA-lens</li><li>Meanwell of Sosen</li><li>5 jaar garantie</li></ul><h3>Specificaties</h3><table><tr><td>Vermogen</td><td>200W</td></tr><tr><td>Lichtstroom</td><td>34.000 lm</td></tr><tr><td>Lichtrendement</td><td>160 lm/W</td></tr><tr><td>Kleurtemperatuur</td><td>4000K</td></tr><tr><td>Kleurweergave (CRI)</td><td>&gt; 70</td></tr><tr><td>Lichtverdeling</td><td>MBP45</td></tr><tr><td>Driver</td><td>Sosen</td></tr><tr><td>LED-chip</td><td>Lumileds</td></tr><tr><td>Dimming en besturing</td><td>niet dimbaar</td></tr><tr><td>Aansluitkabel</td><td>1 m</td></tr><tr><td>IP-klasse</td><td>IP66</td></tr><tr><td>Slagvastheid</td><td>IK10</td></tr><tr><td>Garantie</td><td>5 jaar</td></tr></table><p>Minimale afname 4 stuks. Projectprijs vanaf 100 stuks op aanvraag. Levering binnen 5 werkdagen.</p>",Lichtplein,FLUX,"FLUX,B2B,Schijnwerpers 100-400W",TRUE,Title,Default Title,LP-FX124,195.00,continue,manual,TRUE,TRUE,https://lichtplein.nl/img/p/lp-fx124-1-l.webp,1,active
lp-fx124,,,,,,,,,,,,,,,https://lichtplein.nl/img/p/lp-fx124-2-l.webp,2,
lp-fx124,,,,,,,,,,,,,,,https://lichtplein.nl/img/p/lp-fx124-3-l.webp,3,
lp-fx124,,,,,,,,,,,,,,,https://lichtplein.nl/img/p/lp-fx124-4-l.webp,4,
lp-fx125,"LED schijnwerper 240W 40.800 lm 4000K, optiek MBP45","<p>LED schijnwerper met gehard glas en PMMA-lens, IP66 en IK10. Keuze uit symmetrische en asymmetrische optieken (van 25 graden tot Type III), Meanwell- of Sosen-driver. Metalen afschermkap en RVS beschermrooster als toebehoren.</p><ul><li>IP66, IK10</li><li>Meerdere optieken</li><li>Gehard glas en PMMA-lens</li><li>Meanwell of Sosen</li><li>5 jaar garantie</li></ul><h3>Specificaties</h3><table><tr><td>Vermogen</td><td>240W</td></tr><tr><td>Lichtstroom</td><td>40.800 lm</td></tr><tr><td>Lichtrendement</td><td>160 lm/W</td></tr><tr><td>Kleurtemperatuur</td><td>4000K</td></tr><tr><td>Kleurweergave (CRI)</td><td>&gt; 70</td></tr><tr><td>Lichtverdeling</td><td>MBP45</td></tr><tr><td>Driver</td><td>Sosen</td></tr><tr><td>LED-chip</td><td>Lumileds</td></tr><tr><td>Dimming en besturing</td><td>niet dimbaar</td></tr><tr><td>Aansluitkabel</td><td>1 m</td></tr><tr><td>IP-klasse</td><td>IP66</td></tr><tr><td>Slagvastheid</td><td>IK10</td></tr><tr><td>Garantie</td><td>5 jaar</td></tr></table><p>Minimale afname 4 stuks. Projectprijs vanaf 100 stuks op aanvraag. Levering binnen 5 werkdagen.</p>",Lichtplein,FLUX,"FLUX,B2B,Schijnwerpers 100-400W",TRUE,Title,Default Title,LP-FX125,219.00,continue,manual,TRUE,TRUE,https://lichtplein.nl/img/p/lp-fx125-1-l.webp,1,active
lp-fx125,,,,,,,,,,,,,,,https://lichtplein.nl/img/p/lp-fx125-2-l.webp,2,
lp-fx125,,,,,,,,,,,,,,,https://lichtplein.nl/img/p/lp-fx125-3-l.webp,3,
lp-fx125,,,,,,,,,,,,,,,https://lichtplein.nl/img/p/lp-fx125-4-l.webp,4,
lp-fx126,"LED schijnwerper 400W 68.000 lm 4000K, optiek MBP45","<p>LED schijnwerper met gehard glas en PMMA-lens, IP66 en IK10. Keuze uit symmetrische en asymmetrische optieken (van 25 graden tot Type III), Meanwell- of Sosen-driver. Metalen afschermkap en RVS beschermrooster als toebehoren.</p><ul><li>IP66, IK10</li><li>Meerdere optieken</li><li>Gehard glas en PMMA-lens</li><li>Meanwell of Sosen</li><li>5 jaar garantie</li></ul><h3>Specificaties</h3><table><tr><td>Vermogen</td><td>400W</td></tr><tr><td>Lichtstroom</td><td>68.000 lm</td></tr><tr><td>Lichtrendement</td><td>160 lm/W</td></tr><tr><td>Kleurtemperatuur</td><td>4000K</td></tr><tr><td>Kleurweergave (CRI)</td><td>&gt; 70</td></tr><tr><td>Lichtverdeling</td><td>MBP45</td></tr><tr><td>Driver</td><td>Sosen</td></tr><tr><td>LED-chip</td><td>Lumileds</td></tr><tr><td>Dimming en besturing</td><td>niet dimbaar</td></tr><tr><td>Aansluitkabel</td><td>1 m</td></tr><tr><td>IP-klasse</td><td>IP66</td></tr><tr><td>Slagvastheid</td><td>IK10</td></tr><tr><td>Garantie</td><td>5 jaar</td></tr></table><p>Minimale afname 2 stuks. Projectprijs vanaf 100 stuks op aanvraag. Levering binnen 5 werkdagen.</p>",Lichtplein,FLUX,"FLUX,B2B,Schijnwerpers 100-400W",TRUE,Title,Default Title,LP-FX126,425.00,continue,manual,TRUE,TRUE,https://lichtplein.nl/img/p/lp-fx126-1-l.webp,1,active
lp-fx126,,,,,,,,,,,,,,,https://lichtplein.nl/img/p/lp-fx126-2-l.webp,2,
lp-fx126,,,,,,,,,,,,,,,https://lichtplein.nl/img/p/lp-fx126-3-l.webp,3,
lp-fx126,,,,,,,,,,,,,,,https://lichtplein.nl/img/p/lp-fx126-4-l.webp,4,
lp-fx127,"LED schijnwerper 100W 16.000 lm 5000K, optiek 120x150°","<p>LED schijnwerper met gehard glas en PMMA-lens, IP66 en IK10. Keuze uit symmetrische en asymmetrische optieken (van 25 graden tot Type III), Meanwell- of Sosen-driver. Metalen afschermkap en RVS beschermrooster als toebehoren.</p><ul><li>IP66, IK10</li><li>Meerdere optieken</li><li>Gehard glas en PMMA-lens</li><li>Meanwell of Sosen</li><li>5 jaar garantie</li></ul><h3>Specificaties</h3><table><tr><td>Vermogen</td><td>100W</td></tr><tr><td>Lichtstroom</td><td>16.000 lm</td></tr><tr><td>Lichtrendement</td><td>160 lm/W</td></tr><tr><td>Kleurtemperatuur</td><td>5000K</td></tr><tr><td>Kleurweergave (CRI)</td><td>&gt; 70</td></tr><tr><td>Lichtverdeling</td><td>120x150°</td></tr><tr><td>Driver</td><td>Sosen</td></tr><tr><td>LED-chip</td><td>Lumileds</td></tr><tr><td>Dimming en besturing</td><td>niet dimbaar</td></tr><tr><td>Aansluitkabel</td><td>1 m</td></tr><tr><td>IP-klasse</td><td>IP66</td></tr><tr><td>Slagvastheid</td><td>IK10</td></tr><tr><td>Garantie</td><td>5 jaar</td></tr></table><p>Minimale afname 4 stuks. Projectprijs vanaf 100 stuks op aanvraag. Levering binnen 5 werkdagen.</p>",Lichtplein,FLUX,"FLUX,B2B,Schijnwerpers 100-400W",TRUE,Title,Default Title,LP-FX127,125.00,continue,manual,TRUE,TRUE,https://lichtplein.nl/img/p/lp-fx127-1-l.webp,1,active
lp-fx127,,,,,,,,,,,,,,,https://lichtplein.nl/img/p/lp-fx127-2-l.webp,2,
lp-fx127,,,,,,,,,,,,,,,https://lichtplein.nl/img/p/lp-fx127-3-l.webp,3,
lp-fx127,,,,,,,,,,,,,,,https://lichtplein.nl/img/p/lp-fx127-4-l.webp,4,
lp-fx128,"LED schijnwerper 150W 25.500 lm 5000K, optiek 120x150°","<p>LED schijnwerper met gehard glas en PMMA-lens, IP66 en IK10. Keuze uit symmetrische en asymmetrische optieken (van 25 graden tot Type III), Meanwell- of Sosen-driver. Metalen afschermkap en RVS beschermrooster als toebehoren.</p><ul><li>IP66, IK10</li><li>Meerdere optieken</li><li>Gehard glas en PMMA-lens</li><li>Meanwell of Sosen</li><li>5 jaar garantie</li></ul><h3>Specificaties</h3><table><tr><td>Vermogen</td><td>150W</td></tr><tr><td>Lichtstroom</td><td>25.500 lm</td></tr><tr><td>Lichtrendement</td><td>160 lm/W</td></tr><tr><td>Kleurtemperatuur</td><td>5000K</td></tr><tr><td>Kleurweergave (CRI)</td><td>&gt; 70</td></tr><tr><td>Lichtverdeling</td><td>120x150°</td></tr><tr><td>Driver</td><td>Sosen</td></tr><tr><td>LED-chip</td><td>Lumileds</td></tr><tr><td>Dimming en besturing</td><td>niet dimbaar</td></tr><tr><td>Aansluitkabel</td><td>1 m</td></tr><tr><td>IP-klasse</td><td>IP66</td></tr><tr><td>Slagvastheid</td><td>IK10</td></tr><tr><td>Garantie</td><td>5 jaar</td></tr></table><p>Minimale afname 6 stuks. Projectprijs vanaf 100 stuks op aanvraag. Levering binnen 5 werkdagen.</p>",Lichtplein,FLUX,"FLUX,B2B,Schijnwerpers 100-400W",TRUE,Title,Default Title,LP-FX128,149.00,continue,manual,TRUE,TRUE,https://lichtplein.nl/img/p/lp-fx128-1-l.webp,1,active
lp-fx128,,,,,,,,,,,,,,,https://lichtplein.nl/img/p/lp-fx128-2-l.webp,2,
lp-fx128,,,,,,,,,,,,,,,https://lichtplein.nl/img/p/lp-fx128-3-l.webp,3,
lp-fx128,,,,,,,,,,,,,,,https://lichtplein.nl/img/p/lp-fx128-4-l.webp,4,
lp-fx129,"LED schijnwerper 200W 34.000 lm 5000K, optiek MBP45","<p>LED schijnwerper met gehard glas en PMMA-lens, IP66 en IK10. Keuze uit symmetrische en asymmetrische optieken (van 25 graden tot Type III), Meanwell- of Sosen-driver. Metalen afschermkap en RVS beschermrooster als toebehoren.</p><ul><li>IP66, IK10</li><li>Meerdere optieken</li><li>Gehard glas en PMMA-lens</li><li>Meanwell of Sosen</li><li>5 jaar garantie</li></ul><h3>Specificaties</h3><table><tr><td>Vermogen</td><td>200W</td></tr><tr><td>Lichtstroom</td><td>34.000 lm</td></tr><tr><td>Lichtrendement</td><td>160 lm/W</td></tr><tr><td>Kleurtemperatuur</td><td>5000K</td></tr><tr><td>Kleurweergave (CRI)</td><td>&gt; 70</td></tr><tr><td>Lichtverdeling</td><td>MBP45</td></tr><tr><td>Driver</td><td>Sosen</td></tr><tr><td>LED-chip</td><td>Lumileds</td></tr><tr><td>Dimming en besturing</td><td>niet dimbaar</td></tr><tr><td>Aansluitkabel</td><td>1 m</td></tr><tr><td>IP-klasse</td><td>IP66</td></tr><tr><td>Slagvastheid</td><td>IK10</td></tr><tr><td>Garantie</td><td>5 jaar</td></tr></table><p>Minimale afname 4 stuks. Projectprijs vanaf 100 stuks op aanvraag. Levering binnen 5 werkdagen.</p>",Lichtplein,FLUX,"FLUX,B2B,Schijnwerpers 100-400W",TRUE,Title,Default Title,LP-FX129,195.00,continue,manual,TRUE,TRUE,https://lichtplein.nl/img/p/lp-fx129-1-l.webp,1,active
lp-fx129,,,,,,,,,,,,,,,https://lichtplein.nl/img/p/lp-fx129-2-l.webp,2,
lp-fx129,,,,,,,,,,,,,,,https://lichtplein.nl/img/p/lp-fx129-3-l.webp,3,
lp-fx129,,,,,,,,,,,,,,,https://lichtplein.nl/img/p/lp-fx129-4-l.webp,4,
lp-fx130,"LED schijnwerper 240W 40.800 lm 5000K, optiek MBP45","<p>LED schijnwerper met gehard glas en PMMA-lens, IP66 en IK10. Keuze uit symmetrische en asymmetrische optieken (van 25 graden tot Type III), Meanwell- of Sosen-driver. Metalen afschermkap en RVS beschermrooster als toebehoren.</p><ul><li>IP66, IK10</li><li>Meerdere optieken</li><li>Gehard glas en PMMA-lens</li><li>Meanwell of Sosen</li><li>5 jaar garantie</li></ul><h3>Specificaties</h3><table><tr><td>Vermogen</td><td>240W</td></tr><tr><td>Lichtstroom</td><td>40.800 lm</td></tr><tr><td>Lichtrendement</td><td>160 lm/W</td></tr><tr><td>Kleurtemperatuur</td><td>5000K</td></tr><tr><td>Kleurweergave (CRI)</td><td>&gt; 70</td></tr><tr><td>Lichtverdeling</td><td>MBP45</td></tr><tr><td>Driver</td><td>Sosen</td></tr><tr><td>LED-chip</td><td>Lumileds</td></tr><tr><td>Dimming en besturing</td><td>niet dimbaar</td></tr><tr><td>Aansluitkabel</td><td>1 m</td></tr><tr><td>IP-klasse</td><td>IP66</td></tr><tr><td>Slagvastheid</td><td>IK10</td></tr><tr><td>Garantie</td><td>5 jaar</td></tr></table><p>Minimale afname 4 stuks. Projectprijs vanaf 100 stuks op aanvraag. Levering binnen 5 werkdagen.</p>",Lichtplein,FLUX,"FLUX,B2B,Schijnwerpers 100-400W",TRUE,Title,Default Title,LP-FX130,219.00,continue,manual,TRUE,TRUE,https://lichtplein.nl/img/p/lp-fx130-1-l.webp,1,active
lp-fx130,,,,,,,,,,,,,,,https://lichtplein.nl/img/p/lp-fx130-2-l.webp,2,
lp-fx130,,,,,,,,,,,,,,,https://lichtplein.nl/img/p/lp-fx130-3-l.webp,3,
lp-fx130,,,,,,,,,,,,,,,https://lichtplein.nl/img/p/lp-fx130-4-l.webp,4,
lp-fx131,"LED schijnwerper 240W 40.800 lm 5000K, optiek 25°","<p>LED schijnwerper met gehard glas en PMMA-lens, IP66 en IK10. Keuze uit symmetrische en asymmetrische optieken (van 25 graden tot Type III), Meanwell- of Sosen-driver. Metalen afschermkap en RVS beschermrooster als toebehoren.</p><ul><li>IP66, IK10</li><li>Meerdere optieken</li><li>Gehard glas en PMMA-lens</li><li>Meanwell of Sosen</li><li>5 jaar garantie</li></ul><h3>Specificaties</h3><table><tr><td>Vermogen</td><td>240W</td></tr><tr><td>Lichtstroom</td><td>40.800 lm</td></tr><tr><td>Lichtrendement</td><td>160 lm/W</td></tr><tr><td>Kleurtemperatuur</td><td>5000K</td></tr><tr><td>Kleurweergave (CRI)</td><td>&gt; 70</td></tr><tr><td>Lichtverdeling</td><td>25°</td></tr><tr><td>Driver</td><td>Sosen</td></tr><tr><td>LED-chip</td><td>Lumileds</td></tr><tr><td>Dimming en besturing</td><td>niet dimbaar</td></tr><tr><td>Aansluitkabel</td><td>1 m</td></tr><tr><td>IP-klasse</td><td>IP66</td></tr><tr><td>Slagvastheid</td><td>IK10</td></tr><tr><td>Garantie</td><td>5 jaar</td></tr></table><p>Minimale afname 4 stuks. Projectprijs vanaf 100 stuks op aanvraag. Levering binnen 5 werkdagen.</p>",Lichtplein,FLUX,"FLUX,B2B,Schijnwerpers 100-400W",TRUE,Title,Default Title,LP-FX131,219.00,continue,manual,TRUE,TRUE,https://lichtplein.nl/img/p/lp-fx131-1-l.webp,1,active
lp-fx131,,,,,,,,,,,,,,,https://lichtplein.nl/img/p/lp-fx131-2-l.webp,2,
lp-fx131,,,,,,,,,,,,,,,https://lichtplein.nl/img/p/lp-fx131-3-l.webp,3,
lp-fx131,,,,,,,,,,,,,,,https://lichtplein.nl/img/p/lp-fx131-4-l.webp,4,
lp-fx132,"LED schijnwerper 400W 68.000 lm 5000K, optiek MBP45","<p>LED schijnwerper met gehard glas en PMMA-lens, IP66 en IK10. Keuze uit symmetrische en asymmetrische optieken (van 25 graden tot Type III), Meanwell- of Sosen-driver. Metalen afschermkap en RVS beschermrooster als toebehoren.</p><ul><li>IP66, IK10</li><li>Meerdere optieken</li><li>Gehard glas en PMMA-lens</li><li>Meanwell of Sosen</li><li>5 jaar garantie</li></ul><h3>Specificaties</h3><table><tr><td>Vermogen</td><td>400W</td></tr><tr><td>Lichtstroom</td><td>68.000 lm</td></tr><tr><td>Lichtrendement</td><td>160 lm/W</td></tr><tr><td>Kleurtemperatuur</td><td>5000K</td></tr><tr><td>Kleurweergave (CRI)</td><td>&gt; 70</td></tr><tr><td>Lichtverdeling</td><td>MBP45</td></tr><tr><td>Driver</td><td>Sosen</td></tr><tr><td>LED-chip</td><td>Lumileds</td></tr><tr><td>Dimming en besturing</td><td>niet dimbaar</td></tr><tr><td>Aansluitkabel</td><td>1 m</td></tr><tr><td>IP-klasse</td><td>IP66</td></tr><tr><td>Slagvastheid</td><td>IK10</td></tr><tr><td>Garantie</td><td>5 jaar</td></tr></table><p>Minimale afname 2 stuks. Projectprijs vanaf 100 stuks op aanvraag. Levering binnen 5 werkdagen.</p>",Lichtplein,FLUX,"FLUX,B2B,Schijnwerpers 100-400W",TRUE,Title,Default Title,LP-FX132,425.00,continue,manual,TRUE,TRUE,https://lichtplein.nl/img/p/lp-fx132-1-l.webp,1,active
lp-fx132,,,,,,,,,,,,,,,https://lichtplein.nl/img/p/lp-fx132-2-l.webp,2,
lp-fx132,,,,,,,,,,,,,,,https://lichtplein.nl/img/p/lp-fx132-3-l.webp,3,
lp-fx132,,,,,,,,,,,,,,,https://lichtplein.nl/img/p/lp-fx132-4-l.webp,4,
lp-fx133,"LED schijnwerper 400W 68.000 lm 5000K, optiek 25°","<p>LED schijnwerper met gehard glas en PMMA-lens, IP66 en IK10. Keuze uit symmetrische en asymmetrische optieken (van 25 graden tot Type III), Meanwell- of Sosen-driver. Metalen afschermkap en RVS beschermrooster als toebehoren.</p><ul><li>IP66, IK10</li><li>Meerdere optieken</li><li>Gehard glas en PMMA-lens</li><li>Meanwell of Sosen</li><li>5 jaar garantie</li></ul><h3>Specificaties</h3><table><tr><td>Vermogen</td><td>400W</td></tr><tr><td>Lichtstroom</td><td>68.000 lm</td></tr><tr><td>Lichtrendement</td><td>160 lm/W</td></tr><tr><td>Kleurtemperatuur</td><td>5000K</td></tr><tr><td>Kleurweergave (CRI)</td><td>&gt; 70</td></tr><tr><td>Lichtverdeling</td><td>25°</td></tr><tr><td>Driver</td><td>Sosen</td></tr><tr><td>LED-chip</td><td>Lumileds</td></tr><tr><td>Dimming en besturing</td><td>niet dimbaar</td></tr><tr><td>Aansluitkabel</td><td>1 m</td></tr><tr><td>IP-klasse</td><td>IP66</td></tr><tr><td>Slagvastheid</td><td>IK10</td></tr><tr><td>Garantie</td><td>5 jaar</td></tr></table><p>Minimale afname 2 stuks. Projectprijs vanaf 100 stuks op aanvraag. Levering binnen 5 werkdagen.</p>",Lichtplein,FLUX,"FLUX,B2B,Schijnwerpers 100-400W",TRUE,Title,Default Title,LP-FX133,425.00,continue,manual,TRUE,TRUE,https://lichtplein.nl/img/p/lp-fx133-1-l.webp,1,active
lp-fx133,,,,,,,,,,,,,,,https://lichtplein.nl/img/p/lp-fx133-2-l.webp,2,
lp-fx133,,,,,,,,,,,,,,,https://lichtplein.nl/img/p/lp-fx133-3-l.webp,3,
lp-fx133,,,,,,,,,,,,,,,https://lichtplein.nl/img/p/lp-fx133-4-l.webp,4,
lp-fx134,Metalen afschermkap voor schijnwerper 150 W,<p>Metalen afschermkap voor schijnwerper 150 W. Toebehoren voor de led schijnwerper uit de serie FLUX.</p><ul><li>Past op de armaturen uit deze serie</li><li>Direct uit voorraad</li></ul><h3>Specificaties</h3><table><tr><td>Garantie</td><td>5 jaar</td></tr></table><p>Minimale afname 8 stuks. Projectprijs vanaf 100 stuks op aanvraag. Levering binnen 5 werkdagen.</p>,Lichtplein,FLUX,"FLUX,B2B,Toebehoren",TRUE,Title,Default Title,LP-FX134,21.65,continue,manual,TRUE,TRUE,https://lichtplein.nl/img/p/lp-fx134-1-l.webp,1,active
lp-fx135,Verstelbare metalen afschermkap voor schijnwerper 150 W,<p>Verstelbare metalen afschermkap voor schijnwerper 150 W. Toebehoren voor de led schijnwerper uit de serie FLUX.</p><ul><li>Past op de armaturen uit deze serie</li><li>Direct uit voorraad</li></ul><h3>Specificaties</h3><table><tr><td>Garantie</td><td>5 jaar</td></tr></table><p>Minimale afname 8 stuks. Projectprijs vanaf 100 stuks op aanvraag. Levering binnen 5 werkdagen.</p>,Lichtplein,FLUX,"FLUX,B2B,Toebehoren",TRUE,Title,Default Title,LP-FX135,28.85,continue,manual,TRUE,TRUE,https://lichtplein.nl/img/p/lp-fx135-1-l.webp,1,active
lp-fx136,Verstelbare metalen afschermkap voor schijnwerper 200 W,<p>Verstelbare metalen afschermkap voor schijnwerper 200 W. Toebehoren voor de led schijnwerper uit de serie FLUX.</p><ul><li>Past op de armaturen uit deze serie</li><li>Direct uit voorraad</li></ul><h3>Specificaties</h3><table><tr><td>Garantie</td><td>5 jaar</td></tr></table><p>Minimale afname 8 stuks. Projectprijs vanaf 100 stuks op aanvraag. Levering binnen 5 werkdagen.</p>,Lichtplein,FLUX,"FLUX,B2B,Toebehoren",TRUE,Title,Default Title,LP-FX136,30.65,continue,manual,TRUE,TRUE,https://lichtplein.nl/img/p/lp-fx136-1-l.webp,1,active
lp-fx137,Verstelbare metalen afschermkap voor schijnwerper 300 W,<p>Verstelbare metalen afschermkap voor schijnwerper 300 W. Toebehoren voor de led schijnwerper uit de serie FLUX.</p><ul><li>Past op de armaturen uit deze serie</li><li>Direct uit voorraad</li></ul><h3>Specificaties</h3><table><tr><td>Garantie</td><td>5 jaar</td></tr></table><p>Minimale afname 8 stuks. Projectprijs vanaf 100 stuks op aanvraag. Levering binnen 5 werkdagen.</p>,Lichtplein,FLUX,"FLUX,B2B,Toebehoren",TRUE,Title,Default Title,LP-FX137,34.25,continue,manual,TRUE,TRUE,https://lichtplein.nl/img/p/lp-fx137-1-l.webp,1,active
lp-fx138,RVS beschermrooster IK10 voor schijnwerper 150 W,<p>RVS beschermrooster IK10 voor schijnwerper 150 W. Toebehoren voor de led schijnwerper uit de serie FLUX.</p><ul><li>Past op de armaturen uit deze serie</li><li>Direct uit voorraad</li></ul><h3>Specificaties</h3><table><tr><td>Garantie</td><td>5 jaar</td></tr></table><p>Minimale afname 8 stuks. Projectprijs vanaf 100 stuks op aanvraag. Levering binnen 5 werkdagen.</p>,Lichtplein,FLUX,"FLUX,B2B,Toebehoren",TRUE,Title,Default Title,LP-FX138,71.29,continue,manual,TRUE,TRUE,https://lichtplein.nl/img/p/lp-fx138-1-l.webp,1,active
lp-fx139,RVS beschermrooster IK10 voor schijnwerper 200 W,<p>RVS beschermrooster IK10 voor schijnwerper 200 W. Toebehoren voor de led schijnwerper uit de serie FLUX.</p><ul><li>Past op de armaturen uit deze serie</li><li>Direct uit voorraad</li></ul><h3>Specificaties</h3><table><tr><td>Garantie</td><td>5 jaar</td></tr></table><p>Minimale afname 8 stuks. Projectprijs vanaf 100 stuks op aanvraag. Levering binnen 5 werkdagen.</p>,Lichtplein,FLUX,"FLUX,B2B,Toebehoren",TRUE,Title,Default Title,LP-FX139,83.89,continue,manual,TRUE,TRUE,https://lichtplein.nl/img/p/lp-fx139-1-l.webp,1,active
lp-fx140,RVS beschermrooster IK10 voor schijnwerper 300 W,<p>RVS beschermrooster IK10 voor schijnwerper 300 W. Toebehoren voor de led schijnwerper uit de serie FLUX.</p><ul><li>Past op de armaturen uit deze serie</li><li>Direct uit voorraad</li></ul><h3>Specificaties</h3><table><tr><td>Garantie</td><td>5 jaar</td></tr></table><p>Minimale afname 8 stuks. Projectprijs vanaf 100 stuks op aanvraag. Levering binnen 5 werkdagen.</p>,Lichtplein,FLUX,"FLUX,B2B,Toebehoren",TRUE,Title,Default Title,LP-FX140,109.00,continue,manual,TRUE,TRUE,https://lichtplein.nl/img/p/lp-fx140-1-l.webp,1,active
lp-fx141,"LED stadionschijnwerper 500W 85.000 lm 5000K, optiek 30°","<p>Modulaire LED stadionschijnwerper met 170 lm/W en CREE-leds, van 500 tot 1500 W. Nauwkeurige hoekinstelling en optieken van 20 graden tot asymmetrisch. Driver apart, naar keuze Moso met DALI/DMX of Sosen met 1-10V.</p><ul><li>170 lm/W</li><li>500 tot 1500 W</li><li>CREE-leds</li><li>Driver naar keuze</li><li>5 jaar garantie</li></ul><h3>Specificaties</h3><table><tr><td>Vermogen</td><td>500W</td></tr><tr><td>Lichtstroom</td><td>85.000 lm</td></tr><tr><td>Lichtrendement</td><td>170 lm/W</td></tr><tr><td>Kleurtemperatuur</td><td>5000K</td></tr><tr><td>Kleurweergave (CRI)</td><td>&gt; 70</td></tr><tr><td>Lichtverdeling</td><td>30°</td></tr><tr><td>Driver</td><td>extern (apart bestellen)</td></tr><tr><td>LED-chip</td><td>CREE</td></tr><tr><td>IP-klasse</td><td>IP66</td></tr><tr><td>Garantie</td><td>5 jaar</td></tr></table><p>Minimale afname 1 stuk. Projectprijs vanaf 100 stuks op aanvraag. Levering binnen 5 werkdagen.</p>",Lichtplein,FLUX,"FLUX,B2B,Schijnwerpers stadion",TRUE,Title,Default Title,LP-FX141,485.00,continue,manual,TRUE,TRUE,https://lichtplein.nl/img/p/lp-fx141-1-l.webp,1,active
lp-fx141,,,,,,,,,,,,,,,https://lichtplein.nl/img/p/lp-fx141-2-l.webp,2,
lp-fx141,,,,,,,,,,,,,,,https://lichtplein.nl/img/p/lp-fx141-3-l.webp,3,
lp-fx141,,,,,,,,,,,,,,,https://lichtplein.nl/img/p/lp-fx141-4-l.webp,4,
lp-fx142,"LED stadionschijnwerper 500W 85.000 lm 5000K, optiek P50","<p>Modulaire LED stadionschijnwerper met 170 lm/W en CREE-leds, van 500 tot 1500 W. Nauwkeurige hoekinstelling en optieken van 20 graden tot asymmetrisch. Driver apart, naar keuze Moso met DALI/DMX of Sosen met 1-10V.</p><ul><li>170 lm/W</li><li>500 tot 1500 W</li><li>CREE-leds</li><li>Driver naar keuze</li><li>5 jaar garantie</li></ul><h3>Specificaties</h3><table><tr><td>Vermogen</td><td>500W</td></tr><tr><td>Lichtstroom</td><td>85.000 lm</td></tr><tr><td>Lichtrendement</td><td>170 lm/W</td></tr><tr><td>Kleurtemperatuur</td><td>5000K</td></tr><tr><td>Kleurweergave (CRI)</td><td>&gt; 70</td></tr><tr><td>Lichtverdeling</td><td>P50</td></tr><tr><td>Driver</td><td>extern (apart bestellen)</td></tr><tr><td>LED-chip</td><td>CREE</td></tr><tr><td>IP-klasse</td><td>IP66</td></tr><tr><td>Garantie</td><td>5 jaar</td></tr></table><p>Minimale afname 1 stuk. Projectprijs vanaf 100 stuks op aanvraag. Levering binnen 5 werkdagen.</p>",Lichtplein,FLUX,"FLUX,B2B,Schijnwerpers stadion",TRUE,Title,Default Title,LP-FX142,485.00,continue,manual,TRUE,TRUE,https://lichtplein.nl/img/p/lp-fx142-1-l.webp,1,active
lp-fx142,,,,,,,,,,,,,,,https://lichtplein.nl/img/p/lp-fx142-2-l.webp,2,
lp-fx142,,,,,,,,,,,,,,,https://lichtplein.nl/img/p/lp-fx142-3-l.webp,3,
lp-fx142,,,,,,,,,,,,,,,https://lichtplein.nl/img/p/lp-fx142-4-l.webp,4,
lp-fx143,LED-driver 500 W Moso met DALI en DMX,<p>LED-driver 500 W Moso met DALI en DMX. Toebehoren voor de led stadionschijnwerper uit de serie FLUX.</p><ul><li>Past op de armaturen uit deze serie</li><li>Direct uit voorraad</li></ul><h3>Specificaties</h3><table><tr><td>Garantie</td><td>5 jaar</td></tr></table><p>Minimale afname 4 stuks. Projectprijs vanaf 100 stuks op aanvraag. Levering binnen 5 werkdagen.</p>,Lichtplein,FLUX,"FLUX,B2B,Toebehoren",TRUE,Title,Default Title,LP-FX143,429.00,continue,manual,TRUE,TRUE,https://lichtplein.nl/img/p/lp-fx143-1-l.webp,1,active
lp-fx143,,,,,,,,,,,,,,,https://lichtplein.nl/img/p/lp-fx143-2-l.webp,2,
lp-fx143,,,,,,,,,,,,,,,https://lichtplein.nl/img/p/lp-fx143-3-l.webp,3,
lp-fx144,LED-driver 650 W Sosen met 1-10V,<p>LED-driver 650 W Sosen met 1-10V. Toebehoren voor de led stadionschijnwerper uit de serie FLUX.</p><ul><li>Past op de armaturen uit deze serie</li><li>Direct uit voorraad</li></ul><h3>Specificaties</h3><table><tr><td>Garantie</td><td>5 jaar</td></tr></table><p>Minimale afname 7 stuks. Projectprijs vanaf 100 stuks op aanvraag. Levering binnen 5 werkdagen.</p>,Lichtplein,FLUX,"FLUX,B2B,Toebehoren",TRUE,Title,Default Title,LP-FX144,215.00,continue,manual,TRUE,TRUE,https://lichtplein.nl/img/p/lp-fx144-1-l.webp,1,active
lp-fx144,,,,,,,,,,,,,,,https://lichtplein.nl/img/p/lp-fx144-2-l.webp,2,
lp-fx144,,,,,,,,,,,,,,,https://lichtplein.nl/img/p/lp-fx144-3-l.webp,3,
lp-fx145,"LED stadionschijnwerper 1000W 170.000 lm 5000K, optiek 20°","<p>Modulaire LED stadionschijnwerper met 170 lm/W en CREE-leds, van 500 tot 1500 W. Nauwkeurige hoekinstelling en optieken van 20 graden tot asymmetrisch. Driver apart, naar keuze Moso met DALI/DMX of Sosen met 1-10V.</p><ul><li>170 lm/W</li><li>500 tot 1500 W</li><li>CREE-leds</li><li>Driver naar keuze</li><li>5 jaar garantie</li></ul><h3>Specificaties</h3><table><tr><td>Vermogen</td><td>1000W</td></tr><tr><td>Lichtstroom</td><td>170.000 lm</td></tr><tr><td>Lichtrendement</td><td>170 lm/W</td></tr><tr><td>Kleurtemperatuur</td><td>5000K</td></tr><tr><td>Kleurweergave (CRI)</td><td>&gt; 70</td></tr><tr><td>Lichtverdeling</td><td>20°</td></tr><tr><td>Driver</td><td>extern (apart bestellen)</td></tr><tr><td>LED-chip</td><td>CREE</td></tr><tr><td>IP-klasse</td><td>IP66</td></tr><tr><td>Garantie</td><td>5 jaar</td></tr></table><p>Minimale afname 1 stuk. Projectprijs vanaf 100 stuks op aanvraag. Levering binnen 5 werkdagen.</p>",Lichtplein,FLUX,"FLUX,B2B,Schijnwerpers stadion",TRUE,Title,Default Title,LP-FX145,825.00,continue,manual,TRUE,TRUE,https://lichtplein.nl/img/p/lp-fx145-1-l.webp,1,active
lp-fx145,,,,,,,,,,,,,,,https://lichtplein.nl/img/p/lp-fx145-2-l.webp,2,
lp-fx145,,,,,,,,,,,,,,,https://lichtplein.nl/img/p/lp-fx145-3-l.webp,3,
lp-fx145,,,,,,,,,,,,,,,https://lichtplein.nl/img/p/lp-fx145-4-l.webp,4,
lp-fx146,"LED stadionschijnwerper 1000W 170.000 lm 5000K, optiek 30°","<p>Modulaire LED stadionschijnwerper met 170 lm/W en CREE-leds, van 500 tot 1500 W. Nauwkeurige hoekinstelling en optieken van 20 graden tot asymmetrisch. Driver apart, naar keuze Moso met DALI/DMX of Sosen met 1-10V.</p><ul><li>170 lm/W</li><li>500 tot 1500 W</li><li>CREE-leds</li><li>Driver naar keuze</li><li>5 jaar garantie</li></ul><h3>Specificaties</h3><table><tr><td>Vermogen</td><td>1000W</td></tr><tr><td>Lichtstroom</td><td>170.000 lm</td></tr><tr><td>Lichtrendement</td><td>170 lm/W</td></tr><tr><td>Kleurtemperatuur</td><td>5000K</td></tr><tr><td>Kleurweergave (CRI)</td><td>&gt; 70</td></tr><tr><td>Lichtverdeling</td><td>30°</td></tr><tr><td>Driver</td><td>extern (apart bestellen)</td></tr><tr><td>LED-chip</td><td>CREE</td></tr><tr><td>IP-klasse</td><td>IP66</td></tr><tr><td>Garantie</td><td>5 jaar</td></tr></table><p>Minimale afname 1 stuk. Projectprijs vanaf 100 stuks op aanvraag. Levering binnen 5 werkdagen.</p>",Lichtplein,FLUX,"FLUX,B2B,Schijnwerpers stadion",TRUE,Title,Default Title,LP-FX146,825.00,continue,manual,TRUE,TRUE,https://lichtplein.nl/img/p/lp-fx146-1-l.webp,1,active
lp-fx146,,,,,,,,,,,,,,,https://lichtplein.nl/img/p/lp-fx146-2-l.webp,2,
lp-fx146,,,,,,,,,,,,,,,https://lichtplein.nl/img/p/lp-fx146-3-l.webp,3,
lp-fx146,,,,,,,,,,,,,,,https://lichtplein.nl/img/p/lp-fx146-4-l.webp,4,
lp-fx147,"LED stadionschijnwerper 1000W 170.000 lm 5000K, optiek P50","<p>Modulaire LED stadionschijnwerper met 170 lm/W en CREE-leds, van 500 tot 1500 W. Nauwkeurige hoekinstelling en optieken van 20 graden tot asymmetrisch. Driver apart, naar keuze Moso met DALI/DMX of Sosen met 1-10V.</p><ul><li>170 lm/W</li><li>500 tot 1500 W</li><li>CREE-leds</li><li>Driver naar keuze</li><li>5 jaar garantie</li></ul><h3>Specificaties</h3><table><tr><td>Vermogen</td><td>1000W</td></tr><tr><td>Lichtstroom</td><td>170.000 lm</td></tr><tr><td>Lichtrendement</td><td>170 lm/W</td></tr><tr><td>Kleurtemperatuur</td><td>5000K</td></tr><tr><td>Kleurweergave (CRI)</td><td>&gt; 70</td></tr><tr><td>Lichtverdeling</td><td>P50</td></tr><tr><td>Driver</td><td>extern (apart bestellen)</td></tr><tr><td>LED-chip</td><td>CREE</td></tr><tr><td>IP-klasse</td><td>IP66</td></tr><tr><td>Garantie</td><td>5 jaar</td></tr></table><p>Minimale afname 1 stuk. Projectprijs vanaf 100 stuks op aanvraag. Levering binnen 5 werkdagen.</p>",Lichtplein,FLUX,"FLUX,B2B,Schijnwerpers stadion",TRUE,Title,Default Title,LP-FX147,825.00,continue,manual,TRUE,TRUE,https://lichtplein.nl/img/p/lp-fx147-1-l.webp,1,active
lp-fx147,,,,,,,,,,,,,,,https://lichtplein.nl/img/p/lp-fx147-2-l.webp,2,
lp-fx147,,,,,,,,,,,,,,,https://lichtplein.nl/img/p/lp-fx147-3-l.webp,3,
lp-fx147,,,,,,,,,,,,,,,https://lichtplein.nl/img/p/lp-fx147-4-l.webp,4,
lp-fx148,LED-driver 1000 W Moso met DALI en DMX,<p>LED-driver 1000 W Moso met DALI en DMX. Toebehoren voor de led stadionschijnwerper uit de serie FLUX.</p><ul><li>Past op de armaturen uit deze serie</li><li>Direct uit voorraad</li></ul><h3>Specificaties</h3><table><tr><td>Garantie</td><td>5 jaar</td></tr></table><p>Minimale afname 1 stuk. Projectprijs vanaf 100 stuks op aanvraag. Levering binnen 5 werkdagen.</p>,Lichtplein,FLUX,"FLUX,B2B,Toebehoren",TRUE,Title,Default Title,LP-FX148,719.00,continue,manual,TRUE,TRUE,https://lichtplein.nl/img/p/lp-fx148-1-l.webp,1,active
lp-fx148,,,,,,,,,,,,,,,https://lichtplein.nl/img/p/lp-fx148-2-l.webp,2,
lp-fx148,,,,,,,,,,,,,,,https://lichtplein.nl/img/p/lp-fx148-3-l.webp,3,
lp-fx149,LED-driver 1000 W Sosen met 1-10V,<p>LED-driver 1000 W Sosen met 1-10V. Toebehoren voor de led stadionschijnwerper uit de serie FLUX.</p><ul><li>Past op de armaturen uit deze serie</li><li>Direct uit voorraad</li></ul><h3>Specificaties</h3><table><tr><td>Garantie</td><td>5 jaar</td></tr></table><p>Minimale afname 5 stuks. Projectprijs vanaf 100 stuks op aanvraag. Levering binnen 5 werkdagen.</p>,Lichtplein,FLUX,"FLUX,B2B,Toebehoren",TRUE,Title,Default Title,LP-FX149,299.00,continue,manual,TRUE,TRUE,https://lichtplein.nl/img/p/lp-fx149-1-l.webp,1,active
lp-fx149,,,,,,,,,,,,,,,https://lichtplein.nl/img/p/lp-fx149-2-l.webp,2,
lp-fx149,,,,,,,,,,,,,,,https://lichtplein.nl/img/p/lp-fx149-3-l.webp,3,
lp-fx150,"LED stadionschijnwerper 1500W 255.000 lm 5000K, optiek 20°","<p>Modulaire LED stadionschijnwerper met 170 lm/W en CREE-leds, van 500 tot 1500 W. Nauwkeurige hoekinstelling en optieken van 20 graden tot asymmetrisch. Driver apart, naar keuze Moso met DALI/DMX of Sosen met 1-10V.</p><ul><li>170 lm/W</li><li>500 tot 1500 W</li><li>CREE-leds</li><li>Driver naar keuze</li><li>5 jaar garantie</li></ul><h3>Specificaties</h3><table><tr><td>Vermogen</td><td>1500W</td></tr><tr><td>Lichtstroom</td><td>255.000 lm</td></tr><tr><td>Lichtrendement</td><td>170 lm/W</td></tr><tr><td>Kleurtemperatuur</td><td>5000K</td></tr><tr><td>Kleurweergave (CRI)</td><td>&gt; 70</td></tr><tr><td>Lichtverdeling</td><td>20°</td></tr><tr><td>Driver</td><td>extern (apart bestellen)</td></tr><tr><td>LED-chip</td><td>CREE</td></tr><tr><td>IP-klasse</td><td>IP66</td></tr><tr><td>Garantie</td><td>5 jaar</td></tr></table><p>Minimale afname 1 stuk. Projectprijs vanaf 100 stuks op aanvraag. Levering binnen 5 werkdagen.</p>",Lichtplein,FLUX,"FLUX,B2B,Schijnwerpers stadion",TRUE,Title,Default Title,LP-FX150,1295.00,continue,manual,TRUE,TRUE,https://lichtplein.nl/img/p/lp-fx150-1-l.webp,1,active
lp-fx150,,,,,,,,,,,,,,,https://lichtplein.nl/img/p/lp-fx150-2-l.webp,2,
lp-fx150,,,,,,,,,,,,,,,https://lichtplein.nl/img/p/lp-fx150-3-l.webp,3,
lp-fx150,,,,,,,,,,,,,,,https://lichtplein.nl/img/p/lp-fx150-4-l.webp,4,
lp-fx151,"LED stadionschijnwerper 1500W 255.000 lm 5000K, optiek 30°","<p>Modulaire LED stadionschijnwerper met 170 lm/W en CREE-leds, van 500 tot 1500 W. Nauwkeurige hoekinstelling en optieken van 20 graden tot asymmetrisch. Driver apart, naar keuze Moso met DALI/DMX of Sosen met 1-10V.</p><ul><li>170 lm/W</li><li>500 tot 1500 W</li><li>CREE-leds</li><li>Driver naar keuze</li><li>5 jaar garantie</li></ul><h3>Specificaties</h3><table><tr><td>Vermogen</td><td>1500W</td></tr><tr><td>Lichtstroom</td><td>255.000 lm</td></tr><tr><td>Lichtrendement</td><td>170 lm/W</td></tr><tr><td>Kleurtemperatuur</td><td>5000K</td></tr><tr><td>Kleurweergave (CRI)</td><td>&gt; 70</td></tr><tr><td>Lichtverdeling</td><td>30°</td></tr><tr><td>Driver</td><td>extern (apart bestellen)</td></tr><tr><td>LED-chip</td><td>CREE</td></tr><tr><td>IP-klasse</td><td>IP66</td></tr><tr><td>Garantie</td><td>5 jaar</td></tr></table><p>Minimale afname 1 stuk. Projectprijs vanaf 100 stuks op aanvraag. Levering binnen 5 werkdagen.</p>",Lichtplein,FLUX,"FLUX,B2B,Schijnwerpers stadion",TRUE,Title,Default Title,LP-FX151,1295.00,continue,manual,TRUE,TRUE,https://lichtplein.nl/img/p/lp-fx151-1-l.webp,1,active
lp-fx151,,,,,,,,,,,,,,,https://lichtplein.nl/img/p/lp-fx151-2-l.webp,2,
lp-fx151,,,,,,,,,,,,,,,https://lichtplein.nl/img/p/lp-fx151-3-l.webp,3,
lp-fx151,,,,,,,,,,,,,,,https://lichtplein.nl/img/p/lp-fx151-4-l.webp,4,
lp-fx152,"LED stadionschijnwerper 1500W 255.000 lm 5000K, optiek P50","<p>Modulaire LED stadionschijnwerper met 170 lm/W en CREE-leds, van 500 tot 1500 W. Nauwkeurige hoekinstelling en optieken van 20 graden tot asymmetrisch. Driver apart, naar keuze Moso met DALI/DMX of Sosen met 1-10V.</p><ul><li>170 lm/W</li><li>500 tot 1500 W</li><li>CREE-leds</li><li>Driver naar keuze</li><li>5 jaar garantie</li></ul><h3>Specificaties</h3><table><tr><td>Vermogen</td><td>1500W</td></tr><tr><td>Lichtstroom</td><td>255.000 lm</td></tr><tr><td>Lichtrendement</td><td>170 lm/W</td></tr><tr><td>Kleurtemperatuur</td><td>5000K</td></tr><tr><td>Kleurweergave (CRI)</td><td>&gt; 70</td></tr><tr><td>Lichtverdeling</td><td>P50</td></tr><tr><td>Driver</td><td>extern (apart bestellen)</td></tr><tr><td>LED-chip</td><td>CREE</td></tr><tr><td>IP-klasse</td><td>IP66</td></tr><tr><td>Garantie</td><td>5 jaar</td></tr></table><p>Minimale afname 1 stuk. Projectprijs vanaf 100 stuks op aanvraag. Levering binnen 5 werkdagen.</p>",Lichtplein,FLUX,"FLUX,B2B,Schijnwerpers stadion",TRUE,Title,Default Title,LP-FX152,1295.00,continue,manual,TRUE,TRUE,https://lichtplein.nl/img/p/lp-fx152-1-l.webp,1,active
lp-fx152,,,,,,,,,,,,,,,https://lichtplein.nl/img/p/lp-fx152-2-l.webp,2,
lp-fx152,,,,,,,,,,,,,,,https://lichtplein.nl/img/p/lp-fx152-3-l.webp,3,
lp-fx152,,,,,,,,,,,,,,,https://lichtplein.nl/img/p/lp-fx152-4-l.webp,4,
lp-fx153,LED-driver 1500 W Moso met DALI en DMX,<p>LED-driver 1500 W Moso met DALI en DMX. Toebehoren voor de led stadionschijnwerper uit de serie FLUX.</p><ul><li>Past op de armaturen uit deze serie</li><li>Direct uit voorraad</li></ul><h3>Specificaties</h3><table><tr><td>Garantie</td><td>5 jaar</td></tr></table><p>Minimale afname 1 stuk. Projectprijs vanaf 100 stuks op aanvraag. Levering binnen 5 werkdagen.</p>,Lichtplein,FLUX,"FLUX,B2B,Toebehoren",TRUE,Title,Default Title,LP-FX153,849.00,continue,manual,TRUE,TRUE,https://lichtplein.nl/img/p/lp-fx153-1-l.webp,1,active
lp-fx153,,,,,,,,,,,,,,,https://lichtplein.nl/img/p/lp-fx153-2-l.webp,2,
lp-fx153,,,,,,,,,,,,,,,https://lichtplein.nl/img/p/lp-fx153-3-l.webp,3,
lp-fo101,"Opbouw enkelpolige schakelaar IP44, wit","<p>Spatwaterdicht opbouwmateriaal (IP44) voor garages, schuren, kelders en buitenruimtes. Robuuste behuizing in wit of zwart, direct op de wand te monteren zonder inbouwdoos.</p><ul><li>CE-gecertificeerd</li><li>Schroefklem</li><li>Past in standaard inbouwdoos</li></ul><h3>Specificaties</h3><table><tr><td>Montage</td><td>Opbouw</td></tr><tr><td>IP-klasse</td><td>IP44</td></tr><tr><td>Nominale stroom</td><td>10 A</td></tr><tr><td>Aansluitklem</td><td>Schroefklem</td></tr><tr><td>Kleur</td><td>wit</td></tr><tr><td>Spanning</td><td>230 V</td></tr></table><p>Minimale afname 10 stuks. Projectprijs vanaf 100 stuks op aanvraag. Levering binnen 5 werkdagen.</p>",Lichtplein,FORTA,"FORTA,B2B,Schakelaars",TRUE,Title,Default Title,LP-FO101,10.15,continue,manual,TRUE,TRUE,https://lichtplein.nl/img/p/lp-fo101-1-l.webp,1,active
lp-fo102,"Opbouw serieschakelaar (2-voudig) IP44, wit","<p>Spatwaterdicht opbouwmateriaal (IP44) voor garages, schuren, kelders en buitenruimtes. Robuuste behuizing in wit of zwart, direct op de wand te monteren zonder inbouwdoos.</p><ul><li>CE-gecertificeerd</li><li>Schroefklem</li><li>Past in standaard inbouwdoos</li></ul><h3>Specificaties</h3><table><tr><td>Montage</td><td>Opbouw</td></tr><tr><td>IP-klasse</td><td>IP44</td></tr><tr><td>Nominale stroom</td><td>10 A</td></tr><tr><td>Aansluitklem</td><td>Schroefklem</td></tr><tr><td>Kleur</td><td>wit</td></tr><tr><td>Spanning</td><td>230 V</td></tr></table><p>Minimale afname 10 stuks. Projectprijs vanaf 100 stuks op aanvraag. Levering binnen 5 werkdagen.</p>",Lichtplein,FORTA,"FORTA,B2B,Schakelaars",TRUE,Title,Default Title,LP-FO102,13.35,continue,manual,TRUE,TRUE,https://lichtplein.nl/img/p/lp-fo102-1-l.webp,1,active
lp-fo103,"Opbouw wisselschakelaar IP44, wit","<p>Spatwaterdicht opbouwmateriaal (IP44) voor garages, schuren, kelders en buitenruimtes. Robuuste behuizing in wit of zwart, direct op de wand te monteren zonder inbouwdoos.</p><ul><li>CE-gecertificeerd</li><li>Schroefklem</li><li>Past in standaard inbouwdoos</li></ul><h3>Specificaties</h3><table><tr><td>Montage</td><td>Opbouw</td></tr><tr><td>IP-klasse</td><td>IP44</td></tr><tr><td>Nominale stroom</td><td>10 A</td></tr><tr><td>Aansluitklem</td><td>Schroefklem</td></tr><tr><td>Kleur</td><td>wit</td></tr><tr><td>Spanning</td><td>230 V</td></tr></table><p>Minimale afname 10 stuks. Projectprijs vanaf 100 stuks op aanvraag. Levering binnen 5 werkdagen.</p>",Lichtplein,FORTA,"FORTA,B2B,Schakelaars",TRUE,Title,Default Title,LP-FO103,14.25,continue,manual,TRUE,TRUE,https://lichtplein.nl/img/p/lp-fo103-1-l.webp,1,active
lp-fo104,"Opbouw kruisschakelaar IP44, wit","<p>Spatwaterdicht opbouwmateriaal (IP44) voor garages, schuren, kelders en buitenruimtes. Robuuste behuizing in wit of zwart, direct op de wand te monteren zonder inbouwdoos.</p><ul><li>CE-gecertificeerd</li><li>Schroefklem</li><li>Past in standaard inbouwdoos</li></ul><h3>Specificaties</h3><table><tr><td>Montage</td><td>Opbouw</td></tr><tr><td>IP-klasse</td><td>IP44</td></tr><tr><td>Nominale stroom</td><td>10 A</td></tr><tr><td>Aansluitklem</td><td>Schroefklem</td></tr><tr><td>Kleur</td><td>wit</td></tr><tr><td>Spanning</td><td>230 V</td></tr></table><p>Minimale afname 10 stuks. Projectprijs vanaf 100 stuks op aanvraag. Levering binnen 5 werkdagen.</p>",Lichtplein,FORTA,"FORTA,B2B,Schakelaars",TRUE,Title,Default Title,LP-FO104,17.05,continue,manual,TRUE,TRUE,https://lichtplein.nl/img/p/lp-fo104-1-l.webp,1,active
lp-fo104,,,,,,,,,,,,,,,https://lichtplein.nl/img/p/lp-fo104-2-l.webp,2,
lp-fo105,"Opbouw beldrukker IP44, wit","<p>Spatwaterdicht opbouwmateriaal (IP44) voor garages, schuren, kelders en buitenruimtes. Robuuste behuizing in wit of zwart, direct op de wand te monteren zonder inbouwdoos.</p><ul><li>CE-gecertificeerd</li><li>Schroefklem</li><li>Past in standaard inbouwdoos</li></ul><h3>Specificaties</h3><table><tr><td>Montage</td><td>Opbouw</td></tr><tr><td>IP-klasse</td><td>IP44</td></tr><tr><td>Nominale stroom</td><td>10 A</td></tr><tr><td>Aansluitklem</td><td>Schroefklem</td></tr><tr><td>Kleur</td><td>wit</td></tr><tr><td>Spanning</td><td>230 V</td></tr></table><p>Minimale afname 10 stuks. Projectprijs vanaf 100 stuks op aanvraag. Levering binnen 5 werkdagen.</p>",Lichtplein,FORTA,"FORTA,B2B,Schakelaars",TRUE,Title,Default Title,LP-FO105,14.79,continue,manual,TRUE,TRUE,https://lichtplein.nl/img/p/lp-fo105-1-l.webp,1,active
lp-fo106,"Opbouw jaloezieschakelaar IP44, wit","<p>Spatwaterdicht opbouwmateriaal (IP44) voor garages, schuren, kelders en buitenruimtes. Robuuste behuizing in wit of zwart, direct op de wand te monteren zonder inbouwdoos.</p><ul><li>CE-gecertificeerd</li><li>Schroefklem</li><li>Past in standaard inbouwdoos</li></ul><h3>Specificaties</h3><table><tr><td>Montage</td><td>Opbouw</td></tr><tr><td>IP-klasse</td><td>IP44</td></tr><tr><td>Nominale stroom</td><td>10 A</td></tr><tr><td>Aansluitklem</td><td>Schroefklem</td></tr><tr><td>Kleur</td><td>wit</td></tr><tr><td>Spanning</td><td>230 V</td></tr></table><p>Minimale afname 10 stuks. Projectprijs vanaf 100 stuks op aanvraag. Levering binnen 5 werkdagen.</p>",Lichtplein,FORTA,"FORTA,B2B,Schakelaars",TRUE,Title,Default Title,LP-FO106,16.15,continue,manual,TRUE,TRUE,,,active
lp-fo107,"Dubbele wandcontactdoos met randaarde IP44, wit","<p>Spatwaterdicht opbouwmateriaal (IP44) voor garages, schuren, kelders en buitenruimtes. Robuuste behuizing in wit of zwart, direct op de wand te monteren zonder inbouwdoos.</p><ul><li>CE-gecertificeerd</li><li>Schroefklem</li><li>Past in standaard inbouwdoos</li></ul><h3>Specificaties</h3><table><tr><td>Nominale stroom</td><td>16 A</td></tr><tr><td>Montage</td><td>Inbouw</td></tr><tr><td>IP-klasse</td><td>IP44</td></tr><tr><td>Afdekraam</td><td>Inclusief afdekraam</td></tr><tr><td>Aansluitklem</td><td>Schroefklem</td></tr><tr><td>Kleur</td><td>wit</td></tr><tr><td>Spanning</td><td>230 V</td></tr></table><p>Minimale afname 10 stuks. Projectprijs vanaf 100 stuks op aanvraag. Levering binnen 5 werkdagen.</p>",Lichtplein,FORTA,"FORTA,B2B,Wandcontactdozen",TRUE,Title,Default Title,LP-FO107,13.85,continue,manual,TRUE,TRUE,https://lichtplein.nl/img/p/lp-fo107-1-l.webp,1,active
lp-fo107,,,,,,,,,,,,,,,https://lichtplein.nl/img/p/lp-fo107-2-l.webp,2,
lp-fo108,"Opbouw dubbele wandcontactdoos met randaarde IP44, wit","<p>Spatwaterdicht opbouwmateriaal (IP44) voor garages, schuren, kelders en buitenruimtes. Robuuste behuizing in wit of zwart, direct op de wand te monteren zonder inbouwdoos.</p><ul><li>CE-gecertificeerd</li><li>Schroefklem</li><li>Past in standaard inbouwdoos</li></ul><h3>Specificaties</h3><table><tr><td>Nominale stroom</td><td>16 A</td></tr><tr><td>Montage</td><td>Opbouw</td></tr><tr><td>IP-klasse</td><td>IP44</td></tr><tr><td>Aansluitklem</td><td>Schroefklem</td></tr><tr><td>Kleur</td><td>wit</td></tr><tr><td>Spanning</td><td>230 V</td></tr></table><p>Minimale afname 10 stuks. Projectprijs vanaf 100 stuks op aanvraag. Levering binnen 5 werkdagen.</p>",Lichtplein,FORTA,"FORTA,B2B,Wandcontactdozen",TRUE,Title,Default Title,LP-FO108,14.25,continue,manual,TRUE,TRUE,https://lichtplein.nl/img/p/lp-fo108-1-l.webp,1,active
lp-fo108,,,,,,,,,,,,,,,https://lichtplein.nl/img/p/lp-fo108-2-l.webp,2,
lp-fo108,,,,,,,,,,,,,,,https://lichtplein.nl/img/p/lp-fo108-3-l.webp,3,
lp-fo108,,,,,,,,,,,,,,,https://lichtplein.nl/img/p/lp-fo108-4-l.webp,4,
lp-fo109,"Opbouw wandcontactdoos zonder randaarde IP44, wit","<p>Spatwaterdicht opbouwmateriaal (IP44) voor garages, schuren, kelders en buitenruimtes. Robuuste behuizing in wit of zwart, direct op de wand te monteren zonder inbouwdoos.</p><ul><li>CE-gecertificeerd</li><li>Schroefklem</li><li>Past in standaard inbouwdoos</li></ul><h3>Specificaties</h3><table><tr><td>Nominale stroom</td><td>16 A</td></tr><tr><td>Montage</td><td>Opbouw</td></tr><tr><td>IP-klasse</td><td>IP44</td></tr><tr><td>Aansluitklem</td><td>Schroefklem</td></tr><tr><td>Kleur</td><td>wit</td></tr><tr><td>Spanning</td><td>230 V</td></tr></table><p>Minimale afname 10 stuks. Projectprijs vanaf 100 stuks op aanvraag. Levering binnen 5 werkdagen.</p>",Lichtplein,FORTA,"FORTA,B2B,Wandcontactdozen",TRUE,Title,Default Title,LP-FO109,10.59,continue,manual,TRUE,TRUE,https://lichtplein.nl/img/p/lp-fo109-1-l.webp,1,active
lp-fo109,,,,,,,,,,,,,,,https://lichtplein.nl/img/p/lp-fo109-2-l.webp,2,
lp-fo109,,,,,,,,,,,,,,,https://lichtplein.nl/img/p/lp-fo109-3-l.webp,3,
lp-fo109,,,,,,,,,,,,,,,https://lichtplein.nl/img/p/lp-fo109-4-l.webp,4,
lp-fo110,"Opbouw enkelpolige schakelaar IP44, zwart","<p>Spatwaterdicht opbouwmateriaal (IP44) voor garages, schuren, kelders en buitenruimtes. Robuuste behuizing in wit of zwart, direct op de wand te monteren zonder inbouwdoos.</p><ul><li>CE-gecertificeerd</li><li>Schroefklem</li><li>Past in standaard inbouwdoos</li></ul><h3>Specificaties</h3><table><tr><td>Montage</td><td>Opbouw</td></tr><tr><td>IP-klasse</td><td>IP44</td></tr><tr><td>Nominale stroom</td><td>10 A</td></tr><tr><td>Aansluitklem</td><td>Schroefklem</td></tr><tr><td>Kleur</td><td>zwart</td></tr><tr><td>Spanning</td><td>230 V</td></tr></table><p>Minimale afname 10 stuks. Projectprijs vanaf 100 stuks op aanvraag. Levering binnen 5 werkdagen.</p>",Lichtplein,FORTA,"FORTA,B2B,Schakelaars",TRUE,Title,Default Title,LP-FO110,13.35,continue,manual,TRUE,TRUE,https://lichtplein.nl/img/p/lp-fo110-1-l.webp,1,active
lp-fo111,"Opbouw serieschakelaar (2-voudig) IP44, zwart","<p>Spatwaterdicht opbouwmateriaal (IP44) voor garages, schuren, kelders en buitenruimtes. Robuuste behuizing in wit of zwart, direct op de wand te monteren zonder inbouwdoos.</p><ul><li>CE-gecertificeerd</li><li>Schroefklem</li><li>Past in standaard inbouwdoos</li></ul><h3>Specificaties</h3><table><tr><td>Montage</td><td>Opbouw</td></tr><tr><td>IP-klasse</td><td>IP44</td></tr><tr><td>Nominale stroom</td><td>10 A</td></tr><tr><td>Aansluitklem</td><td>Schroefklem</td></tr><tr><td>Kleur</td><td>zwart</td></tr><tr><td>Spanning</td><td>230 V</td></tr></table><p>Minimale afname 10 stuks. Projectprijs vanaf 100 stuks op aanvraag. Levering binnen 5 werkdagen.</p>",Lichtplein,FORTA,"FORTA,B2B,Schakelaars",TRUE,Title,Default Title,LP-FO111,17.49,continue,manual,TRUE,TRUE,https://lichtplein.nl/img/p/lp-fo111-1-l.webp,1,active
lp-fo112,"Opbouw wisselschakelaar IP44, zwart","<p>Spatwaterdicht opbouwmateriaal (IP44) voor garages, schuren, kelders en buitenruimtes. Robuuste behuizing in wit of zwart, direct op de wand te monteren zonder inbouwdoos.</p><ul><li>CE-gecertificeerd</li><li>Schroefklem</li><li>Past in standaard inbouwdoos</li></ul><h3>Specificaties</h3><table><tr><td>Montage</td><td>Opbouw</td></tr><tr><td>IP-klasse</td><td>IP44</td></tr><tr><td>Nominale stroom</td><td>10 A</td></tr><tr><td>Aansluitklem</td><td>Schroefklem</td></tr><tr><td>Kleur</td><td>zwart</td></tr><tr><td>Spanning</td><td>230 V</td></tr></table><p>Minimale afname 10 stuks. Projectprijs vanaf 100 stuks op aanvraag. Levering binnen 5 werkdagen.</p>",Lichtplein,FORTA,"FORTA,B2B,Schakelaars",TRUE,Title,Default Title,LP-FO112,18.45,continue,manual,TRUE,TRUE,https://lichtplein.nl/img/p/lp-fo112-1-l.webp,1,active
lp-fo113,"Opbouw kruisschakelaar IP44, zwart","<p>Spatwaterdicht opbouwmateriaal (IP44) voor garages, schuren, kelders en buitenruimtes. Robuuste behuizing in wit of zwart, direct op de wand te monteren zonder inbouwdoos.</p><ul><li>CE-gecertificeerd</li><li>Schroefklem</li><li>Past in standaard inbouwdoos</li></ul><h3>Specificaties</h3><table><tr><td>Montage</td><td>Opbouw</td></tr><tr><td>IP-klasse</td><td>IP44</td></tr><tr><td>Nominale stroom</td><td>10 A</td></tr><tr><td>Aansluitklem</td><td>Schroefklem</td></tr><tr><td>Kleur</td><td>zwart</td></tr><tr><td>Spanning</td><td>230 V</td></tr></table><p>Minimale afname 10 stuks. Projectprijs vanaf 100 stuks op aanvraag. Levering binnen 5 werkdagen.</p>",Lichtplein,FORTA,"FORTA,B2B,Schakelaars",TRUE,Title,Default Title,LP-FO113,22.09,continue,manual,TRUE,TRUE,https://lichtplein.nl/img/p/lp-fo113-1-l.webp,1,active
lp-fo114,"Opbouw beldrukker IP44, zwart","<p>Spatwaterdicht opbouwmateriaal (IP44) voor garages, schuren, kelders en buitenruimtes. Robuuste behuizing in wit of zwart, direct op de wand te monteren zonder inbouwdoos.</p><ul><li>CE-gecertificeerd</li><li>Schroefklem</li><li>Past in standaard inbouwdoos</li></ul><h3>Specificaties</h3><table><tr><td>Montage</td><td>Opbouw</td></tr><tr><td>IP-klasse</td><td>IP44</td></tr><tr><td>Nominale stroom</td><td>10 A</td></tr><tr><td>Aansluitklem</td><td>Schroefklem</td></tr><tr><td>Kleur</td><td>zwart</td></tr><tr><td>Spanning</td><td>230 V</td></tr></table><p>Minimale afname 10 stuks. Projectprijs vanaf 100 stuks op aanvraag. Levering binnen 5 werkdagen.</p>",Lichtplein,FORTA,"FORTA,B2B,Schakelaars",TRUE,Title,Default Title,LP-FO114,18.89,continue,manual,TRUE,TRUE,https://lichtplein.nl/img/p/lp-fo114-1-l.webp,1,active
lp-fo114,,,,,,,,,,,,,,,https://lichtplein.nl/img/p/lp-fo114-2-l.webp,2,
lp-fo115,"Dubbele wandcontactdoos met randaarde IP44, zwart","<p>Spatwaterdicht opbouwmateriaal (IP44) voor garages, schuren, kelders en buitenruimtes. Robuuste behuizing in wit of zwart, direct op de wand te monteren zonder inbouwdoos.</p><ul><li>CE-gecertificeerd</li><li>Schroefklem</li><li>Past in standaard inbouwdoos</li></ul><h3>Specificaties</h3><table><tr><td>Nominale stroom</td><td>16 A</td></tr><tr><td>Montage</td><td>Inbouw</td></tr><tr><td>IP-klasse</td><td>IP44</td></tr><tr><td>Afdekraam</td><td>Inclusief afdekraam</td></tr><tr><td>Aansluitklem</td><td>Schroefklem</td></tr><tr><td>Kleur</td><td>zwart</td></tr><tr><td>Spanning</td><td>230 V</td></tr></table><p>Minimale afname 10 stuks. Projectprijs vanaf 100 stuks op aanvraag. Levering binnen 5 werkdagen.</p>",Lichtplein,FORTA,"FORTA,B2B,Wandcontactdozen",TRUE,Title,Default Title,LP-FO115,19.85,continue,manual,TRUE,TRUE,https://lichtplein.nl/img/p/lp-fo115-1-l.webp,1,active
lp-fo115,,,,,,,,,,,,,,,https://lichtplein.nl/img/p/lp-fo115-2-l.webp,2,
lp-fo116,"Opbouw dubbele wandcontactdoos met randaarde IP44, zwart","<p>Spatwaterdicht opbouwmateriaal (IP44) voor garages, schuren, kelders en buitenruimtes. Robuuste behuizing in wit of zwart, direct op de wand te monteren zonder inbouwdoos.</p><ul><li>CE-gecertificeerd</li><li>Schroefklem</li><li>Past in standaard inbouwdoos</li></ul><h3>Specificaties</h3><table><tr><td>Nominale stroom</td><td>16 A</td></tr><tr><td>Montage</td><td>Opbouw</td></tr><tr><td>IP-klasse</td><td>IP44</td></tr><tr><td>Aansluitklem</td><td>Schroefklem</td></tr><tr><td>Kleur</td><td>zwart</td></tr><tr><td>Spanning</td><td>230 V</td></tr></table><p>Minimale afname 10 stuks. Projectprijs vanaf 100 stuks op aanvraag. Levering binnen 5 werkdagen.</p>",Lichtplein,FORTA,"FORTA,B2B,Wandcontactdozen",TRUE,Title,Default Title,LP-FO116,22.09,continue,manual,TRUE,TRUE,https://lichtplein.nl/img/p/lp-fo116-1-l.webp,1,active
lp-fo116,,,,,,,,,,,,,,,https://lichtplein.nl/img/p/lp-fo116-2-l.webp,2,
lp-fo116,,,,,,,,,,,,,,,https://lichtplein.nl/img/p/lp-fo116-3-l.webp,3,
lp-fo116,,,,,,,,,,,,,,,https://lichtplein.nl/img/p/lp-fo116-4-l.webp,4,
lp-fo117,"Opbouw wandcontactdoos zonder randaarde IP44, zwart","<p>Spatwaterdicht opbouwmateriaal (IP44) voor garages, schuren, kelders en buitenruimtes. Robuuste behuizing in wit of zwart, direct op de wand te monteren zonder inbouwdoos.</p><ul><li>CE-gecertificeerd</li><li>Schroefklem</li><li>Past in standaard inbouwdoos</li></ul><h3>Specificaties</h3><table><tr><td>Nominale stroom</td><td>16 A</td></tr><tr><td>Montage</td><td>Opbouw</td></tr><tr><td>IP-klasse</td><td>IP44</td></tr><tr><td>Aansluitklem</td><td>Schroefklem</td></tr><tr><td>Kleur</td><td>zwart</td></tr><tr><td>Spanning</td><td>230 V</td></tr></table><p>Minimale afname 10 stuks. Projectprijs vanaf 100 stuks op aanvraag. Levering binnen 5 werkdagen.</p>",Lichtplein,FORTA,"FORTA,B2B,Wandcontactdozen",TRUE,Title,Default Title,LP-FO117,14.09,continue,manual,TRUE,TRUE,https://lichtplein.nl/img/p/lp-fo117-1-l.webp,1,active
lp-fo118,"Opbouw wandcontactdoos zonder randaarde IP44, groen","<p>Spatwaterdicht opbouwmateriaal (IP44) voor garages, schuren, kelders en buitenruimtes. Robuuste behuizing in wit of zwart, direct op de wand te monteren zonder inbouwdoos.</p><ul><li>CE-gecertificeerd</li><li>Schroefklem</li><li>Past in standaard inbouwdoos</li></ul><h3>Specificaties</h3><table><tr><td>Nominale stroom</td><td>16 A</td></tr><tr><td>Montage</td><td>Opbouw</td></tr><tr><td>IP-klasse</td><td>IP44</td></tr><tr><td>Aansluitklem</td><td>Schroefklem</td></tr><tr><td>Kleur</td><td>groen</td></tr><tr><td>Spanning</td><td>230 V</td></tr></table><p>Minimale afname 10 stuks. Projectprijs vanaf 100 stuks op aanvraag. Levering binnen 5 werkdagen.</p>",Lichtplein,FORTA,"FORTA,B2B,Wandcontactdozen",TRUE,Title,Default Title,LP-FO118,10.69,continue,manual,TRUE,TRUE,https://lichtplein.nl/img/p/lp-fo118-1-l.webp,1,active
lp-fo118,,,,,,,,,,,,,,,https://lichtplein.nl/img/p/lp-fo118-2-l.webp,2,
lp-fo118,,,,,,,,,,,,,,,https://lichtplein.nl/img/p/lp-fo118-3-l.webp,3,
lp-fo118,,,,,,,,,,,,,,,https://lichtplein.nl/img/p/lp-fo118-4-l.webp,4,
lp-ln101,"LED lijnarmatuur 24-40W instelbaar 4000K, zwart","<p>Strak lineair LED armatuur voor kantoren en winkels, UGR&lt;21 en vermogen instelbaar via dipswitch. Naadloos koppelbaar tot doorlopende lichtlijnen, opbouw of pendel. Leverbaar in wit en zwart; optioneel met indirecte uplight-module.</p><ul><li>UGR&lt;21</li><li>Vermogen instelbaar</li><li>Naadloos koppelbaar</li><li>Wit of zwart</li><li>5 jaar garantie</li></ul><h3>Specificaties</h3><table><tr><td>Vermogen</td><td>24-32-40W</td></tr><tr><td>Lichtrendement</td><td>120 lm/W</td></tr><tr><td>Kleurtemperatuur</td><td>4000K</td></tr><tr><td>Kleurweergave (CRI)</td><td>&gt; 80</td></tr><tr><td>Driver</td><td>Eaglerise</td></tr><tr><td>LED-chip</td><td>Sanan</td></tr><tr><td>Afmetingen</td><td>1208 x 45 x 75 mm</td></tr><tr><td>Kleur</td><td>zwart</td></tr><tr><td>IP-klasse</td><td>IP65</td></tr><tr><td>Garantie</td><td>5 jaar</td></tr></table><p>Minimale afname 6 stuks. Projectprijs vanaf 100 stuks op aanvraag. Levering binnen 5 werkdagen.</p>",Lichtplein,LINEA,"LINEA,B2B,Lijnarmaturen kantoor",TRUE,Title,Default Title,LP-LN101,115.00,continue,manual,TRUE,TRUE,https://lichtplein.nl/img/p/lp-ln101-1-l.webp,1,active
lp-ln101,,,,,,,,,,,,,,,https://lichtplein.nl/img/p/lp-ln101-2-l.webp,2,
lp-ln101,,,,,,,,,,,,,,,https://lichtplein.nl/img/p/lp-ln101-3-l.webp,3,
lp-ln101,,,,,,,,,,,,,,,https://lichtplein.nl/img/p/lp-ln101-4-l.webp,4,
lp-ln102,"LED lijnarmatuur 24-40W instelbaar 4000K, wit","<p>Strak lineair LED armatuur voor kantoren en winkels, UGR&lt;21 en vermogen instelbaar via dipswitch. Naadloos koppelbaar tot doorlopende lichtlijnen, opbouw of pendel. Leverbaar in wit en zwart; optioneel met indirecte uplight-module.</p><ul><li>UGR&lt;21</li><li>Vermogen instelbaar</li><li>Naadloos koppelbaar</li><li>Wit of zwart</li><li>5 jaar garantie</li></ul><h3>Specificaties</h3><table><tr><td>Vermogen</td><td>24-32-40W</td></tr><tr><td>Lichtrendement</td><td>120 lm/W</td></tr><tr><td>Kleurtemperatuur</td><td>4000K</td></tr><tr><td>Kleurweergave (CRI)</td><td>&gt; 80</td></tr><tr><td>Driver</td><td>Eaglerise</td></tr><tr><td>LED-chip</td><td>Sanan</td></tr><tr><td>Afmetingen</td><td>1208 x 45 x 75 mm</td></tr><tr><td>Kleur</td><td>wit</td></tr><tr><td>IP-klasse</td><td>IP65</td></tr><tr><td>Garantie</td><td>5 jaar</td></tr></table><p>Minimale afname 6 stuks. Projectprijs vanaf 100 stuks op aanvraag. Levering binnen 5 werkdagen.</p>",Lichtplein,LINEA,"LINEA,B2B,Lijnarmaturen kantoor",TRUE,Title,Default Title,LP-LN102,115.00,continue,manual,TRUE,TRUE,https://lichtplein.nl/img/p/lp-ln102-1-l.webp,1,active
lp-ln102,,,,,,,,,,,,,,,https://lichtplein.nl/img/p/lp-ln102-2-l.webp,2,
lp-ln102,,,,,,,,,,,,,,,https://lichtplein.nl/img/p/lp-ln102-3-l.webp,3,
lp-ln102,,,,,,,,,,,,,,,https://lichtplein.nl/img/p/lp-ln102-4-l.webp,4,
lp-ln103,Indirecte uplight-module voor lijnarmatuur,<p>Indirecte uplight-module voor lijnarmatuur. Toebehoren voor de led lijnarmatuur uit de serie LINEA.</p><ul><li>Past op de armaturen uit deze serie</li><li>Direct uit voorraad</li></ul><h3>Specificaties</h3><table><tr><td>Garantie</td><td>5 jaar</td></tr></table><p>Minimale afname 6 stuks. Projectprijs vanaf 100 stuks op aanvraag. Levering binnen 5 werkdagen.</p>,Lichtplein,LINEA,"LINEA,B2B,Toebehoren",TRUE,Title,Default Title,LP-LN103,45.05,continue,manual,TRUE,TRUE,https://lichtplein.nl/img/p/lp-ln103-1-l.webp,1,active
lp-ln104,Koppelset voor lijnarmatuur,<p>Koppelset voor lijnarmatuur. Toebehoren voor de led lijnarmatuur uit de serie LINEA.</p><ul><li>Past op de armaturen uit deze serie</li><li>Direct uit voorraad</li></ul><h3>Specificaties</h3><table><tr><td>Garantie</td><td>5 jaar</td></tr></table><p>Minimale afname 6 stuks. Projectprijs vanaf 100 stuks op aanvraag. Levering binnen 5 werkdagen.</p>,Lichtplein,LINEA,"LINEA,B2B,Toebehoren",TRUE,Title,Default Title,LP-LN104,15.05,continue,manual,TRUE,TRUE,https://lichtplein.nl/img/p/lp-ln104-1-l.webp,1,active
lp-ln104,,,,,,,,,,,,,,,https://lichtplein.nl/img/p/lp-ln104-2-l.webp,2,
lp-ln104,,,,,,,,,,,,,,,https://lichtplein.nl/img/p/lp-ln104-3-l.webp,3,
lp-lu101,"Enkelpolige schakelaar, wit mat","<p>Premium schakelmateriaal met een vlak, mat oppervlak en strakke afdekramen van 82,5 mm. Veerklemaansluiting voor snelle montage, 10 jaar mechanische levensduurtest. Voor woningen, hotels en kantoren met een hoogwaardige afwerking.</p><ul><li>CE-gecertificeerd</li><li>Veerklem, snelle montage</li><li>Past in standaard inbouwdoos</li></ul><h3>Specificaties</h3><table><tr><td>Montage</td><td>Inbouw</td></tr><tr><td>IP-klasse</td><td>IP20</td></tr><tr><td>Afdekraam</td><td>Zonder afdekraam (apart bestellen)</td></tr><tr><td>Nominale stroom</td><td>10 A</td></tr><tr><td>Aansluitklem</td><td>Veerklem (snelaansluiting)</td></tr><tr><td>Kleur</td><td>wit mat</td></tr><tr><td>Spanning</td><td>230 V</td></tr></table><p>Minimale afname 10 stuks. Projectprijs vanaf 100 stuks op aanvraag. Levering binnen 5 werkdagen.</p>",Lichtplein,LUXA,"LUXA,B2B,Schakelaars",TRUE,Title,Default Title,LP-LU101,11.85,continue,manual,TRUE,TRUE,https://lichtplein.nl/img/p/lp-lu101-1-l.webp,1,active
lp-lu102,"Enkelpolige schakelaar, wit mat, set van 10","<p>Premium schakelmateriaal met een vlak, mat oppervlak en strakke afdekramen van 82,5 mm. Veerklemaansluiting voor snelle montage, 10 jaar mechanische levensduurtest. Voor woningen, hotels en kantoren met een hoogwaardige afwerking.</p><ul><li>CE-gecertificeerd</li><li>Veerklem, snelle montage</li><li>Past in standaard inbouwdoos</li></ul><h3>Specificaties</h3><table><tr><td>Montage</td><td>Inbouw</td></tr><tr><td>IP-klasse</td><td>IP20</td></tr><tr><td>Afdekraam</td><td>Zonder afdekraam (apart bestellen)</td></tr><tr><td>Nominale stroom</td><td>10 A</td></tr><tr><td>Aansluitklem</td><td>Veerklem (snelaansluiting)</td></tr><tr><td>Kleur</td><td>wit mat</td></tr><tr><td>Spanning</td><td>230 V</td></tr><tr><td>Verpakking</td><td>10 stuks</td></tr></table><p>Minimale afname 1 set. Projectprijs vanaf 100 stuks op aanvraag. Levering binnen 5 werkdagen.</p>",Lichtplein,LUXA,"LUXA,B2B,Schakelaars",TRUE,Title,Default Title,LP-LU102,115.00,continue,manual,TRUE,TRUE,https://lichtplein.nl/img/p/lp-lu102-1-l.webp,1,active
lp-lu103,"Pulsdrukker enkel, wit mat","<p>Premium schakelmateriaal met een vlak, mat oppervlak en strakke afdekramen van 82,5 mm. Veerklemaansluiting voor snelle montage, 10 jaar mechanische levensduurtest. Voor woningen, hotels en kantoren met een hoogwaardige afwerking.</p><ul><li>CE-gecertificeerd</li><li>Veerklem, snelle montage</li><li>Past in standaard inbouwdoos</li></ul><h3>Specificaties</h3><table><tr><td>Montage</td><td>Inbouw</td></tr><tr><td>IP-klasse</td><td>IP20</td></tr><tr><td>Afdekraam</td><td>Zonder afdekraam (apart bestellen)</td></tr><tr><td>Nominale stroom</td><td>10 A</td></tr><tr><td>Aansluitklem</td><td>Veerklem (snelaansluiting)</td></tr><tr><td>Kleur</td><td>wit mat</td></tr><tr><td>Spanning</td><td>230 V</td></tr></table><p>Minimale afname 10 stuks. Projectprijs vanaf 100 stuks op aanvraag. Levering binnen 5 werkdagen.</p>",Lichtplein,LUXA,"LUXA,B2B,Schakelaars",TRUE,Title,Default Title,LP-LU103,13.15,continue,manual,TRUE,TRUE,https://lichtplein.nl/img/p/lp-lu103-1-l.webp,1,active
lp-lu103,,,,,,,,,,,,,,,https://lichtplein.nl/img/p/lp-lu103-2-l.webp,2,
lp-lu104,"Pulsdrukker enkel, wit mat, set van 10","<p>Premium schakelmateriaal met een vlak, mat oppervlak en strakke afdekramen van 82,5 mm. Veerklemaansluiting voor snelle montage, 10 jaar mechanische levensduurtest. Voor woningen, hotels en kantoren met een hoogwaardige afwerking.</p><ul><li>CE-gecertificeerd</li><li>Veerklem, snelle montage</li><li>Past in standaard inbouwdoos</li></ul><h3>Specificaties</h3><table><tr><td>Montage</td><td>Inbouw</td></tr><tr><td>IP-klasse</td><td>IP20</td></tr><tr><td>Afdekraam</td><td>Zonder afdekraam (apart bestellen)</td></tr><tr><td>Nominale stroom</td><td>10 A</td></tr><tr><td>Aansluitklem</td><td>Veerklem (snelaansluiting)</td></tr><tr><td>Kleur</td><td>wit mat</td></tr><tr><td>Spanning</td><td>230 V</td></tr><tr><td>Verpakking</td><td>10 stuks</td></tr></table><p>Minimale afname 1 set. Projectprijs vanaf 100 stuks op aanvraag. Levering binnen 5 werkdagen.</p>",Lichtplein,LUXA,"LUXA,B2B,Schakelaars",TRUE,Title,Default Title,LP-LU104,129.00,continue,manual,TRUE,TRUE,https://lichtplein.nl/img/p/lp-lu104-1-l.webp,1,active
lp-lu104,,,,,,,,,,,,,,,https://lichtplein.nl/img/p/lp-lu104-2-l.webp,2,
lp-lu105,"Tweepolige schakelaar, wit mat","<p>Premium schakelmateriaal met een vlak, mat oppervlak en strakke afdekramen van 82,5 mm. Veerklemaansluiting voor snelle montage, 10 jaar mechanische levensduurtest. Voor woningen, hotels en kantoren met een hoogwaardige afwerking.</p><ul><li>CE-gecertificeerd</li><li>Veerklem, snelle montage</li><li>Past in standaard inbouwdoos</li></ul><h3>Specificaties</h3><table><tr><td>Montage</td><td>Inbouw</td></tr><tr><td>IP-klasse</td><td>IP20</td></tr><tr><td>Afdekraam</td><td>Zonder afdekraam (apart bestellen)</td></tr><tr><td>Nominale stroom</td><td>10 A</td></tr><tr><td>Aansluitklem</td><td>Veerklem (snelaansluiting)</td></tr><tr><td>Kleur</td><td>wit mat</td></tr><tr><td>Spanning</td><td>230 V</td></tr></table><p>Minimale afname 10 stuks. Projectprijs vanaf 100 stuks op aanvraag. Levering binnen 5 werkdagen.</p>",Lichtplein,LUXA,"LUXA,B2B,Schakelaars",TRUE,Title,Default Title,LP-LU105,15.99,continue,manual,TRUE,TRUE,https://lichtplein.nl/img/p/lp-lu105-1-l.webp,1,active
lp-lu105,,,,,,,,,,,,,,,https://lichtplein.nl/img/p/lp-lu105-2-l.webp,2,
lp-lu106,"Serieschakelaar (2-voudig), wit mat","<p>Premium schakelmateriaal met een vlak, mat oppervlak en strakke afdekramen van 82,5 mm. Veerklemaansluiting voor snelle montage, 10 jaar mechanische levensduurtest. Voor woningen, hotels en kantoren met een hoogwaardige afwerking.</p><ul><li>CE-gecertificeerd</li><li>Veerklem, snelle montage</li><li>Past in standaard inbouwdoos</li></ul><h3>Specificaties</h3><table><tr><td>Montage</td><td>Inbouw</td></tr><tr><td>IP-klasse</td><td>IP20</td></tr><tr><td>Afdekraam</td><td>Zonder afdekraam (apart bestellen)</td></tr><tr><td>Nominale stroom</td><td>10 A</td></tr><tr><td>Aansluitklem</td><td>Veerklem (snelaansluiting)</td></tr><tr><td>Kleur</td><td>wit mat</td></tr><tr><td>Spanning</td><td>230 V</td></tr></table><p>Minimale afname 10 stuks. Projectprijs vanaf 100 stuks op aanvraag. Levering binnen 5 werkdagen.</p>",Lichtplein,LUXA,"LUXA,B2B,Schakelaars",TRUE,Title,Default Title,LP-LU106,15.99,continue,manual,TRUE,TRUE,https://lichtplein.nl/img/p/lp-lu106-1-l.webp,1,active
lp-lu106,,,,,,,,,,,,,,,https://lichtplein.nl/img/p/lp-lu106-2-l.webp,2,
lp-lu107,"Serieschakelaar (2-voudig), wit mat, set van 10","<p>Premium schakelmateriaal met een vlak, mat oppervlak en strakke afdekramen van 82,5 mm. Veerklemaansluiting voor snelle montage, 10 jaar mechanische levensduurtest. Voor woningen, hotels en kantoren met een hoogwaardige afwerking.</p><ul><li>CE-gecertificeerd</li><li>Veerklem, snelle montage</li><li>Past in standaard inbouwdoos</li></ul><h3>Specificaties</h3><table><tr><td>Montage</td><td>Inbouw</td></tr><tr><td>IP-klasse</td><td>IP20</td></tr><tr><td>Afdekraam</td><td>Zonder afdekraam (apart bestellen)</td></tr><tr><td>Nominale stroom</td><td>10 A</td></tr><tr><td>Aansluitklem</td><td>Veerklem (snelaansluiting)</td></tr><tr><td>Kleur</td><td>wit mat</td></tr><tr><td>Spanning</td><td>230 V</td></tr><tr><td>Verpakking</td><td>10 stuks</td></tr></table><p>Minimale afname 1 set. Projectprijs vanaf 100 stuks op aanvraag. Levering binnen 5 werkdagen.</p>",Lichtplein,LUXA,"LUXA,B2B,Schakelaars",TRUE,Title,Default Title,LP-LU107,155.00,continue,manual,TRUE,TRUE,https://lichtplein.nl/img/p/lp-lu107-1-l.webp,1,active
lp-lu107,,,,,,,,,,,,,,,https://lichtplein.nl/img/p/lp-lu107-2-l.webp,2,
lp-lu108,"Pulsdrukker dubbel, wit mat","<p>Premium schakelmateriaal met een vlak, mat oppervlak en strakke afdekramen van 82,5 mm. Veerklemaansluiting voor snelle montage, 10 jaar mechanische levensduurtest. Voor woningen, hotels en kantoren met een hoogwaardige afwerking.</p><ul><li>CE-gecertificeerd</li><li>Veerklem, snelle montage</li><li>Past in standaard inbouwdoos</li></ul><h3>Specificaties</h3><table><tr><td>Montage</td><td>Inbouw</td></tr><tr><td>IP-klasse</td><td>IP20</td></tr><tr><td>Afdekraam</td><td>Zonder afdekraam (apart bestellen)</td></tr><tr><td>Nominale stroom</td><td>10 A</td></tr><tr><td>Aansluitklem</td><td>Veerklem (snelaansluiting)</td></tr><tr><td>Kleur</td><td>wit mat</td></tr><tr><td>Spanning</td><td>230 V</td></tr></table><p>Minimale afname 10 stuks. Projectprijs vanaf 100 stuks op aanvraag. Levering binnen 5 werkdagen.</p>",Lichtplein,LUXA,"LUXA,B2B,Schakelaars",TRUE,Title,Default Title,LP-LU108,18.55,continue,manual,TRUE,TRUE,https://lichtplein.nl/img/p/lp-lu108-1-l.webp,1,active
lp-lu108,,,,,,,,,,,,,,,https://lichtplein.nl/img/p/lp-lu108-2-l.webp,2,
lp-lu109,"Pulsdrukker dubbel, wit mat, set van 10","<p>Premium schakelmateriaal met een vlak, mat oppervlak en strakke afdekramen van 82,5 mm. Veerklemaansluiting voor snelle montage, 10 jaar mechanische levensduurtest. Voor woningen, hotels en kantoren met een hoogwaardige afwerking.</p><ul><li>CE-gecertificeerd</li><li>Veerklem, snelle montage</li><li>Past in standaard inbouwdoos</li></ul><h3>Specificaties</h3><table><tr><td>Montage</td><td>Inbouw</td></tr><tr><td>IP-klasse</td><td>IP20</td></tr><tr><td>Afdekraam</td><td>Zonder afdekraam (apart bestellen)</td></tr><tr><td>Nominale stroom</td><td>10 A</td></tr><tr><td>Aansluitklem</td><td>Veerklem (snelaansluiting)</td></tr><tr><td>Kleur</td><td>wit mat</td></tr><tr><td>Spanning</td><td>230 V</td></tr><tr><td>Verpakking</td><td>10 stuks</td></tr></table><p>Minimale afname 1 set. Projectprijs vanaf 100 stuks op aanvraag. Levering binnen 5 werkdagen.</p>",Lichtplein,LUXA,"LUXA,B2B,Schakelaars",TRUE,Title,Default Title,LP-LU109,179.00,continue,manual,TRUE,TRUE,https://lichtplein.nl/img/p/lp-lu109-1-l.webp,1,active
lp-lu109,,,,,,,,,,,,,,,https://lichtplein.nl/img/p/lp-lu109-2-l.webp,2,
lp-lu110,"Wisselschakelaar, wit mat","<p>Premium schakelmateriaal met een vlak, mat oppervlak en strakke afdekramen van 82,5 mm. Veerklemaansluiting voor snelle montage, 10 jaar mechanische levensduurtest. Voor woningen, hotels en kantoren met een hoogwaardige afwerking.</p><ul><li>CE-gecertificeerd</li><li>Veerklem, snelle montage</li><li>Past in standaard inbouwdoos</li></ul><h3>Specificaties</h3><table><tr><td>Montage</td><td>Inbouw</td></tr><tr><td>IP-klasse</td><td>IP20</td></tr><tr><td>Afdekraam</td><td>Zonder afdekraam (apart bestellen)</td></tr><tr><td>Nominale stroom</td><td>10 A</td></tr><tr><td>Aansluitklem</td><td>Veerklem (snelaansluiting)</td></tr><tr><td>Kleur</td><td>wit mat</td></tr><tr><td>Spanning</td><td>230 V</td></tr></table><p>Minimale afname 10 stuks. Projectprijs vanaf 100 stuks op aanvraag. Levering binnen 5 werkdagen.</p>",Lichtplein,LUXA,"LUXA,B2B,Schakelaars",TRUE,Title,Default Title,LP-LU110,13.35,continue,manual,TRUE,TRUE,https://lichtplein.nl/img/p/lp-lu110-1-l.webp,1,active
lp-lu110,,,,,,,,,,,,,,,https://lichtplein.nl/img/p/lp-lu110-2-l.webp,2,
lp-lu111,"Wisselschakelaar, wit mat, set van 10","<p>Premium schakelmateriaal met een vlak, mat oppervlak en strakke afdekramen van 82,5 mm. Veerklemaansluiting voor snelle montage, 10 jaar mechanische levensduurtest. Voor woningen, hotels en kantoren met een hoogwaardige afwerking.</p><ul><li>CE-gecertificeerd</li><li>Veerklem, snelle montage</li><li>Past in standaard inbouwdoos</li></ul><h3>Specificaties</h3><table><tr><td>Montage</td><td>Inbouw</td></tr><tr><td>IP-klasse</td><td>IP20</td></tr><tr><td>Afdekraam</td><td>Zonder afdekraam (apart bestellen)</td></tr><tr><td>Nominale stroom</td><td>10 A</td></tr><tr><td>Aansluitklem</td><td>Veerklem (snelaansluiting)</td></tr><tr><td>Kleur</td><td>wit mat</td></tr><tr><td>Spanning</td><td>230 V</td></tr><tr><td>Verpakking</td><td>10 stuks</td></tr></table><p>Minimale afname 1 set. Projectprijs vanaf 100 stuks op aanvraag. Levering binnen 5 werkdagen.</p>",Lichtplein,LUXA,"LUXA,B2B,Schakelaars",TRUE,Title,Default Title,LP-LU111,129.00,continue,manual,TRUE,TRUE,https://lichtplein.nl/img/p/lp-lu111-1-l.webp,1,active
lp-lu111,,,,,,,,,,,,,,,https://lichtplein.nl/img/p/lp-lu111-2-l.webp,2,
lp-lu112,"Kruisschakelaar, wit mat","<p>Premium schakelmateriaal met een vlak, mat oppervlak en strakke afdekramen van 82,5 mm. Veerklemaansluiting voor snelle montage, 10 jaar mechanische levensduurtest. Voor woningen, hotels en kantoren met een hoogwaardige afwerking.</p><ul><li>CE-gecertificeerd</li><li>Veerklem, snelle montage</li><li>Past in standaard inbouwdoos</li></ul><h3>Specificaties</h3><table><tr><td>Montage</td><td>Inbouw</td></tr><tr><td>IP-klasse</td><td>IP20</td></tr><tr><td>Afdekraam</td><td>Zonder afdekraam (apart bestellen)</td></tr><tr><td>Nominale stroom</td><td>10 A</td></tr><tr><td>Aansluitklem</td><td>Veerklem (snelaansluiting)</td></tr><tr><td>Kleur</td><td>wit mat</td></tr><tr><td>Spanning</td><td>230 V</td></tr></table><p>Minimale afname 10 stuks. Projectprijs vanaf 100 stuks op aanvraag. Levering binnen 5 werkdagen.</p>",Lichtplein,LUXA,"LUXA,B2B,Schakelaars",TRUE,Title,Default Title,LP-LU112,18.75,continue,manual,TRUE,TRUE,https://lichtplein.nl/img/p/lp-lu112-1-l.webp,1,active
lp-lu112,,,,,,,,,,,,,,,https://lichtplein.nl/img/p/lp-lu112-2-l.webp,2,
lp-lu112,,,,,,,,,,,,,,,https://lichtplein.nl/img/p/lp-lu112-3-l.webp,3,
lp-lu113,"Kruisschakelaar, wit mat, set van 10","<p>Premium schakelmateriaal met een vlak, mat oppervlak en strakke afdekramen van 82,5 mm. Veerklemaansluiting voor snelle montage, 10 jaar mechanische levensduurtest. Voor woningen, hotels en kantoren met een hoogwaardige afwerking.</p><ul><li>CE-gecertificeerd</li><li>Veerklem, snelle montage</li><li>Past in standaard inbouwdoos</li></ul><h3>Specificaties</h3><table><tr><td>Montage</td><td>Inbouw</td></tr><tr><td>IP-klasse</td><td>IP20</td></tr><tr><td>Afdekraam</td><td>Zonder afdekraam (apart bestellen)</td></tr><tr><td>Nominale stroom</td><td>10 A</td></tr><tr><td>Aansluitklem</td><td>Veerklem (snelaansluiting)</td></tr><tr><td>Kleur</td><td>wit mat</td></tr><tr><td>Spanning</td><td>230 V</td></tr><tr><td>Verpakking</td><td>10 stuks</td></tr></table><p>Minimale afname 1 set. Projectprijs vanaf 100 stuks op aanvraag. Levering binnen 5 werkdagen.</p>",Lichtplein,LUXA,"LUXA,B2B,Schakelaars",TRUE,Title,Default Title,LP-LU113,175.00,continue,manual,TRUE,TRUE,https://lichtplein.nl/img/p/lp-lu113-1-l.webp,1,active
lp-lu113,,,,,,,,,,,,,,,https://lichtplein.nl/img/p/lp-lu113-2-l.webp,2,
lp-lu113,,,,,,,,,,,,,,,https://lichtplein.nl/img/p/lp-lu113-3-l.webp,3,
lp-lu114,"Dubbele wisselschakelaar, wit mat","<p>Premium schakelmateriaal met een vlak, mat oppervlak en strakke afdekramen van 82,5 mm. Veerklemaansluiting voor snelle montage, 10 jaar mechanische levensduurtest. Voor woningen, hotels en kantoren met een hoogwaardige afwerking.</p><ul><li>CE-gecertificeerd</li><li>Veerklem, snelle montage</li><li>Past in standaard inbouwdoos</li></ul><h3>Specificaties</h3><table><tr><td>Montage</td><td>Inbouw</td></tr><tr><td>IP-klasse</td><td>IP20</td></tr><tr><td>Afdekraam</td><td>Zonder afdekraam (apart bestellen)</td></tr><tr><td>Nominale stroom</td><td>16 A</td></tr><tr><td>Aansluitklem</td><td>Veerklem (snelaansluiting)</td></tr><tr><td>Kleur</td><td>wit mat</td></tr><tr><td>Spanning</td><td>230 V</td></tr></table><p>Minimale afname 10 stuks. Projectprijs vanaf 100 stuks op aanvraag. Levering binnen 5 werkdagen.</p>",Lichtplein,LUXA,"LUXA,B2B,Schakelaars",TRUE,Title,Default Title,LP-LU114,21.49,continue,manual,TRUE,TRUE,https://lichtplein.nl/img/p/lp-lu114-1-l.webp,1,active
lp-lu115,"Dubbele wisselschakelaar, wit mat, set van 10","<p>Premium schakelmateriaal met een vlak, mat oppervlak en strakke afdekramen van 82,5 mm. Veerklemaansluiting voor snelle montage, 10 jaar mechanische levensduurtest. Voor woningen, hotels en kantoren met een hoogwaardige afwerking.</p><ul><li>CE-gecertificeerd</li><li>Veerklem, snelle montage</li><li>Past in standaard inbouwdoos</li></ul><h3>Specificaties</h3><table><tr><td>Montage</td><td>Inbouw</td></tr><tr><td>IP-klasse</td><td>IP20</td></tr><tr><td>Afdekraam</td><td>Zonder afdekraam (apart bestellen)</td></tr><tr><td>Nominale stroom</td><td>16 A</td></tr><tr><td>Aansluitklem</td><td>Veerklem (snelaansluiting)</td></tr><tr><td>Kleur</td><td>wit mat</td></tr><tr><td>Spanning</td><td>230 V</td></tr><tr><td>Verpakking</td><td>10 stuks</td></tr></table><p>Minimale afname 1 set. Projectprijs vanaf 100 stuks op aanvraag. Levering binnen 5 werkdagen.</p>",Lichtplein,LUXA,"LUXA,B2B,Schakelaars",TRUE,Title,Default Title,LP-LU115,199.00,continue,manual,TRUE,TRUE,https://lichtplein.nl/img/p/lp-lu115-1-l.webp,1,active
lp-lu116,"Dubbele wisselpulsdrukker, wit mat","<p>Premium schakelmateriaal met een vlak, mat oppervlak en strakke afdekramen van 82,5 mm. Veerklemaansluiting voor snelle montage, 10 jaar mechanische levensduurtest. Voor woningen, hotels en kantoren met een hoogwaardige afwerking.</p><ul><li>CE-gecertificeerd</li><li>Veerklem, snelle montage</li><li>Past in standaard inbouwdoos</li></ul><h3>Specificaties</h3><table><tr><td>Montage</td><td>Inbouw</td></tr><tr><td>IP-klasse</td><td>IP20</td></tr><tr><td>Afdekraam</td><td>Zonder afdekraam (apart bestellen)</td></tr><tr><td>Nominale stroom</td><td>16 A</td></tr><tr><td>Aansluitklem</td><td>Veerklem (snelaansluiting)</td></tr><tr><td>Kleur</td><td>wit mat</td></tr><tr><td>Spanning</td><td>230 V</td></tr></table><p>Minimale afname 10 stuks. Projectprijs vanaf 100 stuks op aanvraag. Levering binnen 5 werkdagen.</p>",Lichtplein,LUXA,"LUXA,B2B,Schakelaars",TRUE,Title,Default Title,LP-LU116,25.05,continue,manual,TRUE,TRUE,https://lichtplein.nl/img/p/lp-lu116-1-l.webp,1,active
lp-lu116,,,,,,,,,,,,,,,https://lichtplein.nl/img/p/lp-lu116-2-l.webp,2,
lp-lu117,"Hotelkaartschakelaar met pulsdrukker, wit mat","<p>Premium schakelmateriaal met een vlak, mat oppervlak en strakke afdekramen van 82,5 mm. Veerklemaansluiting voor snelle montage, 10 jaar mechanische levensduurtest. Voor woningen, hotels en kantoren met een hoogwaardige afwerking.</p><ul><li>CE-gecertificeerd</li><li>Veerklem, snelle montage</li><li>Past in standaard inbouwdoos</li></ul><h3>Specificaties</h3><table><tr><td>Montage</td><td>Inbouw</td></tr><tr><td>IP-klasse</td><td>IP20</td></tr><tr><td>Afdekraam</td><td>Zonder afdekraam (apart bestellen)</td></tr><tr><td>Nominale stroom</td><td>10 A</td></tr><tr><td>Aansluitklem</td><td>Veerklem (snelaansluiting)</td></tr><tr><td>Kleur</td><td>wit mat</td></tr><tr><td>Spanning</td><td>230 V</td></tr></table><p>Minimale afname 10 stuks. Projectprijs vanaf 100 stuks op aanvraag. Levering binnen 5 werkdagen.</p>",Lichtplein,LUXA,"LUXA,B2B,Schakelaars",TRUE,Title,Default Title,LP-LU117,25.35,continue,manual,TRUE,TRUE,https://lichtplein.nl/img/p/lp-lu117-1-l.webp,1,active
lp-lu117,,,,,,,,,,,,,,,https://lichtplein.nl/img/p/lp-lu117-2-l.webp,2,
lp-lu118,"Beldrukker, wit mat","<p>Premium schakelmateriaal met een vlak, mat oppervlak en strakke afdekramen van 82,5 mm. Veerklemaansluiting voor snelle montage, 10 jaar mechanische levensduurtest. Voor woningen, hotels en kantoren met een hoogwaardige afwerking.</p><ul><li>CE-gecertificeerd</li><li>Veerklem, snelle montage</li><li>Past in standaard inbouwdoos</li></ul><h3>Specificaties</h3><table><tr><td>Montage</td><td>Inbouw</td></tr><tr><td>IP-klasse</td><td>IP20</td></tr><tr><td>Afdekraam</td><td>Zonder afdekraam (apart bestellen)</td></tr><tr><td>Nominale stroom</td><td>10 A</td></tr><tr><td>Aansluitklem</td><td>Veerklem (snelaansluiting)</td></tr><tr><td>Kleur</td><td>wit mat</td></tr><tr><td>Spanning</td><td>230 V</td></tr></table><p>Minimale afname 10 stuks. Projectprijs vanaf 100 stuks op aanvraag. Levering binnen 5 werkdagen.</p>",Lichtplein,LUXA,"LUXA,B2B,Schakelaars",TRUE,Title,Default Title,LP-LU118,13.85,continue,manual,TRUE,TRUE,https://lichtplein.nl/img/p/lp-lu118-1-l.webp,1,active
lp-lu118,,,,,,,,,,,,,,,https://lichtplein.nl/img/p/lp-lu118-2-l.webp,2,
lp-lu119,"LED-draaidimmer fase-aan/afsnijding 3-100W, wit mat","<p>Premium schakelmateriaal met een vlak, mat oppervlak en strakke afdekramen van 82,5 mm. Veerklemaansluiting voor snelle montage, 10 jaar mechanische levensduurtest. Voor woningen, hotels en kantoren met een hoogwaardige afwerking.</p><ul><li>CE-gecertificeerd</li><li>Schroefklem</li><li>Past in standaard inbouwdoos</li></ul><h3>Specificaties</h3><table><tr><td>Belasting</td><td>LED 3-100W</td></tr><tr><td>Montage</td><td>Inbouw</td></tr><tr><td>IP-klasse</td><td>IP20</td></tr><tr><td>Kleur</td><td>wit mat</td></tr><tr><td>Spanning</td><td>230 V</td></tr></table><p>Minimale afname 10 stuks. Projectprijs vanaf 100 stuks op aanvraag. Levering binnen 5 werkdagen.</p>",Lichtplein,LUXA,"LUXA,B2B,Dimmers",TRUE,Title,Default Title,LP-LU119,135.00,continue,manual,TRUE,TRUE,https://lichtplein.nl/img/p/lp-lu119-1-l.webp,1,active
lp-lu119,,,,,,,,,,,,,,,https://lichtplein.nl/img/p/lp-lu119-2-l.webp,2,
lp-lu120,"LED-drukdimmer 8-105W, wit mat","<p>Premium schakelmateriaal met een vlak, mat oppervlak en strakke afdekramen van 82,5 mm. Veerklemaansluiting voor snelle montage, 10 jaar mechanische levensduurtest. Voor woningen, hotels en kantoren met een hoogwaardige afwerking.</p><ul><li>CE-gecertificeerd</li><li>Schroefklem</li><li>Past in standaard inbouwdoos</li></ul><h3>Specificaties</h3><table><tr><td>Belasting</td><td>LED 8-105W</td></tr><tr><td>Montage</td><td>Inbouw</td></tr><tr><td>IP-klasse</td><td>IP20</td></tr><tr><td>Kleur</td><td>wit mat</td></tr><tr><td>Spanning</td><td>230 V</td></tr></table><p>Minimale afname 10 stuks. Projectprijs vanaf 100 stuks op aanvraag. Levering binnen 5 werkdagen.</p>",Lichtplein,LUXA,"LUXA,B2B,Dimmers",TRUE,Title,Default Title,LP-LU120,139.00,continue,manual,TRUE,TRUE,https://lichtplein.nl/img/p/lp-lu120-1-l.webp,1,active
lp-lu120,,,,,,,,,,,,,,,https://lichtplein.nl/img/p/lp-lu120-2-l.webp,2,
lp-lu120,,,,,,,,,,,,,,,https://lichtplein.nl/img/p/lp-lu120-3-l.webp,3,
lp-lu120,,,,,,,,,,,,,,,https://lichtplein.nl/img/p/lp-lu120-4-l.webp,4,
lp-lu121,"LED-draaidimmer 5-200W, wit mat","<p>Premium schakelmateriaal met een vlak, mat oppervlak en strakke afdekramen van 82,5 mm. Veerklemaansluiting voor snelle montage, 10 jaar mechanische levensduurtest. Voor woningen, hotels en kantoren met een hoogwaardige afwerking.</p><ul><li>CE-gecertificeerd</li><li>Schroefklem</li><li>Past in standaard inbouwdoos</li></ul><h3>Specificaties</h3><table><tr><td>Belasting</td><td>LED 5-200W</td></tr><tr><td>Montage</td><td>Inbouw</td></tr><tr><td>IP-klasse</td><td>IP20</td></tr><tr><td>Kleur</td><td>wit mat</td></tr><tr><td>Spanning</td><td>230 V</td></tr></table><p>Minimale afname 10 stuks. Projectprijs vanaf 100 stuks op aanvraag. Levering binnen 5 werkdagen.</p>",Lichtplein,LUXA,"LUXA,B2B,Dimmers",TRUE,Title,Default Title,LP-LU121,169.00,continue,manual,TRUE,TRUE,https://lichtplein.nl/img/p/lp-lu121-1-l.webp,1,active
lp-lu121,,,,,,,,,,,,,,,https://lichtplein.nl/img/p/lp-lu121-2-l.webp,2,
lp-lu121,,,,,,,,,,,,,,,https://lichtplein.nl/img/p/lp-lu121-3-l.webp,3,
lp-lu122,"Wandcontactdoos met USB-lader 3,4A, wit mat","<p>Premium schakelmateriaal met een vlak, mat oppervlak en strakke afdekramen van 82,5 mm. Veerklemaansluiting voor snelle montage, 10 jaar mechanische levensduurtest. Voor woningen, hotels en kantoren met een hoogwaardige afwerking.</p><ul><li>CE-gecertificeerd</li><li>Schroefklem</li><li>Past in standaard inbouwdoos</li></ul><h3>Specificaties</h3><table><tr><td>USB</td><td>2x USB-A, 3,4 A totaal</td></tr><tr><td>Montage</td><td>Inbouw</td></tr><tr><td>IP-klasse</td><td>IP20</td></tr><tr><td>Afdekraam</td><td>Zonder afdekraam (apart bestellen)</td></tr><tr><td>Kleur</td><td>wit mat</td></tr><tr><td>Spanning</td><td>230 V</td></tr></table><p>Minimale afname 10 stuks. Projectprijs vanaf 100 stuks op aanvraag. Levering binnen 5 werkdagen.</p>",Lichtplein,LUXA,"LUXA,B2B,Wandcontactdozen",TRUE,Title,Default Title,LP-LU122,87.99,continue,manual,TRUE,TRUE,https://lichtplein.nl/img/p/lp-lu122-1-l.webp,1,active
lp-lu123,"Wandcontactdoos met randaarde, wit mat","<p>Premium schakelmateriaal met een vlak, mat oppervlak en strakke afdekramen van 82,5 mm. Veerklemaansluiting voor snelle montage, 10 jaar mechanische levensduurtest. Voor woningen, hotels en kantoren met een hoogwaardige afwerking.</p><ul><li>CE-gecertificeerd</li><li>Schroefklem</li><li>Past in standaard inbouwdoos</li></ul><h3>Specificaties</h3><table><tr><td>Nominale stroom</td><td>16 A</td></tr><tr><td>Montage</td><td>Inbouw</td></tr><tr><td>IP-klasse</td><td>IP20</td></tr><tr><td>Afdekraam</td><td>Zonder afdekraam (apart bestellen)</td></tr><tr><td>Aansluitklem</td><td>Schroefklem</td></tr><tr><td>Kleur</td><td>wit mat</td></tr><tr><td>Spanning</td><td>230 V</td></tr></table><p>Minimale afname 10 stuks. Projectprijs vanaf 100 stuks op aanvraag. Levering binnen 5 werkdagen.</p>",Lichtplein,LUXA,"LUXA,B2B,Wandcontactdozen",TRUE,Title,Default Title,LP-LU123,9.25,continue,manual,TRUE,TRUE,https://lichtplein.nl/img/p/lp-lu123-1-l.webp,1,active
lp-lu123,,,,,,,,,,,,,,,https://lichtplein.nl/img/p/lp-lu123-2-l.webp,2,
lp-lu124,"Wandcontactdoos met randaarde, wit mat, set van 10","<p>Premium schakelmateriaal met een vlak, mat oppervlak en strakke afdekramen van 82,5 mm. Veerklemaansluiting voor snelle montage, 10 jaar mechanische levensduurtest. Voor woningen, hotels en kantoren met een hoogwaardige afwerking.</p><ul><li>CE-gecertificeerd</li><li>Schroefklem</li><li>Past in standaard inbouwdoos</li></ul><h3>Specificaties</h3><table><tr><td>Nominale stroom</td><td>16 A</td></tr><tr><td>Montage</td><td>Inbouw</td></tr><tr><td>IP-klasse</td><td>IP20</td></tr><tr><td>Afdekraam</td><td>Zonder afdekraam (apart bestellen)</td></tr><tr><td>Aansluitklem</td><td>Schroefklem</td></tr><tr><td>Kleur</td><td>wit mat</td></tr><tr><td>Spanning</td><td>230 V</td></tr><tr><td>Verpakking</td><td>10 stuks</td></tr></table><p>Minimale afname 1 set. Projectprijs vanaf 100 stuks op aanvraag. Levering binnen 5 werkdagen.</p>",Lichtplein,LUXA,"LUXA,B2B,Wandcontactdozen",TRUE,Title,Default Title,LP-LU124,88.59,continue,manual,TRUE,TRUE,https://lichtplein.nl/img/p/lp-lu124-1-l.webp,1,active
lp-lu124,,,,,,,,,,,,,,,https://lichtplein.nl/img/p/lp-lu124-2-l.webp,2,
lp-lu125,"Wandcontactdoos met randaarde, wit mat","<p>Premium schakelmateriaal met een vlak, mat oppervlak en strakke afdekramen van 82,5 mm. Veerklemaansluiting voor snelle montage, 10 jaar mechanische levensduurtest. Voor woningen, hotels en kantoren met een hoogwaardige afwerking.</p><ul><li>CE-gecertificeerd</li><li>Veerklem, snelle montage</li><li>Past in standaard inbouwdoos</li></ul><h3>Specificaties</h3><table><tr><td>Nominale stroom</td><td>16 A</td></tr><tr><td>Montage</td><td>Inbouw</td></tr><tr><td>IP-klasse</td><td>IP20</td></tr><tr><td>Afdekraam</td><td>Zonder afdekraam (apart bestellen)</td></tr><tr><td>Aansluitklem</td><td>Veerklem (snelaansluiting)</td></tr><tr><td>Kleur</td><td>wit mat</td></tr><tr><td>Spanning</td><td>230 V</td></tr></table><p>Minimale afname 10 stuks. Projectprijs vanaf 100 stuks op aanvraag. Levering binnen 5 werkdagen.</p>",Lichtplein,LUXA,"LUXA,B2B,Wandcontactdozen",TRUE,Title,Default Title,LP-LU125,11.75,continue,manual,TRUE,TRUE,https://lichtplein.nl/img/p/lp-lu125-1-l.webp,1,active
lp-lu125,,,,,,,,,,,,,,,https://lichtplein.nl/img/p/lp-lu125-2-l.webp,2,
lp-lu126,"Wandcontactdoos met randaarde, wit mat, set van 10","<p>Premium schakelmateriaal met een vlak, mat oppervlak en strakke afdekramen van 82,5 mm. Veerklemaansluiting voor snelle montage, 10 jaar mechanische levensduurtest. Voor woningen, hotels en kantoren met een hoogwaardige afwerking.</p><ul><li>CE-gecertificeerd</li><li>Veerklem, snelle montage</li><li>Past in standaard inbouwdoos</li></ul><h3>Specificaties</h3><table><tr><td>Nominale stroom</td><td>16 A</td></tr><tr><td>Montage</td><td>Inbouw</td></tr><tr><td>IP-klasse</td><td>IP20</td></tr><tr><td>Afdekraam</td><td>Zonder afdekraam (apart bestellen)</td></tr><tr><td>Aansluitklem</td><td>Veerklem (snelaansluiting)</td></tr><tr><td>Kleur</td><td>wit mat</td></tr><tr><td>Spanning</td><td>230 V</td></tr><tr><td>Verpakking</td><td>10 stuks</td></tr></table><p>Minimale afname 1 set. Projectprijs vanaf 100 stuks op aanvraag. Levering binnen 5 werkdagen.</p>",Lichtplein,LUXA,"LUXA,B2B,Wandcontactdozen",TRUE,Title,Default Title,LP-LU126,115.00,continue,manual,TRUE,TRUE,https://lichtplein.nl/img/p/lp-lu126-1-l.webp,1,active
lp-lu126,,,,,,,,,,,,,,,https://lichtplein.nl/img/p/lp-lu126-2-l.webp,2,
lp-lu127,"Wandcontactdoos met randaarde (data), rood","<p>Premium schakelmateriaal met een vlak, mat oppervlak en strakke afdekramen van 82,5 mm. Veerklemaansluiting voor snelle montage, 10 jaar mechanische levensduurtest. Voor woningen, hotels en kantoren met een hoogwaardige afwerking.</p><ul><li>CE-gecertificeerd</li><li>Veerklem, snelle montage</li><li>Past in standaard inbouwdoos</li></ul><h3>Specificaties</h3><table><tr><td>Nominale stroom</td><td>16 A</td></tr><tr><td>Montage</td><td>Inbouw</td></tr><tr><td>IP-klasse</td><td>IP20</td></tr><tr><td>Afdekraam</td><td>Zonder afdekraam (apart bestellen)</td></tr><tr><td>Aansluitklem</td><td>Veerklem (snelaansluiting)</td></tr><tr><td>Kleur</td><td>rood</td></tr><tr><td>Spanning</td><td>230 V</td></tr></table><p>Minimale afname 10 stuks. Projectprijs vanaf 100 stuks op aanvraag. Levering binnen 5 werkdagen.</p>",Lichtplein,LUXA,"LUXA,B2B,Wandcontactdozen",TRUE,Title,Default Title,LP-LU127,12.15,continue,manual,TRUE,TRUE,https://lichtplein.nl/img/p/lp-lu127-1-l.webp,1,active
lp-lu127,,,,,,,,,,,,,,,https://lichtplein.nl/img/p/lp-lu127-2-l.webp,2,
lp-lu128,"Wandcontactdoos met randaarde met klapdeksel, wit mat","<p>Premium schakelmateriaal met een vlak, mat oppervlak en strakke afdekramen van 82,5 mm. Veerklemaansluiting voor snelle montage, 10 jaar mechanische levensduurtest. Voor woningen, hotels en kantoren met een hoogwaardige afwerking.</p><ul><li>CE-gecertificeerd</li><li>Veerklem, snelle montage</li><li>Past in standaard inbouwdoos</li></ul><h3>Specificaties</h3><table><tr><td>Nominale stroom</td><td>16 A</td></tr><tr><td>Montage</td><td>Inbouw</td></tr><tr><td>IP-klasse</td><td>IP44</td></tr><tr><td>Afdekraam</td><td>Zonder afdekraam (apart bestellen)</td></tr><tr><td>Aansluitklem</td><td>Veerklem (snelaansluiting)</td></tr><tr><td>Kleur</td><td>wit mat</td></tr><tr><td>Spanning</td><td>230 V</td></tr></table><p>Minimale afname 10 stuks. Projectprijs vanaf 100 stuks op aanvraag. Levering binnen 5 werkdagen.</p>",Lichtplein,LUXA,"LUXA,B2B,Wandcontactdozen",TRUE,Title,Default Title,LP-LU128,15.15,continue,manual,TRUE,TRUE,https://lichtplein.nl/img/p/lp-lu128-1-l.webp,1,active
lp-lu128,,,,,,,,,,,,,,,https://lichtplein.nl/img/p/lp-lu128-2-l.webp,2,
lp-lu129,"Wandcontactdoos met randaarde met klapdeksel, wit mat, set van 10","<p>Premium schakelmateriaal met een vlak, mat oppervlak en strakke afdekramen van 82,5 mm. Veerklemaansluiting voor snelle montage, 10 jaar mechanische levensduurtest. Voor woningen, hotels en kantoren met een hoogwaardige afwerking.</p><ul><li>CE-gecertificeerd</li><li>Veerklem, snelle montage</li><li>Past in standaard inbouwdoos</li></ul><h3>Specificaties</h3><table><tr><td>Nominale stroom</td><td>16 A</td></tr><tr><td>Montage</td><td>Inbouw</td></tr><tr><td>IP-klasse</td><td>IP44</td></tr><tr><td>Afdekraam</td><td>Zonder afdekraam (apart bestellen)</td></tr><tr><td>Aansluitklem</td><td>Veerklem (snelaansluiting)</td></tr><tr><td>Kleur</td><td>wit mat</td></tr><tr><td>Spanning</td><td>230 V</td></tr><tr><td>Verpakking</td><td>10 stuks</td></tr></table><p>Minimale afname 1 set. Projectprijs vanaf 100 stuks op aanvraag. Levering binnen 5 werkdagen.</p>",Lichtplein,LUXA,"LUXA,B2B,Wandcontactdozen",TRUE,Title,Default Title,LP-LU129,139.00,continue,manual,TRUE,TRUE,https://lichtplein.nl/img/p/lp-lu129-1-l.webp,1,active
lp-lu129,,,,,,,,,,,,,,,https://lichtplein.nl/img/p/lp-lu129-2-l.webp,2,
lp-lu130,"Wandcontactdoos met randaarde, spreidklauwen, wit mat","<p>Premium schakelmateriaal met een vlak, mat oppervlak en strakke afdekramen van 82,5 mm. Veerklemaansluiting voor snelle montage, 10 jaar mechanische levensduurtest. Voor woningen, hotels en kantoren met een hoogwaardige afwerking.</p><ul><li>CE-gecertificeerd</li><li>Veerklem, snelle montage</li><li>Past in standaard inbouwdoos</li></ul><h3>Specificaties</h3><table><tr><td>Nominale stroom</td><td>16 A</td></tr><tr><td>Montage</td><td>Inbouw</td></tr><tr><td>IP-klasse</td><td>IP20</td></tr><tr><td>Afdekraam</td><td>Zonder afdekraam (apart bestellen)</td></tr><tr><td>Aansluitklem</td><td>Veerklem (snelaansluiting)</td></tr><tr><td>Kleur</td><td>wit mat</td></tr><tr><td>Spanning</td><td>230 V</td></tr></table><p>Minimale afname 10 stuks. Projectprijs vanaf 100 stuks op aanvraag. Levering binnen 5 werkdagen.</p>",Lichtplein,LUXA,"LUXA,B2B,Wandcontactdozen",TRUE,Title,Default Title,LP-LU130,12.99,continue,manual,TRUE,TRUE,https://lichtplein.nl/img/p/lp-lu130-1-l.webp,1,active
lp-lu131,"Netwerkaansluiting RJ45 CAT6a, wit mat","<p>Premium schakelmateriaal met een vlak, mat oppervlak en strakke afdekramen van 82,5 mm. Veerklemaansluiting voor snelle montage, 10 jaar mechanische levensduurtest. Voor woningen, hotels en kantoren met een hoogwaardige afwerking.</p><ul><li>CE-gecertificeerd</li><li>Schroefklem</li><li>Past in standaard inbouwdoos</li></ul><h3>Specificaties</h3><table><tr><td>Montage</td><td>Inbouw</td></tr><tr><td>IP-klasse</td><td>IP20</td></tr><tr><td>Kleur</td><td>wit mat</td></tr></table><p>Minimale afname 10 stuks. Projectprijs vanaf 100 stuks op aanvraag. Levering binnen 5 werkdagen.</p>",Lichtplein,LUXA,"LUXA,B2B,Data en media",TRUE,Title,Default Title,LP-LU131,17.15,continue,manual,TRUE,TRUE,https://lichtplein.nl/img/p/lp-lu131-1-l.webp,1,active
lp-lu132,"Netwerkaansluiting RJ45 CAT6a, wit mat, set van 10","<p>Premium schakelmateriaal met een vlak, mat oppervlak en strakke afdekramen van 82,5 mm. Veerklemaansluiting voor snelle montage, 10 jaar mechanische levensduurtest. Voor woningen, hotels en kantoren met een hoogwaardige afwerking.</p><ul><li>CE-gecertificeerd</li><li>Schroefklem</li><li>Past in standaard inbouwdoos</li></ul><h3>Specificaties</h3><table><tr><td>Montage</td><td>Inbouw</td></tr><tr><td>IP-klasse</td><td>IP20</td></tr><tr><td>Kleur</td><td>wit mat</td></tr><tr><td>Verpakking</td><td>10 stuks</td></tr></table><p>Minimale afname 1 set. Projectprijs vanaf 100 stuks op aanvraag. Levering binnen 5 werkdagen.</p>",Lichtplein,LUXA,"LUXA,B2B,Data en media",TRUE,Title,Default Title,LP-LU132,165.00,continue,manual,TRUE,TRUE,https://lichtplein.nl/img/p/lp-lu132-1-l.webp,1,active
lp-lu133,"Netwerkaansluiting 2x RJ45 CAT6a, wit mat","<p>Premium schakelmateriaal met een vlak, mat oppervlak en strakke afdekramen van 82,5 mm. Veerklemaansluiting voor snelle montage, 10 jaar mechanische levensduurtest. Voor woningen, hotels en kantoren met een hoogwaardige afwerking.</p><ul><li>CE-gecertificeerd</li><li>Schroefklem</li><li>Past in standaard inbouwdoos</li></ul><h3>Specificaties</h3><table><tr><td>Montage</td><td>Inbouw</td></tr><tr><td>IP-klasse</td><td>IP20</td></tr><tr><td>Kleur</td><td>wit mat</td></tr></table><p>Minimale afname 10 stuks. Projectprijs vanaf 100 stuks op aanvraag. Levering binnen 5 werkdagen.</p>",Lichtplein,LUXA,"LUXA,B2B,Data en media",TRUE,Title,Default Title,LP-LU133,27.69,continue,manual,TRUE,TRUE,https://lichtplein.nl/img/p/lp-lu133-1-l.webp,1,active
lp-lu133,,,,,,,,,,,,,,,https://lichtplein.nl/img/p/lp-lu133-2-l.webp,2,
lp-lu134,"Netwerkaansluiting 2x RJ45 CAT6a, wit mat, set van 10","<p>Premium schakelmateriaal met een vlak, mat oppervlak en strakke afdekramen van 82,5 mm. Veerklemaansluiting voor snelle montage, 10 jaar mechanische levensduurtest. Voor woningen, hotels en kantoren met een hoogwaardige afwerking.</p><ul><li>CE-gecertificeerd</li><li>Schroefklem</li><li>Past in standaard inbouwdoos</li></ul><h3>Specificaties</h3><table><tr><td>Montage</td><td>Inbouw</td></tr><tr><td>IP-klasse</td><td>IP20</td></tr><tr><td>Kleur</td><td>wit mat</td></tr><tr><td>Verpakking</td><td>10 stuks</td></tr></table><p>Minimale afname 1 set. Projectprijs vanaf 100 stuks op aanvraag. Levering binnen 5 werkdagen.</p>",Lichtplein,LUXA,"LUXA,B2B,Data en media",TRUE,Title,Default Title,LP-LU134,269.00,continue,manual,TRUE,TRUE,https://lichtplein.nl/img/p/lp-lu134-1-l.webp,1,active
lp-lu134,,,,,,,,,,,,,,,https://lichtplein.nl/img/p/lp-lu134-2-l.webp,2,
lp-lu135,"TV-aansluiting F-connector, wit mat","<p>Premium schakelmateriaal met een vlak, mat oppervlak en strakke afdekramen van 82,5 mm. Veerklemaansluiting voor snelle montage, 10 jaar mechanische levensduurtest. Voor woningen, hotels en kantoren met een hoogwaardige afwerking.</p><ul><li>CE-gecertificeerd</li><li>Schroefklem</li><li>Past in standaard inbouwdoos</li></ul><h3>Specificaties</h3><table><tr><td>Montage</td><td>Inbouw</td></tr><tr><td>IP-klasse</td><td>IP20</td></tr><tr><td>Kleur</td><td>wit mat</td></tr></table><p>Minimale afname 10 stuks. Projectprijs vanaf 100 stuks op aanvraag. Levering binnen 5 werkdagen.</p>",Lichtplein,LUXA,"LUXA,B2B,Data en media",TRUE,Title,Default Title,LP-LU135,12.59,continue,manual,TRUE,TRUE,https://lichtplein.nl/img/p/lp-lu135-1-l.webp,1,active
lp-lu135,,,,,,,,,,,,,,,https://lichtplein.nl/img/p/lp-lu135-2-l.webp,2,
lp-lu135,,,,,,,,,,,,,,,https://lichtplein.nl/img/p/lp-lu135-3-l.webp,3,
lp-lu135,,,,,,,,,,,,,,,https://lichtplein.nl/img/p/lp-lu135-4-l.webp,4,
lp-lu136,"Luidsprekeraansluiting enkel, wit mat","<p>Premium schakelmateriaal met een vlak, mat oppervlak en strakke afdekramen van 82,5 mm. Veerklemaansluiting voor snelle montage, 10 jaar mechanische levensduurtest. Voor woningen, hotels en kantoren met een hoogwaardige afwerking.</p><ul><li>CE-gecertificeerd</li><li>Schroefklem</li><li>Past in standaard inbouwdoos</li></ul><h3>Specificaties</h3><table><tr><td>Montage</td><td>Inbouw</td></tr><tr><td>IP-klasse</td><td>IP20</td></tr><tr><td>Kleur</td><td>wit mat</td></tr></table><p>Minimale afname 10 stuks. Projectprijs vanaf 100 stuks op aanvraag. Levering binnen 5 werkdagen.</p>",Lichtplein,LUXA,"LUXA,B2B,Data en media",TRUE,Title,Default Title,LP-LU136,18.15,continue,manual,TRUE,TRUE,https://lichtplein.nl/img/p/lp-lu136-1-l.webp,1,active
lp-lu136,,,,,,,,,,,,,,,https://lichtplein.nl/img/p/lp-lu136-2-l.webp,2,
lp-lu137,"Luidsprekeraansluiting dubbel, wit mat","<p>Premium schakelmateriaal met een vlak, mat oppervlak en strakke afdekramen van 82,5 mm. Veerklemaansluiting voor snelle montage, 10 jaar mechanische levensduurtest. Voor woningen, hotels en kantoren met een hoogwaardige afwerking.</p><ul><li>CE-gecertificeerd</li><li>Schroefklem</li><li>Past in standaard inbouwdoos</li></ul><h3>Specificaties</h3><table><tr><td>Montage</td><td>Inbouw</td></tr><tr><td>IP-klasse</td><td>IP20</td></tr><tr><td>Kleur</td><td>wit mat</td></tr></table><p>Minimale afname 10 stuks. Projectprijs vanaf 100 stuks op aanvraag. Levering binnen 5 werkdagen.</p>",Lichtplein,LUXA,"LUXA,B2B,Data en media",TRUE,Title,Default Title,LP-LU137,24.15,continue,manual,TRUE,TRUE,https://lichtplein.nl/img/p/lp-lu137-1-l.webp,1,active
lp-lu137,,,,,,,,,,,,,,,https://lichtplein.nl/img/p/lp-lu137-2-l.webp,2,
lp-lu138,"Blindplaat, wit mat","<p>Premium schakelmateriaal met een vlak, mat oppervlak en strakke afdekramen van 82,5 mm. Veerklemaansluiting voor snelle montage, 10 jaar mechanische levensduurtest. Voor woningen, hotels en kantoren met een hoogwaardige afwerking.</p><ul><li>CE-gecertificeerd</li><li>Standaard Europese maatvoering</li><li>Direct uit voorraad</li></ul><h3>Specificaties</h3><table><tr><td>Montage</td><td>Inbouw</td></tr><tr><td>IP-klasse</td><td>IP20</td></tr><tr><td>Kleur</td><td>wit mat</td></tr></table><p>Minimale afname 10 stuks. Projectprijs vanaf 100 stuks op aanvraag. Levering binnen 5 werkdagen.</p>",Lichtplein,LUXA,"LUXA,B2B,Afwerking",TRUE,Title,Default Title,LP-LU138,6.89,continue,manual,TRUE,TRUE,https://lichtplein.nl/img/p/lp-lu138-1-l.webp,1,active
lp-lu138,,,,,,,,,,,,,,,https://lichtplein.nl/img/p/lp-lu138-2-l.webp,2,
lp-lu139,"Kabeldoorvoerplaat, wit mat","<p>Premium schakelmateriaal met een vlak, mat oppervlak en strakke afdekramen van 82,5 mm. Veerklemaansluiting voor snelle montage, 10 jaar mechanische levensduurtest. Voor woningen, hotels en kantoren met een hoogwaardige afwerking.</p><ul><li>CE-gecertificeerd</li><li>Standaard Europese maatvoering</li><li>Direct uit voorraad</li></ul><h3>Specificaties</h3><table><tr><td>Montage</td><td>Inbouw</td></tr><tr><td>IP-klasse</td><td>IP20</td></tr><tr><td>Kleur</td><td>wit mat</td></tr></table><p>Minimale afname 10 stuks. Projectprijs vanaf 100 stuks op aanvraag. Levering binnen 5 werkdagen.</p>",Lichtplein,LUXA,"LUXA,B2B,Afwerking",TRUE,Title,Default Title,LP-LU139,7.89,continue,manual,TRUE,TRUE,https://lichtplein.nl/img/p/lp-lu139-1-l.webp,1,active
lp-lu139,,,,,,,,,,,,,,,https://lichtplein.nl/img/p/lp-lu139-2-l.webp,2,
lp-lu140,"Afdekplaat 1x RJ45 keystone, wit mat","<p>Premium schakelmateriaal met een vlak, mat oppervlak en strakke afdekramen van 82,5 mm. Veerklemaansluiting voor snelle montage, 10 jaar mechanische levensduurtest. Voor woningen, hotels en kantoren met een hoogwaardige afwerking.</p><ul><li>CE-gecertificeerd</li><li>Schroefklem</li><li>Past in standaard inbouwdoos</li></ul><h3>Specificaties</h3><table><tr><td>Montage</td><td>Inbouw</td></tr><tr><td>IP-klasse</td><td>IP20</td></tr><tr><td>Kleur</td><td>wit mat</td></tr></table><p>Minimale afname 10 stuks. Projectprijs vanaf 100 stuks op aanvraag. Levering binnen 5 werkdagen.</p>",Lichtplein,LUXA,"LUXA,B2B,Data en media",TRUE,Title,Default Title,LP-LU140,14.15,continue,manual,TRUE,TRUE,https://lichtplein.nl/img/p/lp-lu140-1-l.webp,1,active
lp-lu140,,,,,,,,,,,,,,,https://lichtplein.nl/img/p/lp-lu140-2-l.webp,2,
lp-lu141,"Afdekplaat 2x RJ45 keystone, wit mat","<p>Premium schakelmateriaal met een vlak, mat oppervlak en strakke afdekramen van 82,5 mm. Veerklemaansluiting voor snelle montage, 10 jaar mechanische levensduurtest. Voor woningen, hotels en kantoren met een hoogwaardige afwerking.</p><ul><li>CE-gecertificeerd</li><li>Schroefklem</li><li>Past in standaard inbouwdoos</li></ul><h3>Specificaties</h3><table><tr><td>Montage</td><td>Inbouw</td></tr><tr><td>IP-klasse</td><td>IP20</td></tr><tr><td>Kleur</td><td>wit mat</td></tr></table><p>Minimale afname 10 stuks. Projectprijs vanaf 100 stuks op aanvraag. Levering binnen 5 werkdagen.</p>",Lichtplein,LUXA,"LUXA,B2B,Data en media",TRUE,Title,Default Title,LP-LU141,14.15,continue,manual,TRUE,TRUE,https://lichtplein.nl/img/p/lp-lu141-1-l.webp,1,active
lp-lu141,,,,,,,,,,,,,,,https://lichtplein.nl/img/p/lp-lu141-2-l.webp,2,
lp-lu142,"Afdekraam 1-voudig, wit mat","<p>Premium schakelmateriaal met een vlak, mat oppervlak en strakke afdekramen van 82,5 mm. Veerklemaansluiting voor snelle montage, 10 jaar mechanische levensduurtest. Voor woningen, hotels en kantoren met een hoogwaardige afwerking.</p><ul><li>CE-gecertificeerd</li><li>Standaard Europese maatvoering</li><li>Direct uit voorraad</li></ul><h3>Specificaties</h3><table><tr><td>Afmetingen</td><td>82.5 x 82.5mm</td></tr><tr><td>Kleur</td><td>wit mat</td></tr></table><p>Minimale afname 10 stuks. Projectprijs vanaf 100 stuks op aanvraag. Levering binnen 5 werkdagen.</p>",Lichtplein,LUXA,"LUXA,B2B,Afdekramen",TRUE,Title,Default Title,LP-LU142,2.35,continue,manual,TRUE,TRUE,https://lichtplein.nl/img/p/lp-lu142-1-l.webp,1,active
lp-lu143,"Afdekraam 2-voudig, wit mat","<p>Premium schakelmateriaal met een vlak, mat oppervlak en strakke afdekramen van 82,5 mm. Veerklemaansluiting voor snelle montage, 10 jaar mechanische levensduurtest. Voor woningen, hotels en kantoren met een hoogwaardige afwerking.</p><ul><li>CE-gecertificeerd</li><li>Standaard Europese maatvoering</li><li>Direct uit voorraad</li></ul><h3>Specificaties</h3><table><tr><td>Afmetingen</td><td>82.2 x 153.2mm</td></tr><tr><td>Kleur</td><td>wit mat</td></tr></table><p>Minimale afname 10 stuks. Projectprijs vanaf 100 stuks op aanvraag. Levering binnen 5 werkdagen.</p>",Lichtplein,LUXA,"LUXA,B2B,Afdekramen",TRUE,Title,Default Title,LP-LU143,3.99,continue,manual,TRUE,TRUE,https://lichtplein.nl/img/p/lp-lu143-1-l.webp,1,active
lp-lu143,,,,,,,,,,,,,,,https://lichtplein.nl/img/p/lp-lu143-2-l.webp,2,
lp-lu143,,,,,,,,,,,,,,,https://lichtplein.nl/img/p/lp-lu143-3-l.webp,3,
lp-lu144,"Afdekraam 3-voudig, wit mat","<p>Premium schakelmateriaal met een vlak, mat oppervlak en strakke afdekramen van 82,5 mm. Veerklemaansluiting voor snelle montage, 10 jaar mechanische levensduurtest. Voor woningen, hotels en kantoren met een hoogwaardige afwerking.</p><ul><li>CE-gecertificeerd</li><li>Standaard Europese maatvoering</li><li>Direct uit voorraad</li></ul><h3>Specificaties</h3><table><tr><td>Afmetingen</td><td>82.2 x 224.2mm</td></tr><tr><td>Kleur</td><td>wit mat</td></tr></table><p>Minimale afname 10 stuks. Projectprijs vanaf 100 stuks op aanvraag. Levering binnen 5 werkdagen.</p>",Lichtplein,LUXA,"LUXA,B2B,Afdekramen",TRUE,Title,Default Title,LP-LU144,5.59,continue,manual,TRUE,TRUE,https://lichtplein.nl/img/p/lp-lu144-1-l.webp,1,active
lp-lu144,,,,,,,,,,,,,,,https://lichtplein.nl/img/p/lp-lu144-2-l.webp,2,
lp-lu145,"Afdekraam 4-voudig, wit mat","<p>Premium schakelmateriaal met een vlak, mat oppervlak en strakke afdekramen van 82,5 mm. Veerklemaansluiting voor snelle montage, 10 jaar mechanische levensduurtest. Voor woningen, hotels en kantoren met een hoogwaardige afwerking.</p><ul><li>CE-gecertificeerd</li><li>Standaard Europese maatvoering</li><li>Direct uit voorraad</li></ul><h3>Specificaties</h3><table><tr><td>Afmetingen</td><td>82.2 x 285.2mm</td></tr><tr><td>Kleur</td><td>wit mat</td></tr></table><p>Minimale afname 10 stuks. Projectprijs vanaf 100 stuks op aanvraag. Levering binnen 5 werkdagen.</p>",Lichtplein,LUXA,"LUXA,B2B,Afdekramen",TRUE,Title,Default Title,LP-LU145,7.25,continue,manual,TRUE,TRUE,https://lichtplein.nl/img/p/lp-lu145-1-l.webp,1,active
lp-lu145,,,,,,,,,,,,,,,https://lichtplein.nl/img/p/lp-lu145-2-l.webp,2,
lp-lu146,"Afdekraam 5-voudig, wit mat","<p>Premium schakelmateriaal met een vlak, mat oppervlak en strakke afdekramen van 82,5 mm. Veerklemaansluiting voor snelle montage, 10 jaar mechanische levensduurtest. Voor woningen, hotels en kantoren met een hoogwaardige afwerking.</p><ul><li>CE-gecertificeerd</li><li>Standaard Europese maatvoering</li><li>Direct uit voorraad</li></ul><h3>Specificaties</h3><table><tr><td>Afmetingen</td><td>82.2 x 366.2mm</td></tr><tr><td>Kleur</td><td>wit mat</td></tr></table><p>Minimale afname 10 stuks. Projectprijs vanaf 100 stuks op aanvraag. Levering binnen 5 werkdagen.</p>",Lichtplein,LUXA,"LUXA,B2B,Afdekramen",TRUE,Title,Default Title,LP-LU146,8.85,continue,manual,TRUE,TRUE,https://lichtplein.nl/img/p/lp-lu146-1-l.webp,1,active
lp-lu146,,,,,,,,,,,,,,,https://lichtplein.nl/img/p/lp-lu146-2-l.webp,2,
lp-lu147,"Opbouwdoos 1-voudig, wit mat","<p>Premium schakelmateriaal met een vlak, mat oppervlak en strakke afdekramen van 82,5 mm. Veerklemaansluiting voor snelle montage, 10 jaar mechanische levensduurtest. Voor woningen, hotels en kantoren met een hoogwaardige afwerking.</p><ul><li>CE-gecertificeerd</li><li>Standaard Europese maatvoering</li><li>Direct uit voorraad</li></ul><h3>Specificaties</h3><table><tr><td>Kleur</td><td>wit mat</td></tr></table><p>Minimale afname 10 stuks. Projectprijs vanaf 100 stuks op aanvraag. Levering binnen 5 werkdagen.</p>",Lichtplein,LUXA,"LUXA,B2B,Opbouwdozen",TRUE,Title,Default Title,LP-LU147,7.89,continue,manual,TRUE,TRUE,https://lichtplein.nl/img/p/lp-lu147-1-l.webp,1,active
lp-lu147,,,,,,,,,,,,,,,https://lichtplein.nl/img/p/lp-lu147-2-l.webp,2,
lp-lu148,"Opbouwdoos 2-voudig, wit mat","<p>Premium schakelmateriaal met een vlak, mat oppervlak en strakke afdekramen van 82,5 mm. Veerklemaansluiting voor snelle montage, 10 jaar mechanische levensduurtest. Voor woningen, hotels en kantoren met een hoogwaardige afwerking.</p><ul><li>CE-gecertificeerd</li><li>Standaard Europese maatvoering</li><li>Direct uit voorraad</li></ul><h3>Specificaties</h3><table><tr><td>Afmetingen</td><td>155 x 84 x 47 mm</td></tr><tr><td>Kleur</td><td>wit mat</td></tr></table><p>Minimale afname 10 stuks. Projectprijs vanaf 100 stuks op aanvraag. Levering binnen 5 werkdagen.</p>",Lichtplein,LUXA,"LUXA,B2B,Opbouwdozen",TRUE,Title,Default Title,LP-LU148,11.49,continue,manual,TRUE,TRUE,https://lichtplein.nl/img/p/lp-lu148-1-l.webp,1,active
lp-lu148,,,,,,,,,,,,,,,https://lichtplein.nl/img/p/lp-lu148-2-l.webp,2,
lp-lu149,"Dimmerknop met montageplaat (onderdeel), wit mat","<p>Premium schakelmateriaal met een vlak, mat oppervlak en strakke afdekramen van 82,5 mm. Veerklemaansluiting voor snelle montage, 10 jaar mechanische levensduurtest. Voor woningen, hotels en kantoren met een hoogwaardige afwerking.</p><ul><li>CE-gecertificeerd</li><li>Schroefklem</li><li>Past in standaard inbouwdoos</li></ul><h3>Specificaties</h3><table><tr><td>Montage</td><td>Inbouw</td></tr><tr><td>IP-klasse</td><td>IP20</td></tr><tr><td>Kleur</td><td>wit mat</td></tr><tr><td>Spanning</td><td>230 V</td></tr></table><p>Minimale afname 10 stuks. Projectprijs vanaf 100 stuks op aanvraag. Levering binnen 5 werkdagen.</p>",Lichtplein,LUXA,"LUXA,B2B,Dimmers",TRUE,Title,Default Title,LP-LU149,10.55,continue,manual,TRUE,TRUE,,,active
lp-lu150,"Tussenraam voor thermostaat, wit mat","<p>Premium schakelmateriaal met een vlak, mat oppervlak en strakke afdekramen van 82,5 mm. Veerklemaansluiting voor snelle montage, 10 jaar mechanische levensduurtest. Voor woningen, hotels en kantoren met een hoogwaardige afwerking.</p><ul><li>CE-gecertificeerd</li><li>Standaard Europese maatvoering</li><li>Direct uit voorraad</li></ul><h3>Specificaties</h3><table><tr><td>Montage</td><td>Inbouw</td></tr><tr><td>IP-klasse</td><td>IP20</td></tr><tr><td>Kleur</td><td>wit mat</td></tr></table><p>Minimale afname 10 stuks. Projectprijs vanaf 100 stuks op aanvraag. Levering binnen 5 werkdagen.</p>",Lichtplein,LUXA,"LUXA,B2B,Afwerking",TRUE,Title,Default Title,LP-LU150,2.35,continue,manual,TRUE,TRUE,https://lichtplein.nl/img/p/lp-lu150-1-l.webp,1,active
lp-lu151,"Enkelpolige schakelaar, zand mat","<p>Premium schakelmateriaal met een vlak, mat oppervlak en strakke afdekramen van 82,5 mm. Veerklemaansluiting voor snelle montage, 10 jaar mechanische levensduurtest. Voor woningen, hotels en kantoren met een hoogwaardige afwerking.</p><ul><li>CE-gecertificeerd</li><li>Veerklem, snelle montage</li><li>Past in standaard inbouwdoos</li></ul><h3>Specificaties</h3><table><tr><td>Montage</td><td>Inbouw</td></tr><tr><td>IP-klasse</td><td>IP20</td></tr><tr><td>Afdekraam</td><td>Zonder afdekraam (apart bestellen)</td></tr><tr><td>Nominale stroom</td><td>10 A</td></tr><tr><td>Aansluitklem</td><td>Veerklem (snelaansluiting)</td></tr><tr><td>Kleur</td><td>zand mat</td></tr><tr><td>Spanning</td><td>230 V</td></tr></table><p>Minimale afname 10 stuks. Projectprijs vanaf 100 stuks op aanvraag. Levering binnen 5 werkdagen.</p>",Lichtplein,LUXA,"LUXA,B2B,Schakelaars",TRUE,Title,Default Title,LP-LU151,11.85,continue,manual,TRUE,TRUE,https://lichtplein.nl/img/p/lp-lu151-1-l.webp,1,active
lp-lu151,,,,,,,,,,,,,,,https://lichtplein.nl/img/p/lp-lu151-2-l.webp,2,
lp-lu151,,,,,,,,,,,,,,,https://lichtplein.nl/img/p/lp-lu151-3-l.webp,3,
lp-lu151,,,,,,,,,,,,,,,https://lichtplein.nl/img/p/lp-lu151-4-l.webp,4,
lp-lu152,"Pulsdrukker enkel, zand mat","<p>Premium schakelmateriaal met een vlak, mat oppervlak en strakke afdekramen van 82,5 mm. Veerklemaansluiting voor snelle montage, 10 jaar mechanische levensduurtest. Voor woningen, hotels en kantoren met een hoogwaardige afwerking.</p><ul><li>CE-gecertificeerd</li><li>Veerklem, snelle montage</li><li>Past in standaard inbouwdoos</li></ul><h3>Specificaties</h3><table><tr><td>Montage</td><td>Inbouw</td></tr><tr><td>IP-klasse</td><td>IP20</td></tr><tr><td>Afdekraam</td><td>Zonder afdekraam (apart bestellen)</td></tr><tr><td>Nominale stroom</td><td>10 A</td></tr><tr><td>Aansluitklem</td><td>Veerklem (snelaansluiting)</td></tr><tr><td>Kleur</td><td>zand mat</td></tr><tr><td>Spanning</td><td>230 V</td></tr></table><p>Minimale afname 10 stuks. Projectprijs vanaf 100 stuks op aanvraag. Levering binnen 5 werkdagen.</p>",Lichtplein,LUXA,"LUXA,B2B,Schakelaars",TRUE,Title,Default Title,LP-LU152,13.15,continue,manual,TRUE,TRUE,https://lichtplein.nl/img/p/lp-lu152-1-l.webp,1,active
lp-lu153,"Serieschakelaar (2-voudig), zand mat","<p>Premium schakelmateriaal met een vlak, mat oppervlak en strakke afdekramen van 82,5 mm. Veerklemaansluiting voor snelle montage, 10 jaar mechanische levensduurtest. Voor woningen, hotels en kantoren met een hoogwaardige afwerking.</p><ul><li>CE-gecertificeerd</li><li>Veerklem, snelle montage</li><li>Past in standaard inbouwdoos</li></ul><h3>Specificaties</h3><table><tr><td>Montage</td><td>Inbouw</td></tr><tr><td>IP-klasse</td><td>IP20</td></tr><tr><td>Afdekraam</td><td>Zonder afdekraam (apart bestellen)</td></tr><tr><td>Nominale stroom</td><td>10 A</td></tr><tr><td>Aansluitklem</td><td>Veerklem (snelaansluiting)</td></tr><tr><td>Kleur</td><td>zand mat</td></tr><tr><td>Spanning</td><td>230 V</td></tr></table><p>Minimale afname 10 stuks. Projectprijs vanaf 100 stuks op aanvraag. Levering binnen 5 werkdagen.</p>",Lichtplein,LUXA,"LUXA,B2B,Schakelaars",TRUE,Title,Default Title,LP-LU153,15.99,continue,manual,TRUE,TRUE,https://lichtplein.nl/img/p/lp-lu153-1-l.webp,1,active
lp-lu153,,,,,,,,,,,,,,,https://lichtplein.nl/img/p/lp-lu153-2-l.webp,2,
lp-lu154,"Pulsdrukker dubbel, zand mat","<p>Premium schakelmateriaal met een vlak, mat oppervlak en strakke afdekramen van 82,5 mm. Veerklemaansluiting voor snelle montage, 10 jaar mechanische levensduurtest. Voor woningen, hotels en kantoren met een hoogwaardige afwerking.</p><ul><li>CE-gecertificeerd</li><li>Veerklem, snelle montage</li><li>Past in standaard inbouwdoos</li></ul><h3>Specificaties</h3><table><tr><td>Montage</td><td>Inbouw</td></tr><tr><td>IP-klasse</td><td>IP20</td></tr><tr><td>Afdekraam</td><td>Zonder afdekraam (apart bestellen)</td></tr><tr><td>Nominale stroom</td><td>10 A</td></tr><tr><td>Aansluitklem</td><td>Veerklem (snelaansluiting)</td></tr><tr><td>Kleur</td><td>zand mat</td></tr><tr><td>Spanning</td><td>230 V</td></tr></table><p>Minimale afname 10 stuks. Projectprijs vanaf 100 stuks op aanvraag. Levering binnen 5 werkdagen.</p>",Lichtplein,LUXA,"LUXA,B2B,Schakelaars",TRUE,Title,Default Title,LP-LU154,18.55,continue,manual,TRUE,TRUE,https://lichtplein.nl/img/p/lp-lu154-1-l.webp,1,active
lp-lu154,,,,,,,,,,,,,,,https://lichtplein.nl/img/p/lp-lu154-2-l.webp,2,
lp-lu155,"Wisselschakelaar, zand mat","<p>Premium schakelmateriaal met een vlak, mat oppervlak en strakke afdekramen van 82,5 mm. Veerklemaansluiting voor snelle montage, 10 jaar mechanische levensduurtest. Voor woningen, hotels en kantoren met een hoogwaardige afwerking.</p><ul><li>CE-gecertificeerd</li><li>Veerklem, snelle montage</li><li>Past in standaard inbouwdoos</li></ul><h3>Specificaties</h3><table><tr><td>Montage</td><td>Inbouw</td></tr><tr><td>IP-klasse</td><td>IP20</td></tr><tr><td>Afdekraam</td><td>Zonder afdekraam (apart bestellen)</td></tr><tr><td>Nominale stroom</td><td>10 A</td></tr><tr><td>Aansluitklem</td><td>Veerklem (snelaansluiting)</td></tr><tr><td>Kleur</td><td>zand mat</td></tr><tr><td>Spanning</td><td>230 V</td></tr></table><p>Minimale afname 10 stuks. Projectprijs vanaf 100 stuks op aanvraag. Levering binnen 5 werkdagen.</p>",Lichtplein,LUXA,"LUXA,B2B,Schakelaars",TRUE,Title,Default Title,LP-LU155,13.35,continue,manual,TRUE,TRUE,https://lichtplein.nl/img/p/lp-lu155-1-l.webp,1,active
lp-lu156,"Kruisschakelaar, zand mat","<p>Premium schakelmateriaal met een vlak, mat oppervlak en strakke afdekramen van 82,5 mm. Veerklemaansluiting voor snelle montage, 10 jaar mechanische levensduurtest. Voor woningen, hotels en kantoren met een hoogwaardige afwerking.</p><ul><li>CE-gecertificeerd</li><li>Veerklem, snelle montage</li><li>Past in standaard inbouwdoos</li></ul><h3>Specificaties</h3><table><tr><td>Montage</td><td>Inbouw</td></tr><tr><td>IP-klasse</td><td>IP20</td></tr><tr><td>Afdekraam</td><td>Zonder afdekraam (apart bestellen)</td></tr><tr><td>Nominale stroom</td><td>10 A</td></tr><tr><td>Aansluitklem</td><td>Veerklem (snelaansluiting)</td></tr><tr><td>Kleur</td><td>zand mat</td></tr><tr><td>Spanning</td><td>230 V</td></tr></table><p>Minimale afname 10 stuks. Projectprijs vanaf 100 stuks op aanvraag. Levering binnen 5 werkdagen.</p>",Lichtplein,LUXA,"LUXA,B2B,Schakelaars",TRUE,Title,Default Title,LP-LU156,18.75,continue,manual,TRUE,TRUE,https://lichtplein.nl/img/p/lp-lu156-1-l.webp,1,active
lp-lu156,,,,,,,,,,,,,,,https://lichtplein.nl/img/p/lp-lu156-2-l.webp,2,
lp-lu157,"Dubbele wisselschakelaar, zand mat","<p>Premium schakelmateriaal met een vlak, mat oppervlak en strakke afdekramen van 82,5 mm. Veerklemaansluiting voor snelle montage, 10 jaar mechanische levensduurtest. Voor woningen, hotels en kantoren met een hoogwaardige afwerking.</p><ul><li>CE-gecertificeerd</li><li>Veerklem, snelle montage</li><li>Past in standaard inbouwdoos</li></ul><h3>Specificaties</h3><table><tr><td>Montage</td><td>Inbouw</td></tr><tr><td>IP-klasse</td><td>IP20</td></tr><tr><td>Afdekraam</td><td>Zonder afdekraam (apart bestellen)</td></tr><tr><td>Nominale stroom</td><td>16 A</td></tr><tr><td>Aansluitklem</td><td>Veerklem (snelaansluiting)</td></tr><tr><td>Kleur</td><td>zand mat</td></tr><tr><td>Spanning</td><td>230 V</td></tr></table><p>Minimale afname 10 stuks. Projectprijs vanaf 100 stuks op aanvraag. Levering binnen 5 werkdagen.</p>",Lichtplein,LUXA,"LUXA,B2B,Schakelaars",TRUE,Title,Default Title,LP-LU157,21.49,continue,manual,TRUE,TRUE,https://lichtplein.nl/img/p/lp-lu157-1-l.webp,1,active
lp-lu157,,,,,,,,,,,,,,,https://lichtplein.nl/img/p/lp-lu157-2-l.webp,2,
lp-lu157,,,,,,,,,,,,,,,https://lichtplein.nl/img/p/lp-lu157-3-l.webp,3,
lp-lu158,"Dubbele wisselpulsdrukker, zand mat","<p>Premium schakelmateriaal met een vlak, mat oppervlak en strakke afdekramen van 82,5 mm. Veerklemaansluiting voor snelle montage, 10 jaar mechanische levensduurtest. Voor woningen, hotels en kantoren met een hoogwaardige afwerking.</p><ul><li>CE-gecertificeerd</li><li>Veerklem, snelle montage</li><li>Past in standaard inbouwdoos</li></ul><h3>Specificaties</h3><table><tr><td>Montage</td><td>Inbouw</td></tr><tr><td>IP-klasse</td><td>IP20</td></tr><tr><td>Afdekraam</td><td>Zonder afdekraam (apart bestellen)</td></tr><tr><td>Nominale stroom</td><td>16 A</td></tr><tr><td>Aansluitklem</td><td>Veerklem (snelaansluiting)</td></tr><tr><td>Kleur</td><td>zand mat</td></tr><tr><td>Spanning</td><td>230 V</td></tr></table><p>Minimale afname 10 stuks. Projectprijs vanaf 100 stuks op aanvraag. Levering binnen 5 werkdagen.</p>",Lichtplein,LUXA,"LUXA,B2B,Schakelaars",TRUE,Title,Default Title,LP-LU158,25.05,continue,manual,TRUE,TRUE,https://lichtplein.nl/img/p/lp-lu158-1-l.webp,1,active
lp-lu159,"Hotelkaartschakelaar met pulsdrukker, zand mat","<p>Premium schakelmateriaal met een vlak, mat oppervlak en strakke afdekramen van 82,5 mm. Veerklemaansluiting voor snelle montage, 10 jaar mechanische levensduurtest. Voor woningen, hotels en kantoren met een hoogwaardige afwerking.</p><ul><li>CE-gecertificeerd</li><li>Veerklem, snelle montage</li><li>Past in standaard inbouwdoos</li></ul><h3>Specificaties</h3><table><tr><td>Montage</td><td>Inbouw</td></tr><tr><td>IP-klasse</td><td>IP20</td></tr><tr><td>Afdekraam</td><td>Zonder afdekraam (apart bestellen)</td></tr><tr><td>Nominale stroom</td><td>10 A</td></tr><tr><td>Aansluitklem</td><td>Veerklem (snelaansluiting)</td></tr><tr><td>Kleur</td><td>zand mat</td></tr><tr><td>Spanning</td><td>230 V</td></tr></table><p>Minimale afname 10 stuks. Projectprijs vanaf 100 stuks op aanvraag. Levering binnen 5 werkdagen.</p>",Lichtplein,LUXA,"LUXA,B2B,Schakelaars",TRUE,Title,Default Title,LP-LU159,25.35,continue,manual,TRUE,TRUE,https://lichtplein.nl/img/p/lp-lu159-1-l.webp,1,active
lp-lu159,,,,,,,,,,,,,,,https://lichtplein.nl/img/p/lp-lu159-2-l.webp,2,
lp-lu159,,,,,,,,,,,,,,,https://lichtplein.nl/img/p/lp-lu159-3-l.webp,3,
lp-lu160,"Beldrukker, zand mat","<p>Premium schakelmateriaal met een vlak, mat oppervlak en strakke afdekramen van 82,5 mm. Veerklemaansluiting voor snelle montage, 10 jaar mechanische levensduurtest. Voor woningen, hotels en kantoren met een hoogwaardige afwerking.</p><ul><li>CE-gecertificeerd</li><li>Veerklem, snelle montage</li><li>Past in standaard inbouwdoos</li></ul><h3>Specificaties</h3><table><tr><td>Montage</td><td>Inbouw</td></tr><tr><td>IP-klasse</td><td>IP20</td></tr><tr><td>Afdekraam</td><td>Zonder afdekraam (apart bestellen)</td></tr><tr><td>Nominale stroom</td><td>10 A</td></tr><tr><td>Aansluitklem</td><td>Veerklem (snelaansluiting)</td></tr><tr><td>Kleur</td><td>zand mat</td></tr><tr><td>Spanning</td><td>230 V</td></tr></table><p>Minimale afname 10 stuks. Projectprijs vanaf 100 stuks op aanvraag. Levering binnen 5 werkdagen.</p>",Lichtplein,LUXA,"LUXA,B2B,Schakelaars",TRUE,Title,Default Title,LP-LU160,13.85,continue,manual,TRUE,TRUE,https://lichtplein.nl/img/p/lp-lu160-1-l.webp,1,active
lp-lu161,"LED-drukdimmer 8-105W, zand mat","<p>Premium schakelmateriaal met een vlak, mat oppervlak en strakke afdekramen van 82,5 mm. Veerklemaansluiting voor snelle montage, 10 jaar mechanische levensduurtest. Voor woningen, hotels en kantoren met een hoogwaardige afwerking.</p><ul><li>CE-gecertificeerd</li><li>Schroefklem</li><li>Past in standaard inbouwdoos</li></ul><h3>Specificaties</h3><table><tr><td>Belasting</td><td>LED 8-105W</td></tr><tr><td>Montage</td><td>Inbouw</td></tr><tr><td>IP-klasse</td><td>IP20</td></tr><tr><td>Kleur</td><td>zand mat</td></tr><tr><td>Spanning</td><td>230 V</td></tr></table><p>Minimale afname 10 stuks. Projectprijs vanaf 100 stuks op aanvraag. Levering binnen 5 werkdagen.</p>",Lichtplein,LUXA,"LUXA,B2B,Dimmers",TRUE,Title,Default Title,LP-LU161,139.00,continue,manual,TRUE,TRUE,https://lichtplein.nl/img/p/lp-lu161-1-l.webp,1,active
lp-lu162,"LED-draaidimmer 5-200W, zand mat","<p>Premium schakelmateriaal met een vlak, mat oppervlak en strakke afdekramen van 82,5 mm. Veerklemaansluiting voor snelle montage, 10 jaar mechanische levensduurtest. Voor woningen, hotels en kantoren met een hoogwaardige afwerking.</p><ul><li>CE-gecertificeerd</li><li>Schroefklem</li><li>Past in standaard inbouwdoos</li></ul><h3>Specificaties</h3><table><tr><td>Belasting</td><td>LED 5-200W</td></tr><tr><td>Montage</td><td>Inbouw</td></tr><tr><td>IP-klasse</td><td>IP20</td></tr><tr><td>Kleur</td><td>zand mat</td></tr><tr><td>Spanning</td><td>230 V</td></tr></table><p>Minimale afname 10 stuks. Projectprijs vanaf 100 stuks op aanvraag. Levering binnen 5 werkdagen.</p>",Lichtplein,LUXA,"LUXA,B2B,Dimmers",TRUE,Title,Default Title,LP-LU162,169.00,continue,manual,TRUE,TRUE,https://lichtplein.nl/img/p/lp-lu162-1-l.webp,1,active
lp-lu162,,,,,,,,,,,,,,,https://lichtplein.nl/img/p/lp-lu162-2-l.webp,2,
lp-lu163,"Wandcontactdoos met USB-lader 3,4A, zand mat","<p>Premium schakelmateriaal met een vlak, mat oppervlak en strakke afdekramen van 82,5 mm. Veerklemaansluiting voor snelle montage, 10 jaar mechanische levensduurtest. Voor woningen, hotels en kantoren met een hoogwaardige afwerking.</p><ul><li>CE-gecertificeerd</li><li>Schroefklem</li><li>Past in standaard inbouwdoos</li></ul><h3>Specificaties</h3><table><tr><td>USB</td><td>2x USB-A, 3,4 A totaal</td></tr><tr><td>Montage</td><td>Inbouw</td></tr><tr><td>IP-klasse</td><td>IP20</td></tr><tr><td>Afdekraam</td><td>Zonder afdekraam (apart bestellen)</td></tr><tr><td>Kleur</td><td>zand mat</td></tr><tr><td>Spanning</td><td>230 V</td></tr></table><p>Minimale afname 10 stuks. Projectprijs vanaf 100 stuks op aanvraag. Levering binnen 5 werkdagen.</p>",Lichtplein,LUXA,"LUXA,B2B,Wandcontactdozen",TRUE,Title,Default Title,LP-LU163,87.99,continue,manual,TRUE,TRUE,https://lichtplein.nl/img/p/lp-lu163-1-l.webp,1,active
lp-lu163,,,,,,,,,,,,,,,https://lichtplein.nl/img/p/lp-lu163-2-l.webp,2,
lp-lu164,"Wandcontactdoos met randaarde, zand mat","<p>Premium schakelmateriaal met een vlak, mat oppervlak en strakke afdekramen van 82,5 mm. Veerklemaansluiting voor snelle montage, 10 jaar mechanische levensduurtest. Voor woningen, hotels en kantoren met een hoogwaardige afwerking.</p><ul><li>CE-gecertificeerd</li><li>Schroefklem</li><li>Past in standaard inbouwdoos</li></ul><h3>Specificaties</h3><table><tr><td>Nominale stroom</td><td>16 A</td></tr><tr><td>Montage</td><td>Inbouw</td></tr><tr><td>IP-klasse</td><td>IP20</td></tr><tr><td>Afdekraam</td><td>Zonder afdekraam (apart bestellen)</td></tr><tr><td>Aansluitklem</td><td>Schroefklem</td></tr><tr><td>Kleur</td><td>zand mat</td></tr><tr><td>Spanning</td><td>230 V</td></tr></table><p>Minimale afname 10 stuks. Projectprijs vanaf 100 stuks op aanvraag. Levering binnen 5 werkdagen.</p>",Lichtplein,LUXA,"LUXA,B2B,Wandcontactdozen",TRUE,Title,Default Title,LP-LU164,9.35,continue,manual,TRUE,TRUE,https://lichtplein.nl/img/p/lp-lu164-1-l.webp,1,active
lp-lu164,,,,,,,,,,,,,,,https://lichtplein.nl/img/p/lp-lu164-2-l.webp,2,
lp-lu165,"Wandcontactdoos met randaarde, zand mat, set van 10","<p>Premium schakelmateriaal met een vlak, mat oppervlak en strakke afdekramen van 82,5 mm. Veerklemaansluiting voor snelle montage, 10 jaar mechanische levensduurtest. Voor woningen, hotels en kantoren met een hoogwaardige afwerking.</p><ul><li>CE-gecertificeerd</li><li>Schroefklem</li><li>Past in standaard inbouwdoos</li></ul><h3>Specificaties</h3><table><tr><td>Nominale stroom</td><td>16 A</td></tr><tr><td>Montage</td><td>Inbouw</td></tr><tr><td>IP-klasse</td><td>IP20</td></tr><tr><td>Afdekraam</td><td>Zonder afdekraam (apart bestellen)</td></tr><tr><td>Aansluitklem</td><td>Schroefklem</td></tr><tr><td>Kleur</td><td>zand mat</td></tr><tr><td>Spanning</td><td>230 V</td></tr><tr><td>Verpakking</td><td>10 stuks</td></tr></table><p>Minimale afname 1 set. Projectprijs vanaf 100 stuks op aanvraag. Levering binnen 5 werkdagen.</p>",Lichtplein,LUXA,"LUXA,B2B,Wandcontactdozen",TRUE,Title,Default Title,LP-LU165,89.05,continue,manual,TRUE,TRUE,https://lichtplein.nl/img/p/lp-lu165-1-l.webp,1,active
lp-lu165,,,,,,,,,,,,,,,https://lichtplein.nl/img/p/lp-lu165-2-l.webp,2,
lp-lu166,"Wandcontactdoos met randaarde, zand mat","<p>Premium schakelmateriaal met een vlak, mat oppervlak en strakke afdekramen van 82,5 mm. Veerklemaansluiting voor snelle montage, 10 jaar mechanische levensduurtest. Voor woningen, hotels en kantoren met een hoogwaardige afwerking.</p><ul><li>CE-gecertificeerd</li><li>Veerklem, snelle montage</li><li>Past in standaard inbouwdoos</li></ul><h3>Specificaties</h3><table><tr><td>Nominale stroom</td><td>16 A</td></tr><tr><td>Montage</td><td>Inbouw</td></tr><tr><td>IP-klasse</td><td>IP20</td></tr><tr><td>Afdekraam</td><td>Zonder afdekraam (apart bestellen)</td></tr><tr><td>Aansluitklem</td><td>Veerklem (snelaansluiting)</td></tr><tr><td>Kleur</td><td>zand mat</td></tr><tr><td>Spanning</td><td>230 V</td></tr></table><p>Minimale afname 10 stuks. Projectprijs vanaf 100 stuks op aanvraag. Levering binnen 5 werkdagen.</p>",Lichtplein,LUXA,"LUXA,B2B,Wandcontactdozen",TRUE,Title,Default Title,LP-LU166,11.75,continue,manual,TRUE,TRUE,https://lichtplein.nl/img/p/lp-lu166-1-l.webp,1,active
lp-lu167,"Wandcontactdoos met randaarde met klapdeksel, zand mat","<p>Premium schakelmateriaal met een vlak, mat oppervlak en strakke afdekramen van 82,5 mm. Veerklemaansluiting voor snelle montage, 10 jaar mechanische levensduurtest. Voor woningen, hotels en kantoren met een hoogwaardige afwerking.</p><ul><li>CE-gecertificeerd</li><li>Veerklem, snelle montage</li><li>Past in standaard inbouwdoos</li></ul><h3>Specificaties</h3><table><tr><td>Nominale stroom</td><td>16 A</td></tr><tr><td>Montage</td><td>Inbouw</td></tr><tr><td>IP-klasse</td><td>IP44</td></tr><tr><td>Afdekraam</td><td>Zonder afdekraam (apart bestellen)</td></tr><tr><td>Aansluitklem</td><td>Veerklem (snelaansluiting)</td></tr><tr><td>Kleur</td><td>zand mat</td></tr><tr><td>Spanning</td><td>230 V</td></tr></table><p>Minimale afname 10 stuks. Projectprijs vanaf 100 stuks op aanvraag. Levering binnen 5 werkdagen.</p>",Lichtplein,LUXA,"LUXA,B2B,Wandcontactdozen",TRUE,Title,Default Title,LP-LU167,15.15,continue,manual,TRUE,TRUE,https://lichtplein.nl/img/p/lp-lu167-1-l.webp,1,active
lp-lu167,,,,,,,,,,,,,,,https://lichtplein.nl/img/p/lp-lu167-2-l.webp,2,
lp-lu168,"Wandcontactdoos met randaarde, spreidklauwen, zand mat","<p>Premium schakelmateriaal met een vlak, mat oppervlak en strakke afdekramen van 82,5 mm. Veerklemaansluiting voor snelle montage, 10 jaar mechanische levensduurtest. Voor woningen, hotels en kantoren met een hoogwaardige afwerking.</p><ul><li>CE-gecertificeerd</li><li>Veerklem, snelle montage</li><li>Past in standaard inbouwdoos</li></ul><h3>Specificaties</h3><table><tr><td>Nominale stroom</td><td>16 A</td></tr><tr><td>Montage</td><td>Inbouw</td></tr><tr><td>IP-klasse</td><td>IP20</td></tr><tr><td>Afdekraam</td><td>Zonder afdekraam (apart bestellen)</td></tr><tr><td>Aansluitklem</td><td>Veerklem (snelaansluiting)</td></tr><tr><td>Kleur</td><td>zand mat</td></tr><tr><td>Spanning</td><td>230 V</td></tr></table><p>Minimale afname 10 stuks. Projectprijs vanaf 100 stuks op aanvraag. Levering binnen 5 werkdagen.</p>",Lichtplein,LUXA,"LUXA,B2B,Wandcontactdozen",TRUE,Title,Default Title,LP-LU168,12.99,continue,manual,TRUE,TRUE,https://lichtplein.nl/img/p/lp-lu168-1-l.webp,1,active
lp-lu168,,,,,,,,,,,,,,,https://lichtplein.nl/img/p/lp-lu168-2-l.webp,2,
lp-lu169,"Netwerkaansluiting RJ45 CAT6a, zand mat","<p>Premium schakelmateriaal met een vlak, mat oppervlak en strakke afdekramen van 82,5 mm. Veerklemaansluiting voor snelle montage, 10 jaar mechanische levensduurtest. Voor woningen, hotels en kantoren met een hoogwaardige afwerking.</p><ul><li>CE-gecertificeerd</li><li>Schroefklem</li><li>Past in standaard inbouwdoos</li></ul><h3>Specificaties</h3><table><tr><td>Montage</td><td>Inbouw</td></tr><tr><td>IP-klasse</td><td>IP20</td></tr><tr><td>Kleur</td><td>zand mat</td></tr></table><p>Minimale afname 10 stuks. Projectprijs vanaf 100 stuks op aanvraag. Levering binnen 5 werkdagen.</p>",Lichtplein,LUXA,"LUXA,B2B,Data en media",TRUE,Title,Default Title,LP-LU169,17.15,continue,manual,TRUE,TRUE,https://lichtplein.nl/img/p/lp-lu169-1-l.webp,1,active
lp-lu169,,,,,,,,,,,,,,,https://lichtplein.nl/img/p/lp-lu169-2-l.webp,2,
lp-lu170,"Luidsprekeraansluiting enkel, zand mat","<p>Premium schakelmateriaal met een vlak, mat oppervlak en strakke afdekramen van 82,5 mm. Veerklemaansluiting voor snelle montage, 10 jaar mechanische levensduurtest. Voor woningen, hotels en kantoren met een hoogwaardige afwerking.</p><ul><li>CE-gecertificeerd</li><li>Schroefklem</li><li>Past in standaard inbouwdoos</li></ul><h3>Specificaties</h3><table><tr><td>Montage</td><td>Inbouw</td></tr><tr><td>IP-klasse</td><td>IP20</td></tr><tr><td>Kleur</td><td>zand mat</td></tr></table><p>Minimale afname 10 stuks. Projectprijs vanaf 100 stuks op aanvraag. Levering binnen 5 werkdagen.</p>",Lichtplein,LUXA,"LUXA,B2B,Data en media",TRUE,Title,Default Title,LP-LU170,27.69,continue,manual,TRUE,TRUE,https://lichtplein.nl/img/p/lp-lu170-1-l.webp,1,active
lp-lu170,,,,,,,,,,,,,,,https://lichtplein.nl/img/p/lp-lu170-2-l.webp,2,
lp-lu171,"Kabeldoorvoer audio, zand mat","<p>Premium schakelmateriaal met een vlak, mat oppervlak en strakke afdekramen van 82,5 mm. Veerklemaansluiting voor snelle montage, 10 jaar mechanische levensduurtest. Voor woningen, hotels en kantoren met een hoogwaardige afwerking.</p><ul><li>CE-gecertificeerd</li><li>Schroefklem</li><li>Past in standaard inbouwdoos</li></ul><h3>Specificaties</h3><table><tr><td>Montage</td><td>Inbouw</td></tr><tr><td>IP-klasse</td><td>IP20</td></tr><tr><td>Kleur</td><td>zand mat</td></tr></table><p>Minimale afname 10 stuks. Projectprijs vanaf 100 stuks op aanvraag. Levering binnen 5 werkdagen.</p>",Lichtplein,LUXA,"LUXA,B2B,Data en media",TRUE,Title,Default Title,LP-LU171,18.15,continue,manual,TRUE,TRUE,https://lichtplein.nl/img/p/lp-lu171-1-l.webp,1,active
lp-lu171,,,,,,,,,,,,,,,https://lichtplein.nl/img/p/lp-lu171-2-l.webp,2,
lp-lu172,"TV-aansluiting F-connector, zand mat","<p>Premium schakelmateriaal met een vlak, mat oppervlak en strakke afdekramen van 82,5 mm. Veerklemaansluiting voor snelle montage, 10 jaar mechanische levensduurtest. Voor woningen, hotels en kantoren met een hoogwaardige afwerking.</p><ul><li>CE-gecertificeerd</li><li>Schroefklem</li><li>Past in standaard inbouwdoos</li></ul><h3>Specificaties</h3><table><tr><td>Montage</td><td>Inbouw</td></tr><tr><td>IP-klasse</td><td>IP20</td></tr><tr><td>Kleur</td><td>zand mat</td></tr></table><p>Minimale afname 10 stuks. Projectprijs vanaf 100 stuks op aanvraag. Levering binnen 5 werkdagen.</p>",Lichtplein,LUXA,"LUXA,B2B,Data en media",TRUE,Title,Default Title,LP-LU172,12.59,continue,manual,TRUE,TRUE,https://lichtplein.nl/img/p/lp-lu172-1-l.webp,1,active
lp-lu172,,,,,,,,,,,,,,,https://lichtplein.nl/img/p/lp-lu172-2-l.webp,2,
lp-lu172,,,,,,,,,,,,,,,https://lichtplein.nl/img/p/lp-lu172-3-l.webp,3,
lp-lu172,,,,,,,,,,,,,,,https://lichtplein.nl/img/p/lp-lu172-4-l.webp,4,
lp-lu173,"Kabeldoorvoer audio, zand mat","<p>Premium schakelmateriaal met een vlak, mat oppervlak en strakke afdekramen van 82,5 mm. Veerklemaansluiting voor snelle montage, 10 jaar mechanische levensduurtest. Voor woningen, hotels en kantoren met een hoogwaardige afwerking.</p><ul><li>CE-gecertificeerd</li><li>Schroefklem</li><li>Past in standaard inbouwdoos</li></ul><h3>Specificaties</h3><table><tr><td>Montage</td><td>Inbouw</td></tr><tr><td>IP-klasse</td><td>IP20</td></tr><tr><td>Kleur</td><td>zand mat</td></tr></table><p>Minimale afname 10 stuks. Projectprijs vanaf 100 stuks op aanvraag. Levering binnen 5 werkdagen.</p>",Lichtplein,LUXA,"LUXA,B2B,Data en media",TRUE,Title,Default Title,LP-LU173,24.15,continue,manual,TRUE,TRUE,https://lichtplein.nl/img/p/lp-lu173-1-l.webp,1,active
lp-lu173,,,,,,,,,,,,,,,https://lichtplein.nl/img/p/lp-lu173-2-l.webp,2,
lp-lu174,"Blindplaat, zand mat","<p>Premium schakelmateriaal met een vlak, mat oppervlak en strakke afdekramen van 82,5 mm. Veerklemaansluiting voor snelle montage, 10 jaar mechanische levensduurtest. Voor woningen, hotels en kantoren met een hoogwaardige afwerking.</p><ul><li>CE-gecertificeerd</li><li>Standaard Europese maatvoering</li><li>Direct uit voorraad</li></ul><h3>Specificaties</h3><table><tr><td>Montage</td><td>Inbouw</td></tr><tr><td>IP-klasse</td><td>IP20</td></tr><tr><td>Kleur</td><td>zand mat</td></tr></table><p>Minimale afname 10 stuks. Projectprijs vanaf 100 stuks op aanvraag. Levering binnen 5 werkdagen.</p>",Lichtplein,LUXA,"LUXA,B2B,Afwerking",TRUE,Title,Default Title,LP-LU174,6.89,continue,manual,TRUE,TRUE,https://lichtplein.nl/img/p/lp-lu174-1-l.webp,1,active
lp-lu174,,,,,,,,,,,,,,,https://lichtplein.nl/img/p/lp-lu174-2-l.webp,2,
lp-lu174,,,,,,,,,,,,,,,https://lichtplein.nl/img/p/lp-lu174-3-l.webp,3,
lp-lu174,,,,,,,,,,,,,,,https://lichtplein.nl/img/p/lp-lu174-4-l.webp,4,
lp-lu175,"Kabeldoorvoerplaat, zand mat","<p>Premium schakelmateriaal met een vlak, mat oppervlak en strakke afdekramen van 82,5 mm. Veerklemaansluiting voor snelle montage, 10 jaar mechanische levensduurtest. Voor woningen, hotels en kantoren met een hoogwaardige afwerking.</p><ul><li>CE-gecertificeerd</li><li>Standaard Europese maatvoering</li><li>Direct uit voorraad</li></ul><h3>Specificaties</h3><table><tr><td>Montage</td><td>Inbouw</td></tr><tr><td>IP-klasse</td><td>IP20</td></tr><tr><td>Kleur</td><td>zand mat</td></tr></table><p>Minimale afname 10 stuks. Projectprijs vanaf 100 stuks op aanvraag. Levering binnen 5 werkdagen.</p>",Lichtplein,LUXA,"LUXA,B2B,Afwerking",TRUE,Title,Default Title,LP-LU175,7.89,continue,manual,TRUE,TRUE,https://lichtplein.nl/img/p/lp-lu175-1-l.webp,1,active
lp-lu175,,,,,,,,,,,,,,,https://lichtplein.nl/img/p/lp-lu175-2-l.webp,2,
lp-lu176,"Afdekplaat 1x RJ45 keystone, zand mat","<p>Premium schakelmateriaal met een vlak, mat oppervlak en strakke afdekramen van 82,5 mm. Veerklemaansluiting voor snelle montage, 10 jaar mechanische levensduurtest. Voor woningen, hotels en kantoren met een hoogwaardige afwerking.</p><ul><li>CE-gecertificeerd</li><li>Schroefklem</li><li>Past in standaard inbouwdoos</li></ul><h3>Specificaties</h3><table><tr><td>Montage</td><td>Inbouw</td></tr><tr><td>IP-klasse</td><td>IP20</td></tr><tr><td>Kleur</td><td>zand mat</td></tr></table><p>Minimale afname 10 stuks. Projectprijs vanaf 100 stuks op aanvraag. Levering binnen 5 werkdagen.</p>",Lichtplein,LUXA,"LUXA,B2B,Data en media",TRUE,Title,Default Title,LP-LU176,14.15,continue,manual,TRUE,TRUE,https://lichtplein.nl/img/p/lp-lu176-1-l.webp,1,active
lp-lu176,,,,,,,,,,,,,,,https://lichtplein.nl/img/p/lp-lu176-2-l.webp,2,
lp-lu177,"Afdekplaat 2x RJ45 keystone, zand mat","<p>Premium schakelmateriaal met een vlak, mat oppervlak en strakke afdekramen van 82,5 mm. Veerklemaansluiting voor snelle montage, 10 jaar mechanische levensduurtest. Voor woningen, hotels en kantoren met een hoogwaardige afwerking.</p><ul><li>CE-gecertificeerd</li><li>Schroefklem</li><li>Past in standaard inbouwdoos</li></ul><h3>Specificaties</h3><table><tr><td>Montage</td><td>Inbouw</td></tr><tr><td>IP-klasse</td><td>IP20</td></tr><tr><td>Kleur</td><td>zand mat</td></tr></table><p>Minimale afname 10 stuks. Projectprijs vanaf 100 stuks op aanvraag. Levering binnen 5 werkdagen.</p>",Lichtplein,LUXA,"LUXA,B2B,Data en media",TRUE,Title,Default Title,LP-LU177,14.15,continue,manual,TRUE,TRUE,https://lichtplein.nl/img/p/lp-lu177-1-l.webp,1,active
lp-lu177,,,,,,,,,,,,,,,https://lichtplein.nl/img/p/lp-lu177-2-l.webp,2,
lp-lu178,"Afdekraam 1-voudig, zand mat","<p>Premium schakelmateriaal met een vlak, mat oppervlak en strakke afdekramen van 82,5 mm. Veerklemaansluiting voor snelle montage, 10 jaar mechanische levensduurtest. Voor woningen, hotels en kantoren met een hoogwaardige afwerking.</p><ul><li>CE-gecertificeerd</li><li>Standaard Europese maatvoering</li><li>Direct uit voorraad</li></ul><h3>Specificaties</h3><table><tr><td>Afmetingen</td><td>82.5 x 82.5mm</td></tr><tr><td>Kleur</td><td>zand mat</td></tr></table><p>Minimale afname 10 stuks. Projectprijs vanaf 100 stuks op aanvraag. Levering binnen 5 werkdagen.</p>",Lichtplein,LUXA,"LUXA,B2B,Afdekramen",TRUE,Title,Default Title,LP-LU178,2.35,continue,manual,TRUE,TRUE,https://lichtplein.nl/img/p/lp-lu178-1-l.webp,1,active
lp-lu178,,,,,,,,,,,,,,,https://lichtplein.nl/img/p/lp-lu178-2-l.webp,2,
lp-lu178,,,,,,,,,,,,,,,https://lichtplein.nl/img/p/lp-lu178-3-l.webp,3,
lp-lu179,"Afdekraam 2-voudig, zand mat","<p>Premium schakelmateriaal met een vlak, mat oppervlak en strakke afdekramen van 82,5 mm. Veerklemaansluiting voor snelle montage, 10 jaar mechanische levensduurtest. Voor woningen, hotels en kantoren met een hoogwaardige afwerking.</p><ul><li>CE-gecertificeerd</li><li>Standaard Europese maatvoering</li><li>Direct uit voorraad</li></ul><h3>Specificaties</h3><table><tr><td>Afmetingen</td><td>82.2 x 153.2mm</td></tr><tr><td>Kleur</td><td>zand mat</td></tr></table><p>Minimale afname 10 stuks. Projectprijs vanaf 100 stuks op aanvraag. Levering binnen 5 werkdagen.</p>",Lichtplein,LUXA,"LUXA,B2B,Afdekramen",TRUE,Title,Default Title,LP-LU179,3.99,continue,manual,TRUE,TRUE,https://lichtplein.nl/img/p/lp-lu179-1-l.webp,1,active
lp-lu179,,,,,,,,,,,,,,,https://lichtplein.nl/img/p/lp-lu179-2-l.webp,2,
lp-lu180,"Afdekraam 3-voudig, zand mat","<p>Premium schakelmateriaal met een vlak, mat oppervlak en strakke afdekramen van 82,5 mm. Veerklemaansluiting voor snelle montage, 10 jaar mechanische levensduurtest. Voor woningen, hotels en kantoren met een hoogwaardige afwerking.</p><ul><li>CE-gecertificeerd</li><li>Standaard Europese maatvoering</li><li>Direct uit voorraad</li></ul><h3>Specificaties</h3><table><tr><td>Afmetingen</td><td>82.2 x 224.2mm</td></tr><tr><td>Kleur</td><td>zand mat</td></tr></table><p>Minimale afname 10 stuks. Projectprijs vanaf 100 stuks op aanvraag. Levering binnen 5 werkdagen.</p>",Lichtplein,LUXA,"LUXA,B2B,Afdekramen",TRUE,Title,Default Title,LP-LU180,5.59,continue,manual,TRUE,TRUE,https://lichtplein.nl/img/p/lp-lu180-1-l.webp,1,active
lp-lu181,"Afdekraam 4-voudig, zand mat","<p>Premium schakelmateriaal met een vlak, mat oppervlak en strakke afdekramen van 82,5 mm. Veerklemaansluiting voor snelle montage, 10 jaar mechanische levensduurtest. Voor woningen, hotels en kantoren met een hoogwaardige afwerking.</p><ul><li>CE-gecertificeerd</li><li>Standaard Europese maatvoering</li><li>Direct uit voorraad</li></ul><h3>Specificaties</h3><table><tr><td>Afmetingen</td><td>82.2 x 285.2mm</td></tr><tr><td>Kleur</td><td>zand mat</td></tr></table><p>Minimale afname 10 stuks. Projectprijs vanaf 100 stuks op aanvraag. Levering binnen 5 werkdagen.</p>",Lichtplein,LUXA,"LUXA,B2B,Afdekramen",TRUE,Title,Default Title,LP-LU181,7.25,continue,manual,TRUE,TRUE,https://lichtplein.nl/img/p/lp-lu181-1-l.webp,1,active
lp-lu181,,,,,,,,,,,,,,,https://lichtplein.nl/img/p/lp-lu181-2-l.webp,2,
lp-lu182,"Afdekraam 5-voudig, zand mat","<p>Premium schakelmateriaal met een vlak, mat oppervlak en strakke afdekramen van 82,5 mm. Veerklemaansluiting voor snelle montage, 10 jaar mechanische levensduurtest. Voor woningen, hotels en kantoren met een hoogwaardige afwerking.</p><ul><li>CE-gecertificeerd</li><li>Standaard Europese maatvoering</li><li>Direct uit voorraad</li></ul><h3>Specificaties</h3><table><tr><td>Afmetingen</td><td>82.2 x 366.2mm</td></tr><tr><td>Kleur</td><td>zand mat</td></tr></table><p>Minimale afname 10 stuks. Projectprijs vanaf 100 stuks op aanvraag. Levering binnen 5 werkdagen.</p>",Lichtplein,LUXA,"LUXA,B2B,Afdekramen",TRUE,Title,Default Title,LP-LU182,8.85,continue,manual,TRUE,TRUE,https://lichtplein.nl/img/p/lp-lu182-1-l.webp,1,active
lp-lu182,,,,,,,,,,,,,,,https://lichtplein.nl/img/p/lp-lu182-2-l.webp,2,
lp-lu183,"Opbouwdoos 1-voudig, zand mat","<p>Premium schakelmateriaal met een vlak, mat oppervlak en strakke afdekramen van 82,5 mm. Veerklemaansluiting voor snelle montage, 10 jaar mechanische levensduurtest. Voor woningen, hotels en kantoren met een hoogwaardige afwerking.</p><ul><li>CE-gecertificeerd</li><li>Standaard Europese maatvoering</li><li>Direct uit voorraad</li></ul><h3>Specificaties</h3><table><tr><td>Afmetingen</td><td>80 x 80 x 47 mm</td></tr><tr><td>Kleur</td><td>zand mat</td></tr></table><p>Minimale afname 10 stuks. Projectprijs vanaf 100 stuks op aanvraag. Levering binnen 5 werkdagen.</p>",Lichtplein,LUXA,"LUXA,B2B,Opbouwdozen",TRUE,Title,Default Title,LP-LU183,7.89,continue,manual,TRUE,TRUE,https://lichtplein.nl/img/p/lp-lu183-1-l.webp,1,active
lp-lu183,,,,,,,,,,,,,,,https://lichtplein.nl/img/p/lp-lu183-2-l.webp,2,
lp-lu184,"Opbouwdoos 2-voudig, zand mat","<p>Premium schakelmateriaal met een vlak, mat oppervlak en strakke afdekramen van 82,5 mm. Veerklemaansluiting voor snelle montage, 10 jaar mechanische levensduurtest. Voor woningen, hotels en kantoren met een hoogwaardige afwerking.</p><ul><li>CE-gecertificeerd</li><li>Standaard Europese maatvoering</li><li>Direct uit voorraad</li></ul><h3>Specificaties</h3><table><tr><td>Kleur</td><td>zand mat</td></tr></table><p>Minimale afname 10 stuks. Projectprijs vanaf 100 stuks op aanvraag. Levering binnen 5 werkdagen.</p>",Lichtplein,LUXA,"LUXA,B2B,Opbouwdozen",TRUE,Title,Default Title,LP-LU184,11.49,continue,manual,TRUE,TRUE,https://lichtplein.nl/img/p/lp-lu184-1-l.webp,1,active
lp-lu184,,,,,,,,,,,,,,,https://lichtplein.nl/img/p/lp-lu184-2-l.webp,2,
lp-lu185,"Tussenraam voor thermostaat, zand mat","<p>Premium schakelmateriaal met een vlak, mat oppervlak en strakke afdekramen van 82,5 mm. Veerklemaansluiting voor snelle montage, 10 jaar mechanische levensduurtest. Voor woningen, hotels en kantoren met een hoogwaardige afwerking.</p><ul><li>CE-gecertificeerd</li><li>Standaard Europese maatvoering</li><li>Direct uit voorraad</li></ul><h3>Specificaties</h3><table><tr><td>Montage</td><td>Inbouw</td></tr><tr><td>IP-klasse</td><td>IP20</td></tr><tr><td>Kleur</td><td>zand mat</td></tr></table><p>Minimale afname 10 stuks. Projectprijs vanaf 100 stuks op aanvraag. Levering binnen 5 werkdagen.</p>",Lichtplein,LUXA,"LUXA,B2B,Afwerking",TRUE,Title,Default Title,LP-LU185,2.35,continue,manual,TRUE,TRUE,https://lichtplein.nl/img/p/lp-lu185-1-l.webp,1,active
lp-lu186,"Enkelpolige schakelaar, champagne","<p>Premium schakelmateriaal met een vlak, mat oppervlak en strakke afdekramen van 82,5 mm. Veerklemaansluiting voor snelle montage, 10 jaar mechanische levensduurtest. Voor woningen, hotels en kantoren met een hoogwaardige afwerking.</p><ul><li>CE-gecertificeerd</li><li>Veerklem, snelle montage</li><li>Past in standaard inbouwdoos</li></ul><h3>Specificaties</h3><table><tr><td>Montage</td><td>Inbouw</td></tr><tr><td>IP-klasse</td><td>IP20</td></tr><tr><td>Afdekraam</td><td>Zonder afdekraam (apart bestellen)</td></tr><tr><td>Nominale stroom</td><td>10 A</td></tr><tr><td>Aansluitklem</td><td>Veerklem (snelaansluiting)</td></tr><tr><td>Kleur</td><td>champagne</td></tr><tr><td>Spanning</td><td>230 V</td></tr></table><p>Minimale afname 10 stuks. Projectprijs vanaf 100 stuks op aanvraag. Levering binnen 5 werkdagen.</p>",Lichtplein,LUXA,"LUXA,B2B,Schakelaars",TRUE,Title,Default Title,LP-LU186,17.45,continue,manual,TRUE,TRUE,https://lichtplein.nl/img/p/lp-lu186-1-l.webp,1,active
lp-lu186,,,,,,,,,,,,,,,https://lichtplein.nl/img/p/lp-lu186-2-l.webp,2,
lp-lu186,,,,,,,,,,,,,,,https://lichtplein.nl/img/p/lp-lu186-3-l.webp,3,
lp-lu187,"Pulsdrukker enkel, champagne","<p>Premium schakelmateriaal met een vlak, mat oppervlak en strakke afdekramen van 82,5 mm. Veerklemaansluiting voor snelle montage, 10 jaar mechanische levensduurtest. Voor woningen, hotels en kantoren met een hoogwaardige afwerking.</p><ul><li>CE-gecertificeerd</li><li>Veerklem, snelle montage</li><li>Past in standaard inbouwdoos</li></ul><h3>Specificaties</h3><table><tr><td>Montage</td><td>Inbouw</td></tr><tr><td>IP-klasse</td><td>IP20</td></tr><tr><td>Afdekraam</td><td>Zonder afdekraam (apart bestellen)</td></tr><tr><td>Nominale stroom</td><td>10 A</td></tr><tr><td>Aansluitklem</td><td>Veerklem (snelaansluiting)</td></tr><tr><td>Kleur</td><td>champagne</td></tr><tr><td>Spanning</td><td>230 V</td></tr></table><p>Minimale afname 10 stuks. Projectprijs vanaf 100 stuks op aanvraag. Levering binnen 5 werkdagen.</p>",Lichtplein,LUXA,"LUXA,B2B,Schakelaars",TRUE,Title,Default Title,LP-LU187,18.69,continue,manual,TRUE,TRUE,https://lichtplein.nl/img/p/lp-lu187-1-l.webp,1,active
lp-lu187,,,,,,,,,,,,,,,https://lichtplein.nl/img/p/lp-lu187-2-l.webp,2,
lp-lu188,"Serieschakelaar (2-voudig), champagne","<p>Premium schakelmateriaal met een vlak, mat oppervlak en strakke afdekramen van 82,5 mm. Veerklemaansluiting voor snelle montage, 10 jaar mechanische levensduurtest. Voor woningen, hotels en kantoren met een hoogwaardige afwerking.</p><ul><li>CE-gecertificeerd</li><li>Veerklem, snelle montage</li><li>Past in standaard inbouwdoos</li></ul><h3>Specificaties</h3><table><tr><td>Montage</td><td>Inbouw</td></tr><tr><td>IP-klasse</td><td>IP20</td></tr><tr><td>Afdekraam</td><td>Zonder afdekraam (apart bestellen)</td></tr><tr><td>Nominale stroom</td><td>10 A</td></tr><tr><td>Aansluitklem</td><td>Veerklem (snelaansluiting)</td></tr><tr><td>Kleur</td><td>champagne</td></tr><tr><td>Spanning</td><td>230 V</td></tr></table><p>Minimale afname 10 stuks. Projectprijs vanaf 100 stuks op aanvraag. Levering binnen 5 werkdagen.</p>",Lichtplein,LUXA,"LUXA,B2B,Schakelaars",TRUE,Title,Default Title,LP-LU188,23.55,continue,manual,TRUE,TRUE,https://lichtplein.nl/img/p/lp-lu188-1-l.webp,1,active
lp-lu188,,,,,,,,,,,,,,,https://lichtplein.nl/img/p/lp-lu188-2-l.webp,2,
lp-lu188,,,,,,,,,,,,,,,https://lichtplein.nl/img/p/lp-lu188-3-l.webp,3,
lp-lu189,"Pulsdrukker dubbel, champagne","<p>Premium schakelmateriaal met een vlak, mat oppervlak en strakke afdekramen van 82,5 mm. Veerklemaansluiting voor snelle montage, 10 jaar mechanische levensduurtest. Voor woningen, hotels en kantoren met een hoogwaardige afwerking.</p><ul><li>CE-gecertificeerd</li><li>Veerklem, snelle montage</li><li>Past in standaard inbouwdoos</li></ul><h3>Specificaties</h3><table><tr><td>Montage</td><td>Inbouw</td></tr><tr><td>IP-klasse</td><td>IP20</td></tr><tr><td>Afdekraam</td><td>Zonder afdekraam (apart bestellen)</td></tr><tr><td>Nominale stroom</td><td>10 A</td></tr><tr><td>Aansluitklem</td><td>Veerklem (snelaansluiting)</td></tr><tr><td>Kleur</td><td>champagne</td></tr><tr><td>Spanning</td><td>230 V</td></tr></table><p>Minimale afname 10 stuks. Projectprijs vanaf 100 stuks op aanvraag. Levering binnen 5 werkdagen.</p>",Lichtplein,LUXA,"LUXA,B2B,Schakelaars",TRUE,Title,Default Title,LP-LU189,26.05,continue,manual,TRUE,TRUE,https://lichtplein.nl/img/p/lp-lu189-1-l.webp,1,active
lp-lu189,,,,,,,,,,,,,,,https://lichtplein.nl/img/p/lp-lu189-2-l.webp,2,
lp-lu189,,,,,,,,,,,,,,,https://lichtplein.nl/img/p/lp-lu189-3-l.webp,3,
lp-lu189,,,,,,,,,,,,,,,https://lichtplein.nl/img/p/lp-lu189-4-l.webp,4,
lp-lu190,"Wisselschakelaar, champagne","<p>Premium schakelmateriaal met een vlak, mat oppervlak en strakke afdekramen van 82,5 mm. Veerklemaansluiting voor snelle montage, 10 jaar mechanische levensduurtest. Voor woningen, hotels en kantoren met een hoogwaardige afwerking.</p><ul><li>CE-gecertificeerd</li><li>Veerklem, snelle montage</li><li>Past in standaard inbouwdoos</li></ul><h3>Specificaties</h3><table><tr><td>Montage</td><td>Inbouw</td></tr><tr><td>IP-klasse</td><td>IP20</td></tr><tr><td>Afdekraam</td><td>Zonder afdekraam (apart bestellen)</td></tr><tr><td>Nominale stroom</td><td>10 A</td></tr><tr><td>Aansluitklem</td><td>Veerklem (snelaansluiting)</td></tr><tr><td>Kleur</td><td>champagne</td></tr><tr><td>Spanning</td><td>230 V</td></tr></table><p>Minimale afname 10 stuks. Projectprijs vanaf 100 stuks op aanvraag. Levering binnen 5 werkdagen.</p>",Lichtplein,LUXA,"LUXA,B2B,Schakelaars",TRUE,Title,Default Title,LP-LU190,19.59,continue,manual,TRUE,TRUE,https://lichtplein.nl/img/p/lp-lu190-1-l.webp,1,active
lp-lu190,,,,,,,,,,,,,,,https://lichtplein.nl/img/p/lp-lu190-2-l.webp,2,
lp-lu190,,,,,,,,,,,,,,,https://lichtplein.nl/img/p/lp-lu190-3-l.webp,3,
lp-lu191,"Kruisschakelaar, champagne","<p>Premium schakelmateriaal met een vlak, mat oppervlak en strakke afdekramen van 82,5 mm. Veerklemaansluiting voor snelle montage, 10 jaar mechanische levensduurtest. Voor woningen, hotels en kantoren met een hoogwaardige afwerking.</p><ul><li>CE-gecertificeerd</li><li>Veerklem, snelle montage</li><li>Past in standaard inbouwdoos</li></ul><h3>Specificaties</h3><table><tr><td>Montage</td><td>Inbouw</td></tr><tr><td>IP-klasse</td><td>IP20</td></tr><tr><td>Afdekraam</td><td>Zonder afdekraam (apart bestellen)</td></tr><tr><td>Nominale stroom</td><td>10 A</td></tr><tr><td>Aansluitklem</td><td>Veerklem (snelaansluiting)</td></tr><tr><td>Kleur</td><td>champagne</td></tr><tr><td>Spanning</td><td>230 V</td></tr></table><p>Minimale afname 10 stuks. Projectprijs vanaf 100 stuks op aanvraag. Levering binnen 5 werkdagen.</p>",Lichtplein,LUXA,"LUXA,B2B,Schakelaars",TRUE,Title,Default Title,LP-LU191,27.59,continue,manual,TRUE,TRUE,https://lichtplein.nl/img/p/lp-lu191-1-l.webp,1,active
lp-lu191,,,,,,,,,,,,,,,https://lichtplein.nl/img/p/lp-lu191-2-l.webp,2,
lp-lu191,,,,,,,,,,,,,,,https://lichtplein.nl/img/p/lp-lu191-3-l.webp,3,
lp-lu191,,,,,,,,,,,,,,,https://lichtplein.nl/img/p/lp-lu191-4-l.webp,4,
lp-lu192,"Dubbele wisselschakelaar, champagne","<p>Premium schakelmateriaal met een vlak, mat oppervlak en strakke afdekramen van 82,5 mm. Veerklemaansluiting voor snelle montage, 10 jaar mechanische levensduurtest. Voor woningen, hotels en kantoren met een hoogwaardige afwerking.</p><ul><li>CE-gecertificeerd</li><li>Veerklem, snelle montage</li><li>Past in standaard inbouwdoos</li></ul><h3>Specificaties</h3><table><tr><td>Montage</td><td>Inbouw</td></tr><tr><td>IP-klasse</td><td>IP20</td></tr><tr><td>Afdekraam</td><td>Zonder afdekraam (apart bestellen)</td></tr><tr><td>Nominale stroom</td><td>16 A</td></tr><tr><td>Aansluitklem</td><td>Veerklem (snelaansluiting)</td></tr><tr><td>Kleur</td><td>champagne</td></tr><tr><td>Spanning</td><td>230 V</td></tr></table><p>Minimale afname 10 stuks. Projectprijs vanaf 100 stuks op aanvraag. Levering binnen 5 werkdagen.</p>",Lichtplein,LUXA,"LUXA,B2B,Schakelaars",TRUE,Title,Default Title,LP-LU192,31.65,continue,manual,TRUE,TRUE,https://lichtplein.nl/img/p/lp-lu192-1-l.webp,1,active
lp-lu192,,,,,,,,,,,,,,,https://lichtplein.nl/img/p/lp-lu192-2-l.webp,2,
lp-lu192,,,,,,,,,,,,,,,https://lichtplein.nl/img/p/lp-lu192-3-l.webp,3,
lp-lu192,,,,,,,,,,,,,,,https://lichtplein.nl/img/p/lp-lu192-4-l.webp,4,
lp-lu193,"Dubbele wisselpulsdrukker, champagne","<p>Premium schakelmateriaal met een vlak, mat oppervlak en strakke afdekramen van 82,5 mm. Veerklemaansluiting voor snelle montage, 10 jaar mechanische levensduurtest. Voor woningen, hotels en kantoren met een hoogwaardige afwerking.</p><ul><li>CE-gecertificeerd</li><li>Veerklem, snelle montage</li><li>Past in standaard inbouwdoos</li></ul><h3>Specificaties</h3><table><tr><td>Montage</td><td>Inbouw</td></tr><tr><td>IP-klasse</td><td>IP20</td></tr><tr><td>Afdekraam</td><td>Zonder afdekraam (apart bestellen)</td></tr><tr><td>Nominale stroom</td><td>16 A</td></tr><tr><td>Aansluitklem</td><td>Veerklem (snelaansluiting)</td></tr><tr><td>Kleur</td><td>champagne</td></tr><tr><td>Spanning</td><td>230 V</td></tr></table><p>Minimale afname 10 stuks. Projectprijs vanaf 100 stuks op aanvraag. Levering binnen 5 werkdagen.</p>",Lichtplein,LUXA,"LUXA,B2B,Schakelaars",TRUE,Title,Default Title,LP-LU193,35.15,continue,manual,TRUE,TRUE,https://lichtplein.nl/img/p/lp-lu193-1-l.webp,1,active
lp-lu194,"Hotelkaartschakelaar met pulsdrukker, champagne","<p>Premium schakelmateriaal met een vlak, mat oppervlak en strakke afdekramen van 82,5 mm. Veerklemaansluiting voor snelle montage, 10 jaar mechanische levensduurtest. Voor woningen, hotels en kantoren met een hoogwaardige afwerking.</p><ul><li>CE-gecertificeerd</li><li>Veerklem, snelle montage</li><li>Past in standaard inbouwdoos</li></ul><h3>Specificaties</h3><table><tr><td>Montage</td><td>Inbouw</td></tr><tr><td>IP-klasse</td><td>IP20</td></tr><tr><td>Afdekraam</td><td>Zonder afdekraam (apart bestellen)</td></tr><tr><td>Nominale stroom</td><td>10 A</td></tr><tr><td>Aansluitklem</td><td>Veerklem (snelaansluiting)</td></tr><tr><td>Kleur</td><td>champagne</td></tr><tr><td>Spanning</td><td>230 V</td></tr></table><p>Minimale afname 10 stuks. Projectprijs vanaf 100 stuks op aanvraag. Levering binnen 5 werkdagen.</p>",Lichtplein,LUXA,"LUXA,B2B,Schakelaars",TRUE,Title,Default Title,LP-LU194,37.29,continue,manual,TRUE,TRUE,https://lichtplein.nl/img/p/lp-lu194-1-l.webp,1,active
lp-lu194,,,,,,,,,,,,,,,https://lichtplein.nl/img/p/lp-lu194-2-l.webp,2,
lp-lu194,,,,,,,,,,,,,,,https://lichtplein.nl/img/p/lp-lu194-3-l.webp,3,
lp-lu195,"Beldrukker, champagne","<p>Premium schakelmateriaal met een vlak, mat oppervlak en strakke afdekramen van 82,5 mm. Veerklemaansluiting voor snelle montage, 10 jaar mechanische levensduurtest. Voor woningen, hotels en kantoren met een hoogwaardige afwerking.</p><ul><li>CE-gecertificeerd</li><li>Veerklem, snelle montage</li><li>Past in standaard inbouwdoos</li></ul><h3>Specificaties</h3><table><tr><td>Montage</td><td>Inbouw</td></tr><tr><td>IP-klasse</td><td>IP20</td></tr><tr><td>Afdekraam</td><td>Zonder afdekraam (apart bestellen)</td></tr><tr><td>Nominale stroom</td><td>10 A</td></tr><tr><td>Aansluitklem</td><td>Veerklem (snelaansluiting)</td></tr><tr><td>Kleur</td><td>champagne</td></tr><tr><td>Spanning</td><td>230 V</td></tr></table><p>Minimale afname 10 stuks. Projectprijs vanaf 100 stuks op aanvraag. Levering binnen 5 werkdagen.</p>",Lichtplein,LUXA,"LUXA,B2B,Schakelaars",TRUE,Title,Default Title,LP-LU195,20.29,continue,manual,TRUE,TRUE,https://lichtplein.nl/img/p/lp-lu195-1-l.webp,1,active
lp-lu195,,,,,,,,,,,,,,,https://lichtplein.nl/img/p/lp-lu195-2-l.webp,2,
lp-lu196,"LED-draaidimmer fase-aan/afsnijding 3-100W, champagne","<p>Premium schakelmateriaal met een vlak, mat oppervlak en strakke afdekramen van 82,5 mm. Veerklemaansluiting voor snelle montage, 10 jaar mechanische levensduurtest. Voor woningen, hotels en kantoren met een hoogwaardige afwerking.</p><ul><li>CE-gecertificeerd</li><li>Schroefklem</li><li>Past in standaard inbouwdoos</li></ul><h3>Specificaties</h3><table><tr><td>Belasting</td><td>LED 3-100W</td></tr><tr><td>Montage</td><td>Inbouw</td></tr><tr><td>IP-klasse</td><td>IP20</td></tr><tr><td>Kleur</td><td>champagne</td></tr><tr><td>Spanning</td><td>230 V</td></tr></table><p>Minimale afname 10 stuks. Projectprijs vanaf 100 stuks op aanvraag. Levering binnen 5 werkdagen.</p>",Lichtplein,LUXA,"LUXA,B2B,Dimmers",TRUE,Title,Default Title,LP-LU196,169.00,continue,manual,TRUE,TRUE,https://lichtplein.nl/img/p/lp-lu196-1-l.webp,1,active
lp-lu197,"LED-drukdimmer 8-105W, champagne","<p>Premium schakelmateriaal met een vlak, mat oppervlak en strakke afdekramen van 82,5 mm. Veerklemaansluiting voor snelle montage, 10 jaar mechanische levensduurtest. Voor woningen, hotels en kantoren met een hoogwaardige afwerking.</p><ul><li>CE-gecertificeerd</li><li>Schroefklem</li><li>Past in standaard inbouwdoos</li></ul><h3>Specificaties</h3><table><tr><td>Belasting</td><td>LED 8-105W</td></tr><tr><td>Montage</td><td>Inbouw</td></tr><tr><td>IP-klasse</td><td>IP20</td></tr><tr><td>Kleur</td><td>champagne</td></tr><tr><td>Spanning</td><td>230 V</td></tr></table><p>Minimale afname 10 stuks. Projectprijs vanaf 100 stuks op aanvraag. Levering binnen 5 werkdagen.</p>",Lichtplein,LUXA,"LUXA,B2B,Dimmers",TRUE,Title,Default Title,LP-LU197,149.00,continue,manual,TRUE,TRUE,https://lichtplein.nl/img/p/lp-lu197-1-l.webp,1,active
lp-lu197,,,,,,,,,,,,,,,https://lichtplein.nl/img/p/lp-lu197-2-l.webp,2,
lp-lu198,"LED-draaidimmer 5-200W, champagne","<p>Premium schakelmateriaal met een vlak, mat oppervlak en strakke afdekramen van 82,5 mm. Veerklemaansluiting voor snelle montage, 10 jaar mechanische levensduurtest. Voor woningen, hotels en kantoren met een hoogwaardige afwerking.</p><ul><li>CE-gecertificeerd</li><li>Schroefklem</li><li>Past in standaard inbouwdoos</li></ul><h3>Specificaties</h3><table><tr><td>Belasting</td><td>LED 5-200W</td></tr><tr><td>Montage</td><td>Inbouw</td></tr><tr><td>IP-klasse</td><td>IP20</td></tr><tr><td>Kleur</td><td>champagne</td></tr><tr><td>Spanning</td><td>230 V</td></tr></table><p>Minimale afname 10 stuks. Projectprijs vanaf 100 stuks op aanvraag. Levering binnen 5 werkdagen.</p>",Lichtplein,LUXA,"LUXA,B2B,Dimmers",TRUE,Title,Default Title,LP-LU198,185.00,continue,manual,TRUE,TRUE,https://lichtplein.nl/img/p/lp-lu198-1-l.webp,1,active
lp-lu198,,,,,,,,,,,,,,,https://lichtplein.nl/img/p/lp-lu198-2-l.webp,2,
lp-lu199,"Wandcontactdoos met USB-lader 3,4A, champagne","<p>Premium schakelmateriaal met een vlak, mat oppervlak en strakke afdekramen van 82,5 mm. Veerklemaansluiting voor snelle montage, 10 jaar mechanische levensduurtest. Voor woningen, hotels en kantoren met een hoogwaardige afwerking.</p><ul><li>CE-gecertificeerd</li><li>Schroefklem</li><li>Past in standaard inbouwdoos</li></ul><h3>Specificaties</h3><table><tr><td>USB</td><td>2x USB-A, 3,4 A totaal</td></tr><tr><td>Montage</td><td>Inbouw</td></tr><tr><td>IP-klasse</td><td>IP20</td></tr><tr><td>Afdekraam</td><td>Zonder afdekraam (apart bestellen)</td></tr><tr><td>Kleur</td><td>champagne</td></tr><tr><td>Spanning</td><td>230 V</td></tr></table><p>Minimale afname 10 stuks. Projectprijs vanaf 100 stuks op aanvraag. Levering binnen 5 werkdagen.</p>",Lichtplein,LUXA,"LUXA,B2B,Wandcontactdozen",TRUE,Title,Default Title,LP-LU199,135.00,continue,manual,TRUE,TRUE,https://lichtplein.nl/img/p/lp-lu199-1-l.webp,1,active
lp-lu200,"Wandcontactdoos met randaarde, champagne","<p>Premium schakelmateriaal met een vlak, mat oppervlak en strakke afdekramen van 82,5 mm. Veerklemaansluiting voor snelle montage, 10 jaar mechanische levensduurtest. Voor woningen, hotels en kantoren met een hoogwaardige afwerking.</p><ul><li>CE-gecertificeerd</li><li>Schroefklem</li><li>Past in standaard inbouwdoos</li></ul><h3>Specificaties</h3><table><tr><td>Nominale stroom</td><td>16 A</td></tr><tr><td>Montage</td><td>Inbouw</td></tr><tr><td>IP-klasse</td><td>IP20</td></tr><tr><td>Afdekraam</td><td>Zonder afdekraam (apart bestellen)</td></tr><tr><td>Aansluitklem</td><td>Schroefklem</td></tr><tr><td>Kleur</td><td>champagne</td></tr><tr><td>Spanning</td><td>230 V</td></tr></table><p>Minimale afname 10 stuks. Projectprijs vanaf 100 stuks op aanvraag. Levering binnen 5 werkdagen.</p>",Lichtplein,LUXA,"LUXA,B2B,Wandcontactdozen",TRUE,Title,Default Title,LP-LU200,13.55,continue,manual,TRUE,TRUE,https://lichtplein.nl/img/p/lp-lu200-1-l.webp,1,active
lp-lu200,,,,,,,,,,,,,,,https://lichtplein.nl/img/p/lp-lu200-2-l.webp,2,
lp-lu200,,,,,,,,,,,,,,,https://lichtplein.nl/img/p/lp-lu200-3-l.webp,3,
lp-lu200,,,,,,,,,,,,,,,https://lichtplein.nl/img/p/lp-lu200-4-l.webp,4,
lp-lu201,"Wandcontactdoos met randaarde, champagne","<p>Premium schakelmateriaal met een vlak, mat oppervlak en strakke afdekramen van 82,5 mm. Veerklemaansluiting voor snelle montage, 10 jaar mechanische levensduurtest. Voor woningen, hotels en kantoren met een hoogwaardige afwerking.</p><ul><li>CE-gecertificeerd</li><li>Veerklem, snelle montage</li><li>Past in standaard inbouwdoos</li></ul><h3>Specificaties</h3><table><tr><td>Nominale stroom</td><td>16 A</td></tr><tr><td>Montage</td><td>Inbouw</td></tr><tr><td>IP-klasse</td><td>IP20</td></tr><tr><td>Afdekraam</td><td>Zonder afdekraam (apart bestellen)</td></tr><tr><td>Aansluitklem</td><td>Veerklem (snelaansluiting)</td></tr><tr><td>Kleur</td><td>champagne</td></tr><tr><td>Spanning</td><td>230 V</td></tr></table><p>Minimale afname 10 stuks. Projectprijs vanaf 100 stuks op aanvraag. Levering binnen 5 werkdagen.</p>",Lichtplein,LUXA,"LUXA,B2B,Wandcontactdozen",TRUE,Title,Default Title,LP-LU201,17.25,continue,manual,TRUE,TRUE,https://lichtplein.nl/img/p/lp-lu201-1-l.webp,1,active
lp-lu201,,,,,,,,,,,,,,,https://lichtplein.nl/img/p/lp-lu201-2-l.webp,2,
lp-lu201,,,,,,,,,,,,,,,https://lichtplein.nl/img/p/lp-lu201-3-l.webp,3,
lp-lu202,"Wandcontactdoos met randaarde met klapdeksel, champagne","<p>Premium schakelmateriaal met een vlak, mat oppervlak en strakke afdekramen van 82,5 mm. Veerklemaansluiting voor snelle montage, 10 jaar mechanische levensduurtest. Voor woningen, hotels en kantoren met een hoogwaardige afwerking.</p><ul><li>CE-gecertificeerd</li><li>Veerklem, snelle montage</li><li>Past in standaard inbouwdoos</li></ul><h3>Specificaties</h3><table><tr><td>Nominale stroom</td><td>16 A</td></tr><tr><td>Montage</td><td>Inbouw</td></tr><tr><td>IP-klasse</td><td>IP44</td></tr><tr><td>Afdekraam</td><td>Zonder afdekraam (apart bestellen)</td></tr><tr><td>Aansluitklem</td><td>Veerklem (snelaansluiting)</td></tr><tr><td>Kleur</td><td>champagne</td></tr><tr><td>Spanning</td><td>230 V</td></tr></table><p>Minimale afname 10 stuks. Projectprijs vanaf 100 stuks op aanvraag. Levering binnen 5 werkdagen.</p>",Lichtplein,LUXA,"LUXA,B2B,Wandcontactdozen",TRUE,Title,Default Title,LP-LU202,22.25,continue,manual,TRUE,TRUE,https://lichtplein.nl/img/p/lp-lu202-1-l.webp,1,active
lp-lu203,"Wandcontactdoos met randaarde, spreidklauwen, champagne","<p>Premium schakelmateriaal met een vlak, mat oppervlak en strakke afdekramen van 82,5 mm. Veerklemaansluiting voor snelle montage, 10 jaar mechanische levensduurtest. Voor woningen, hotels en kantoren met een hoogwaardige afwerking.</p><ul><li>CE-gecertificeerd</li><li>Veerklem, snelle montage</li><li>Past in standaard inbouwdoos</li></ul><h3>Specificaties</h3><table><tr><td>Nominale stroom</td><td>16 A</td></tr><tr><td>Montage</td><td>Inbouw</td></tr><tr><td>IP-klasse</td><td>IP20</td></tr><tr><td>Afdekraam</td><td>Zonder afdekraam (apart bestellen)</td></tr><tr><td>Aansluitklem</td><td>Veerklem (snelaansluiting)</td></tr><tr><td>Kleur</td><td>champagne</td></tr><tr><td>Spanning</td><td>230 V</td></tr></table><p>Minimale afname 10 stuks. Projectprijs vanaf 100 stuks op aanvraag. Levering binnen 5 werkdagen.</p>",Lichtplein,LUXA,"LUXA,B2B,Wandcontactdozen",TRUE,Title,Default Title,LP-LU203,19.05,continue,manual,TRUE,TRUE,https://lichtplein.nl/img/p/lp-lu203-1-l.webp,1,active
lp-lu203,,,,,,,,,,,,,,,https://lichtplein.nl/img/p/lp-lu203-2-l.webp,2,
lp-lu203,,,,,,,,,,,,,,,https://lichtplein.nl/img/p/lp-lu203-3-l.webp,3,
lp-lu203,,,,,,,,,,,,,,,https://lichtplein.nl/img/p/lp-lu203-4-l.webp,4,
lp-lu204,"Netwerkaansluiting RJ45 CAT6a, champagne","<p>Premium schakelmateriaal met een vlak, mat oppervlak en strakke afdekramen van 82,5 mm. Veerklemaansluiting voor snelle montage, 10 jaar mechanische levensduurtest. Voor woningen, hotels en kantoren met een hoogwaardige afwerking.</p><ul><li>CE-gecertificeerd</li><li>Schroefklem</li><li>Past in standaard inbouwdoos</li></ul><h3>Specificaties</h3><table><tr><td>Montage</td><td>Inbouw</td></tr><tr><td>IP-klasse</td><td>IP20</td></tr><tr><td>Kleur</td><td>champagne</td></tr></table><p>Minimale afname 10 stuks. Projectprijs vanaf 100 stuks op aanvraag. Levering binnen 5 werkdagen.</p>",Lichtplein,LUXA,"LUXA,B2B,Data en media",TRUE,Title,Default Title,LP-LU204,24.85,continue,manual,TRUE,TRUE,https://lichtplein.nl/img/p/lp-lu204-1-l.webp,1,active
lp-lu204,,,,,,,,,,,,,,,https://lichtplein.nl/img/p/lp-lu204-2-l.webp,2,
lp-lu205,"Netwerkaansluiting 2x RJ45 CAT6a, champagne","<p>Premium schakelmateriaal met een vlak, mat oppervlak en strakke afdekramen van 82,5 mm. Veerklemaansluiting voor snelle montage, 10 jaar mechanische levensduurtest. Voor woningen, hotels en kantoren met een hoogwaardige afwerking.</p><ul><li>CE-gecertificeerd</li><li>Schroefklem</li><li>Past in standaard inbouwdoos</li></ul><h3>Specificaties</h3><table><tr><td>Montage</td><td>Inbouw</td></tr><tr><td>IP-klasse</td><td>IP20</td></tr><tr><td>Kleur</td><td>champagne</td></tr></table><p>Minimale afname 10 stuks. Projectprijs vanaf 100 stuks op aanvraag. Levering binnen 5 werkdagen.</p>",Lichtplein,LUXA,"LUXA,B2B,Data en media",TRUE,Title,Default Title,LP-LU205,34.89,continue,manual,TRUE,TRUE,https://lichtplein.nl/img/p/lp-lu205-1-l.webp,1,active
lp-lu206,"TV-aansluiting F-connector, champagne","<p>Premium schakelmateriaal met een vlak, mat oppervlak en strakke afdekramen van 82,5 mm. Veerklemaansluiting voor snelle montage, 10 jaar mechanische levensduurtest. Voor woningen, hotels en kantoren met een hoogwaardige afwerking.</p><ul><li>CE-gecertificeerd</li><li>Schroefklem</li><li>Past in standaard inbouwdoos</li></ul><h3>Specificaties</h3><table><tr><td>Montage</td><td>Inbouw</td></tr><tr><td>IP-klasse</td><td>IP20</td></tr><tr><td>Kleur</td><td>champagne</td></tr></table><p>Minimale afname 10 stuks. Projectprijs vanaf 100 stuks op aanvraag. Levering binnen 5 werkdagen.</p>",Lichtplein,LUXA,"LUXA,B2B,Data en media",TRUE,Title,Default Title,LP-LU206,18.49,continue,manual,TRUE,TRUE,https://lichtplein.nl/img/p/lp-lu206-1-l.webp,1,active
lp-lu207,"Luidsprekeraansluiting enkel, champagne","<p>Premium schakelmateriaal met een vlak, mat oppervlak en strakke afdekramen van 82,5 mm. Veerklemaansluiting voor snelle montage, 10 jaar mechanische levensduurtest. Voor woningen, hotels en kantoren met een hoogwaardige afwerking.</p><ul><li>CE-gecertificeerd</li><li>Schroefklem</li><li>Past in standaard inbouwdoos</li></ul><h3>Specificaties</h3><table><tr><td>Montage</td><td>Inbouw</td></tr><tr><td>IP-klasse</td><td>IP20</td></tr><tr><td>Kleur</td><td>champagne</td></tr></table><p>Minimale afname 10 stuks. Projectprijs vanaf 100 stuks op aanvraag. Levering binnen 5 werkdagen.</p>",Lichtplein,LUXA,"LUXA,B2B,Data en media",TRUE,Title,Default Title,LP-LU207,24.15,continue,manual,TRUE,TRUE,https://lichtplein.nl/img/p/lp-lu207-1-l.webp,1,active
lp-lu208,"Kabeldoorvoer audio, champagne","<p>Premium schakelmateriaal met een vlak, mat oppervlak en strakke afdekramen van 82,5 mm. Veerklemaansluiting voor snelle montage, 10 jaar mechanische levensduurtest. Voor woningen, hotels en kantoren met een hoogwaardige afwerking.</p><ul><li>CE-gecertificeerd</li><li>Schroefklem</li><li>Past in standaard inbouwdoos</li></ul><h3>Specificaties</h3><table><tr><td>Montage</td><td>Inbouw</td></tr><tr><td>IP-klasse</td><td>IP20</td></tr><tr><td>Kleur</td><td>champagne</td></tr></table><p>Minimale afname 10 stuks. Projectprijs vanaf 100 stuks op aanvraag. Levering binnen 5 werkdagen.</p>",Lichtplein,LUXA,"LUXA,B2B,Data en media",TRUE,Title,Default Title,LP-LU208,27.65,continue,manual,TRUE,TRUE,https://lichtplein.nl/img/p/lp-lu208-1-l.webp,1,active
lp-lu209,"Blindplaat, champagne","<p>Premium schakelmateriaal met een vlak, mat oppervlak en strakke afdekramen van 82,5 mm. Veerklemaansluiting voor snelle montage, 10 jaar mechanische levensduurtest. Voor woningen, hotels en kantoren met een hoogwaardige afwerking.</p><ul><li>CE-gecertificeerd</li><li>Standaard Europese maatvoering</li><li>Direct uit voorraad</li></ul><h3>Specificaties</h3><table><tr><td>Montage</td><td>Inbouw</td></tr><tr><td>IP-klasse</td><td>IP20</td></tr><tr><td>Kleur</td><td>champagne</td></tr></table><p>Minimale afname 10 stuks. Projectprijs vanaf 100 stuks op aanvraag. Levering binnen 5 werkdagen.</p>",Lichtplein,LUXA,"LUXA,B2B,Afwerking",TRUE,Title,Default Title,LP-LU209,10.15,continue,manual,TRUE,TRUE,https://lichtplein.nl/img/p/lp-lu209-1-l.webp,1,active
lp-lu209,,,,,,,,,,,,,,,https://lichtplein.nl/img/p/lp-lu209-2-l.webp,2,
lp-lu210,"Kabeldoorvoerplaat, champagne","<p>Premium schakelmateriaal met een vlak, mat oppervlak en strakke afdekramen van 82,5 mm. Veerklemaansluiting voor snelle montage, 10 jaar mechanische levensduurtest. Voor woningen, hotels en kantoren met een hoogwaardige afwerking.</p><ul><li>CE-gecertificeerd</li><li>Standaard Europese maatvoering</li><li>Direct uit voorraad</li></ul><h3>Specificaties</h3><table><tr><td>Montage</td><td>Inbouw</td></tr><tr><td>IP-klasse</td><td>IP20</td></tr><tr><td>Kleur</td><td>champagne</td></tr></table><p>Minimale afname 10 stuks. Projectprijs vanaf 100 stuks op aanvraag. Levering binnen 5 werkdagen.</p>",Lichtplein,LUXA,"LUXA,B2B,Afwerking",TRUE,Title,Default Title,LP-LU210,11.35,continue,manual,TRUE,TRUE,https://lichtplein.nl/img/p/lp-lu210-1-l.webp,1,active
lp-lu211,"Afdekplaat 1x RJ45 keystone, champagne","<p>Premium schakelmateriaal met een vlak, mat oppervlak en strakke afdekramen van 82,5 mm. Veerklemaansluiting voor snelle montage, 10 jaar mechanische levensduurtest. Voor woningen, hotels en kantoren met een hoogwaardige afwerking.</p><ul><li>CE-gecertificeerd</li><li>Schroefklem</li><li>Past in standaard inbouwdoos</li></ul><h3>Specificaties</h3><table><tr><td>Montage</td><td>Inbouw</td></tr><tr><td>IP-klasse</td><td>IP20</td></tr><tr><td>Kleur</td><td>champagne</td></tr></table><p>Minimale afname 10 stuks. Projectprijs vanaf 100 stuks op aanvraag. Levering binnen 5 werkdagen.</p>",Lichtplein,LUXA,"LUXA,B2B,Data en media",TRUE,Title,Default Title,LP-LU211,21.35,continue,manual,TRUE,TRUE,https://lichtplein.nl/img/p/lp-lu211-1-l.webp,1,active
lp-lu211,,,,,,,,,,,,,,,https://lichtplein.nl/img/p/lp-lu211-2-l.webp,2,
lp-lu212,"Afdekplaat 2x RJ45 keystone, champagne","<p>Premium schakelmateriaal met een vlak, mat oppervlak en strakke afdekramen van 82,5 mm. Veerklemaansluiting voor snelle montage, 10 jaar mechanische levensduurtest. Voor woningen, hotels en kantoren met een hoogwaardige afwerking.</p><ul><li>CE-gecertificeerd</li><li>Schroefklem</li><li>Past in standaard inbouwdoos</li></ul><h3>Specificaties</h3><table><tr><td>Montage</td><td>Inbouw</td></tr><tr><td>IP-klasse</td><td>IP20</td></tr><tr><td>Kleur</td><td>champagne</td></tr></table><p>Minimale afname 10 stuks. Projectprijs vanaf 100 stuks op aanvraag. Levering binnen 5 werkdagen.</p>",Lichtplein,LUXA,"LUXA,B2B,Data en media",TRUE,Title,Default Title,LP-LU212,21.35,continue,manual,TRUE,TRUE,https://lichtplein.nl/img/p/lp-lu212-1-l.webp,1,active
lp-lu212,,,,,,,,,,,,,,,https://lichtplein.nl/img/p/lp-lu212-2-l.webp,2,
lp-lu213,"Afdekraam 1-voudig, champagne","<p>Premium schakelmateriaal met een vlak, mat oppervlak en strakke afdekramen van 82,5 mm. Veerklemaansluiting voor snelle montage, 10 jaar mechanische levensduurtest. Voor woningen, hotels en kantoren met een hoogwaardige afwerking.</p><ul><li>CE-gecertificeerd</li><li>Standaard Europese maatvoering</li><li>Direct uit voorraad</li></ul><h3>Specificaties</h3><table><tr><td>Afmetingen</td><td>82.5 x 82.5mm</td></tr><tr><td>Kleur</td><td>champagne</td></tr></table><p>Minimale afname 10 stuks. Projectprijs vanaf 100 stuks op aanvraag. Levering binnen 5 werkdagen.</p>",Lichtplein,LUXA,"LUXA,B2B,Afdekramen",TRUE,Title,Default Title,LP-LU213,4.55,continue,manual,TRUE,TRUE,https://lichtplein.nl/img/p/lp-lu213-1-l.webp,1,active
lp-lu213,,,,,,,,,,,,,,,https://lichtplein.nl/img/p/lp-lu213-2-l.webp,2,
lp-lu214,"Afdekraam 2-voudig, champagne","<p>Premium schakelmateriaal met een vlak, mat oppervlak en strakke afdekramen van 82,5 mm. Veerklemaansluiting voor snelle montage, 10 jaar mechanische levensduurtest. Voor woningen, hotels en kantoren met een hoogwaardige afwerking.</p><ul><li>CE-gecertificeerd</li><li>Standaard Europese maatvoering</li><li>Direct uit voorraad</li></ul><h3>Specificaties</h3><table><tr><td>Afmetingen</td><td>82.2 x 153.2mm</td></tr><tr><td>Kleur</td><td>champagne</td></tr></table><p>Minimale afname 10 stuks. Projectprijs vanaf 100 stuks op aanvraag. Levering binnen 5 werkdagen.</p>",Lichtplein,LUXA,"LUXA,B2B,Afdekramen",TRUE,Title,Default Title,LP-LU214,6.89,continue,manual,TRUE,TRUE,https://lichtplein.nl/img/p/lp-lu214-1-l.webp,1,active
lp-lu215,"Afdekraam 3-voudig, champagne","<p>Premium schakelmateriaal met een vlak, mat oppervlak en strakke afdekramen van 82,5 mm. Veerklemaansluiting voor snelle montage, 10 jaar mechanische levensduurtest. Voor woningen, hotels en kantoren met een hoogwaardige afwerking.</p><ul><li>CE-gecertificeerd</li><li>Standaard Europese maatvoering</li><li>Direct uit voorraad</li></ul><h3>Specificaties</h3><table><tr><td>Afmetingen</td><td>82.2 x 224.2mm</td></tr><tr><td>Kleur</td><td>champagne</td></tr></table><p>Minimale afname 10 stuks. Projectprijs vanaf 100 stuks op aanvraag. Levering binnen 5 werkdagen.</p>",Lichtplein,LUXA,"LUXA,B2B,Afdekramen",TRUE,Title,Default Title,LP-LU215,9.99,continue,manual,TRUE,TRUE,https://lichtplein.nl/img/p/lp-lu215-1-l.webp,1,active
lp-lu216,"Afdekraam 4-voudig, champagne","<p>Premium schakelmateriaal met een vlak, mat oppervlak en strakke afdekramen van 82,5 mm. Veerklemaansluiting voor snelle montage, 10 jaar mechanische levensduurtest. Voor woningen, hotels en kantoren met een hoogwaardige afwerking.</p><ul><li>CE-gecertificeerd</li><li>Standaard Europese maatvoering</li><li>Direct uit voorraad</li></ul><h3>Specificaties</h3><table><tr><td>Afmetingen</td><td>82.2 x 285.2mm</td></tr><tr><td>Kleur</td><td>champagne</td></tr></table><p>Minimale afname 10 stuks. Projectprijs vanaf 100 stuks op aanvraag. Levering binnen 5 werkdagen.</p>",Lichtplein,LUXA,"LUXA,B2B,Afdekramen",TRUE,Title,Default Title,LP-LU216,12.55,continue,manual,TRUE,TRUE,https://lichtplein.nl/img/p/lp-lu216-1-l.webp,1,active
lp-lu217,"Afdekraam 5-voudig, champagne","<p>Premium schakelmateriaal met een vlak, mat oppervlak en strakke afdekramen van 82,5 mm. Veerklemaansluiting voor snelle montage, 10 jaar mechanische levensduurtest. Voor woningen, hotels en kantoren met een hoogwaardige afwerking.</p><ul><li>CE-gecertificeerd</li><li>Standaard Europese maatvoering</li><li>Direct uit voorraad</li></ul><h3>Specificaties</h3><table><tr><td>Afmetingen</td><td>82.2 x 366.2mm</td></tr><tr><td>Kleur</td><td>champagne</td></tr></table><p>Minimale afname 10 stuks. Projectprijs vanaf 100 stuks op aanvraag. Levering binnen 5 werkdagen.</p>",Lichtplein,LUXA,"LUXA,B2B,Afdekramen",TRUE,Title,Default Title,LP-LU217,17.79,continue,manual,TRUE,TRUE,https://lichtplein.nl/img/p/lp-lu217-1-l.webp,1,active
lp-lu217,,,,,,,,,,,,,,,https://lichtplein.nl/img/p/lp-lu217-2-l.webp,2,
lp-lu218,"Opbouwdoos 1-voudig, champagne","<p>Premium schakelmateriaal met een vlak, mat oppervlak en strakke afdekramen van 82,5 mm. Veerklemaansluiting voor snelle montage, 10 jaar mechanische levensduurtest. Voor woningen, hotels en kantoren met een hoogwaardige afwerking.</p><ul><li>CE-gecertificeerd</li><li>Standaard Europese maatvoering</li><li>Direct uit voorraad</li></ul><h3>Specificaties</h3><table><tr><td>Kleur</td><td>champagne</td></tr></table><p>Minimale afname 10 stuks. Projectprijs vanaf 100 stuks op aanvraag. Levering binnen 5 werkdagen.</p>",Lichtplein,LUXA,"LUXA,B2B,Opbouwdozen",TRUE,Title,Default Title,LP-LU218,11.59,continue,manual,TRUE,TRUE,https://lichtplein.nl/img/p/lp-lu218-1-l.webp,1,active
lp-lu218,,,,,,,,,,,,,,,https://lichtplein.nl/img/p/lp-lu218-2-l.webp,2,
lp-lu219,"Opbouwdoos 2-voudig, champagne","<p>Premium schakelmateriaal met een vlak, mat oppervlak en strakke afdekramen van 82,5 mm. Veerklemaansluiting voor snelle montage, 10 jaar mechanische levensduurtest. Voor woningen, hotels en kantoren met een hoogwaardige afwerking.</p><ul><li>CE-gecertificeerd</li><li>Standaard Europese maatvoering</li><li>Direct uit voorraad</li></ul><h3>Specificaties</h3><table><tr><td>Afmetingen</td><td>155 x 84 x 47 mm</td></tr><tr><td>Kleur</td><td>champagne</td></tr></table><p>Minimale afname 10 stuks. Projectprijs vanaf 100 stuks op aanvraag. Levering binnen 5 werkdagen.</p>",Lichtplein,LUXA,"LUXA,B2B,Opbouwdozen",TRUE,Title,Default Title,LP-LU219,16.89,continue,manual,TRUE,TRUE,https://lichtplein.nl/img/p/lp-lu219-1-l.webp,1,active
lp-lu219,,,,,,,,,,,,,,,https://lichtplein.nl/img/p/lp-lu219-2-l.webp,2,
lp-lu220,"Tussenraam voor thermostaat, champagne","<p>Premium schakelmateriaal met een vlak, mat oppervlak en strakke afdekramen van 82,5 mm. Veerklemaansluiting voor snelle montage, 10 jaar mechanische levensduurtest. Voor woningen, hotels en kantoren met een hoogwaardige afwerking.</p><ul><li>CE-gecertificeerd</li><li>Standaard Europese maatvoering</li><li>Direct uit voorraad</li></ul><h3>Specificaties</h3><table><tr><td>Montage</td><td>Inbouw</td></tr><tr><td>IP-klasse</td><td>IP20</td></tr><tr><td>Kleur</td><td>champagne</td></tr></table><p>Minimale afname 10 stuks. Projectprijs vanaf 100 stuks op aanvraag. Levering binnen 5 werkdagen.</p>",Lichtplein,LUXA,"LUXA,B2B,Afwerking",TRUE,Title,Default Title,LP-LU220,5.39,continue,manual,TRUE,TRUE,https://lichtplein.nl/img/p/lp-lu220-1-l.webp,1,active
lp-lu220,,,,,,,,,,,,,,,https://lichtplein.nl/img/p/lp-lu220-2-l.webp,2,
lp-lu221,"Enkelpolige schakelaar, zwart mat","<p>Premium schakelmateriaal met een vlak, mat oppervlak en strakke afdekramen van 82,5 mm. Veerklemaansluiting voor snelle montage, 10 jaar mechanische levensduurtest. Voor woningen, hotels en kantoren met een hoogwaardige afwerking.</p><ul><li>CE-gecertificeerd</li><li>Veerklem, snelle montage</li><li>Past in standaard inbouwdoos</li></ul><h3>Specificaties</h3><table><tr><td>Montage</td><td>Inbouw</td></tr><tr><td>IP-klasse</td><td>IP20</td></tr><tr><td>Afdekraam</td><td>Zonder afdekraam (apart bestellen)</td></tr><tr><td>Nominale stroom</td><td>10 A</td></tr><tr><td>Aansluitklem</td><td>Veerklem (snelaansluiting)</td></tr><tr><td>Kleur</td><td>zwart mat</td></tr><tr><td>Spanning</td><td>230 V</td></tr></table><p>Minimale afname 10 stuks. Projectprijs vanaf 100 stuks op aanvraag. Levering binnen 5 werkdagen.</p>",Lichtplein,LUXA,"LUXA,B2B,Schakelaars",TRUE,Title,Default Title,LP-LU221,17.19,continue,manual,TRUE,TRUE,https://lichtplein.nl/img/p/lp-lu221-1-l.webp,1,active
lp-lu222,"Pulsdrukker enkel, zwart mat","<p>Premium schakelmateriaal met een vlak, mat oppervlak en strakke afdekramen van 82,5 mm. Veerklemaansluiting voor snelle montage, 10 jaar mechanische levensduurtest. Voor woningen, hotels en kantoren met een hoogwaardige afwerking.</p><ul><li>CE-gecertificeerd</li><li>Veerklem, snelle montage</li><li>Past in standaard inbouwdoos</li></ul><h3>Specificaties</h3><table><tr><td>Montage</td><td>Inbouw</td></tr><tr><td>IP-klasse</td><td>IP20</td></tr><tr><td>Afdekraam</td><td>Zonder afdekraam (apart bestellen)</td></tr><tr><td>Nominale stroom</td><td>10 A</td></tr><tr><td>Aansluitklem</td><td>Veerklem (snelaansluiting)</td></tr><tr><td>Kleur</td><td>zwart mat</td></tr><tr><td>Spanning</td><td>230 V</td></tr></table><p>Minimale afname 10 stuks. Projectprijs vanaf 100 stuks op aanvraag. Levering binnen 5 werkdagen.</p>",Lichtplein,LUXA,"LUXA,B2B,Schakelaars",TRUE,Title,Default Title,LP-LU222,18.69,continue,manual,TRUE,TRUE,https://lichtplein.nl/img/p/lp-lu222-1-l.webp,1,active
lp-lu223,"Tweepolige schakelaar, zwart mat","<p>Premium schakelmateriaal met een vlak, mat oppervlak en strakke afdekramen van 82,5 mm. Veerklemaansluiting voor snelle montage, 10 jaar mechanische levensduurtest. Voor woningen, hotels en kantoren met een hoogwaardige afwerking.</p><ul><li>CE-gecertificeerd</li><li>Veerklem, snelle montage</li><li>Past in standaard inbouwdoos</li></ul><h3>Specificaties</h3><table><tr><td>Montage</td><td>Inbouw</td></tr><tr><td>IP-klasse</td><td>IP20</td></tr><tr><td>Afdekraam</td><td>Zonder afdekraam (apart bestellen)</td></tr><tr><td>Nominale stroom</td><td>10 A</td></tr><tr><td>Aansluitklem</td><td>Veerklem (snelaansluiting)</td></tr><tr><td>Kleur</td><td>zwart mat</td></tr><tr><td>Spanning</td><td>230 V</td></tr></table><p>Minimale afname 10 stuks. Projectprijs vanaf 100 stuks op aanvraag. Levering binnen 5 werkdagen.</p>",Lichtplein,LUXA,"LUXA,B2B,Schakelaars",TRUE,Title,Default Title,LP-LU223,23.19,continue,manual,TRUE,TRUE,https://lichtplein.nl/img/p/lp-lu223-1-l.webp,1,active
lp-lu223,,,,,,,,,,,,,,,https://lichtplein.nl/img/p/lp-lu223-2-l.webp,2,
lp-lu224,"Serieschakelaar (2-voudig), zwart mat","<p>Premium schakelmateriaal met een vlak, mat oppervlak en strakke afdekramen van 82,5 mm. Veerklemaansluiting voor snelle montage, 10 jaar mechanische levensduurtest. Voor woningen, hotels en kantoren met een hoogwaardige afwerking.</p><ul><li>CE-gecertificeerd</li><li>Veerklem, snelle montage</li><li>Past in standaard inbouwdoos</li></ul><h3>Specificaties</h3><table><tr><td>Montage</td><td>Inbouw</td></tr><tr><td>IP-klasse</td><td>IP20</td></tr><tr><td>Afdekraam</td><td>Zonder afdekraam (apart bestellen)</td></tr><tr><td>Nominale stroom</td><td>10 A</td></tr><tr><td>Aansluitklem</td><td>Veerklem (snelaansluiting)</td></tr><tr><td>Kleur</td><td>zwart mat</td></tr><tr><td>Spanning</td><td>230 V</td></tr></table><p>Minimale afname 10 stuks. Projectprijs vanaf 100 stuks op aanvraag. Levering binnen 5 werkdagen.</p>",Lichtplein,LUXA,"LUXA,B2B,Schakelaars",TRUE,Title,Default Title,LP-LU224,23.19,continue,manual,TRUE,TRUE,https://lichtplein.nl/img/p/lp-lu224-1-l.webp,1,active
lp-lu224,,,,,,,,,,,,,,,https://lichtplein.nl/img/p/lp-lu224-2-l.webp,2,
lp-lu225,"Pulsdrukker dubbel, zwart mat","<p>Premium schakelmateriaal met een vlak, mat oppervlak en strakke afdekramen van 82,5 mm. Veerklemaansluiting voor snelle montage, 10 jaar mechanische levensduurtest. Voor woningen, hotels en kantoren met een hoogwaardige afwerking.</p><ul><li>CE-gecertificeerd</li><li>Veerklem, snelle montage</li><li>Past in standaard inbouwdoos</li></ul><h3>Specificaties</h3><table><tr><td>Montage</td><td>Inbouw</td></tr><tr><td>IP-klasse</td><td>IP20</td></tr><tr><td>Afdekraam</td><td>Zonder afdekraam (apart bestellen)</td></tr><tr><td>Nominale stroom</td><td>10 A</td></tr><tr><td>Aansluitklem</td><td>Veerklem (snelaansluiting)</td></tr><tr><td>Kleur</td><td>zwart mat</td></tr><tr><td>Spanning</td><td>230 V</td></tr></table><p>Minimale afname 10 stuks. Projectprijs vanaf 100 stuks op aanvraag. Levering binnen 5 werkdagen.</p>",Lichtplein,LUXA,"LUXA,B2B,Schakelaars",TRUE,Title,Default Title,LP-LU225,26.05,continue,manual,TRUE,TRUE,https://lichtplein.nl/img/p/lp-lu225-1-l.webp,1,active
lp-lu225,,,,,,,,,,,,,,,https://lichtplein.nl/img/p/lp-lu225-2-l.webp,2,
lp-lu225,,,,,,,,,,,,,,,https://lichtplein.nl/img/p/lp-lu225-3-l.webp,3,
lp-lu226,"Wisselschakelaar, zwart mat","<p>Premium schakelmateriaal met een vlak, mat oppervlak en strakke afdekramen van 82,5 mm. Veerklemaansluiting voor snelle montage, 10 jaar mechanische levensduurtest. Voor woningen, hotels en kantoren met een hoogwaardige afwerking.</p><ul><li>CE-gecertificeerd</li><li>Veerklem, snelle montage</li><li>Past in standaard inbouwdoos</li></ul><h3>Specificaties</h3><table><tr><td>Montage</td><td>Inbouw</td></tr><tr><td>IP-klasse</td><td>IP20</td></tr><tr><td>Afdekraam</td><td>Zonder afdekraam (apart bestellen)</td></tr><tr><td>Nominale stroom</td><td>10 A</td></tr><tr><td>Aansluitklem</td><td>Veerklem (snelaansluiting)</td></tr><tr><td>Kleur</td><td>zwart mat</td></tr><tr><td>Spanning</td><td>230 V</td></tr></table><p>Minimale afname 10 stuks. Projectprijs vanaf 100 stuks op aanvraag. Levering binnen 5 werkdagen.</p>",Lichtplein,LUXA,"LUXA,B2B,Schakelaars",TRUE,Title,Default Title,LP-LU226,19.35,continue,manual,TRUE,TRUE,https://lichtplein.nl/img/p/lp-lu226-1-l.webp,1,active
lp-lu227,"Kruisschakelaar, zwart mat","<p>Premium schakelmateriaal met een vlak, mat oppervlak en strakke afdekramen van 82,5 mm. Veerklemaansluiting voor snelle montage, 10 jaar mechanische levensduurtest. Voor woningen, hotels en kantoren met een hoogwaardige afwerking.</p><ul><li>CE-gecertificeerd</li><li>Veerklem, snelle montage</li><li>Past in standaard inbouwdoos</li></ul><h3>Specificaties</h3><table><tr><td>Montage</td><td>Inbouw</td></tr><tr><td>IP-klasse</td><td>IP20</td></tr><tr><td>Afdekraam</td><td>Zonder afdekraam (apart bestellen)</td></tr><tr><td>Nominale stroom</td><td>10 A</td></tr><tr><td>Aansluitklem</td><td>Veerklem (snelaansluiting)</td></tr><tr><td>Kleur</td><td>zwart mat</td></tr><tr><td>Spanning</td><td>230 V</td></tr></table><p>Minimale afname 10 stuks. Projectprijs vanaf 100 stuks op aanvraag. Levering binnen 5 werkdagen.</p>",Lichtplein,LUXA,"LUXA,B2B,Schakelaars",TRUE,Title,Default Title,LP-LU227,27.19,continue,manual,TRUE,TRUE,https://lichtplein.nl/img/p/lp-lu227-1-l.webp,1,active
lp-lu228,"Dubbele wisselschakelaar, zwart mat","<p>Premium schakelmateriaal met een vlak, mat oppervlak en strakke afdekramen van 82,5 mm. Veerklemaansluiting voor snelle montage, 10 jaar mechanische levensduurtest. Voor woningen, hotels en kantoren met een hoogwaardige afwerking.</p><ul><li>CE-gecertificeerd</li><li>Veerklem, snelle montage</li><li>Past in standaard inbouwdoos</li></ul><h3>Specificaties</h3><table><tr><td>Montage</td><td>Inbouw</td></tr><tr><td>IP-klasse</td><td>IP20</td></tr><tr><td>Afdekraam</td><td>Zonder afdekraam (apart bestellen)</td></tr><tr><td>Nominale stroom</td><td>16 A</td></tr><tr><td>Aansluitklem</td><td>Veerklem (snelaansluiting)</td></tr><tr><td>Kleur</td><td>zwart mat</td></tr><tr><td>Spanning</td><td>230 V</td></tr></table><p>Minimale afname 10 stuks. Projectprijs vanaf 100 stuks op aanvraag. Levering binnen 5 werkdagen.</p>",Lichtplein,LUXA,"LUXA,B2B,Schakelaars",TRUE,Title,Default Title,LP-LU228,31.19,continue,manual,TRUE,TRUE,https://lichtplein.nl/img/p/lp-lu228-1-l.webp,1,active
lp-lu228,,,,,,,,,,,,,,,https://lichtplein.nl/img/p/lp-lu228-2-l.webp,2,
lp-lu229,"Dubbele wisselpulsdrukker, zwart mat","<p>Premium schakelmateriaal met een vlak, mat oppervlak en strakke afdekramen van 82,5 mm. Veerklemaansluiting voor snelle montage, 10 jaar mechanische levensduurtest. Voor woningen, hotels en kantoren met een hoogwaardige afwerking.</p><ul><li>CE-gecertificeerd</li><li>Veerklem, snelle montage</li><li>Past in standaard inbouwdoos</li></ul><h3>Specificaties</h3><table><tr><td>Montage</td><td>Inbouw</td></tr><tr><td>IP-klasse</td><td>IP20</td></tr><tr><td>Afdekraam</td><td>Zonder afdekraam (apart bestellen)</td></tr><tr><td>Nominale stroom</td><td>16 A</td></tr><tr><td>Aansluitklem</td><td>Veerklem (snelaansluiting)</td></tr><tr><td>Kleur</td><td>zwart mat</td></tr><tr><td>Spanning</td><td>230 V</td></tr></table><p>Minimale afname 10 stuks. Projectprijs vanaf 100 stuks op aanvraag. Levering binnen 5 werkdagen.</p>",Lichtplein,LUXA,"LUXA,B2B,Schakelaars",TRUE,Title,Default Title,LP-LU229,35.15,continue,manual,TRUE,TRUE,https://lichtplein.nl/img/p/lp-lu229-1-l.webp,1,active
lp-lu230,"Hotelkaartschakelaar met pulsdrukker, zwart mat","<p>Premium schakelmateriaal met een vlak, mat oppervlak en strakke afdekramen van 82,5 mm. Veerklemaansluiting voor snelle montage, 10 jaar mechanische levensduurtest. Voor woningen, hotels en kantoren met een hoogwaardige afwerking.</p><ul><li>CE-gecertificeerd</li><li>Veerklem, snelle montage</li><li>Past in standaard inbouwdoos</li></ul><h3>Specificaties</h3><table><tr><td>Montage</td><td>Inbouw</td></tr><tr><td>IP-klasse</td><td>IP20</td></tr><tr><td>Afdekraam</td><td>Zonder afdekraam (apart bestellen)</td></tr><tr><td>Nominale stroom</td><td>10 A</td></tr><tr><td>Aansluitklem</td><td>Veerklem (snelaansluiting)</td></tr><tr><td>Kleur</td><td>zwart mat</td></tr><tr><td>Spanning</td><td>230 V</td></tr></table><p>Minimale afname 10 stuks. Projectprijs vanaf 100 stuks op aanvraag. Levering binnen 5 werkdagen.</p>",Lichtplein,LUXA,"LUXA,B2B,Schakelaars",TRUE,Title,Default Title,LP-LU230,36.75,continue,manual,TRUE,TRUE,https://lichtplein.nl/img/p/lp-lu230-1-l.webp,1,active
lp-lu230,,,,,,,,,,,,,,,https://lichtplein.nl/img/p/lp-lu230-2-l.webp,2,
lp-lu231,"Beldrukker, zwart mat","<p>Premium schakelmateriaal met een vlak, mat oppervlak en strakke afdekramen van 82,5 mm. Veerklemaansluiting voor snelle montage, 10 jaar mechanische levensduurtest. Voor woningen, hotels en kantoren met een hoogwaardige afwerking.</p><ul><li>CE-gecertificeerd</li><li>Veerklem, snelle montage</li><li>Past in standaard inbouwdoos</li></ul><h3>Specificaties</h3><table><tr><td>Montage</td><td>Inbouw</td></tr><tr><td>IP-klasse</td><td>IP20</td></tr><tr><td>Afdekraam</td><td>Zonder afdekraam (apart bestellen)</td></tr><tr><td>Nominale stroom</td><td>10 A</td></tr><tr><td>Aansluitklem</td><td>Veerklem (snelaansluiting)</td></tr><tr><td>Kleur</td><td>zwart mat</td></tr><tr><td>Spanning</td><td>230 V</td></tr></table><p>Minimale afname 10 stuks. Projectprijs vanaf 100 stuks op aanvraag. Levering binnen 5 werkdagen.</p>",Lichtplein,LUXA,"LUXA,B2B,Schakelaars",TRUE,Title,Default Title,LP-LU231,19.99,continue,manual,TRUE,TRUE,https://lichtplein.nl/img/p/lp-lu231-1-l.webp,1,active
lp-lu231,,,,,,,,,,,,,,,https://lichtplein.nl/img/p/lp-lu231-2-l.webp,2,
lp-lu232,"LED-draaidimmer fase-aan/afsnijding 3-100W, zwart mat","<p>Premium schakelmateriaal met een vlak, mat oppervlak en strakke afdekramen van 82,5 mm. Veerklemaansluiting voor snelle montage, 10 jaar mechanische levensduurtest. Voor woningen, hotels en kantoren met een hoogwaardige afwerking.</p><ul><li>CE-gecertificeerd</li><li>Schroefklem</li><li>Past in standaard inbouwdoos</li></ul><h3>Specificaties</h3><table><tr><td>Belasting</td><td>LED 3-100W</td></tr><tr><td>Montage</td><td>Inbouw</td></tr><tr><td>IP-klasse</td><td>IP20</td></tr><tr><td>Kleur</td><td>zwart mat</td></tr><tr><td>Spanning</td><td>230 V</td></tr></table><p>Minimale afname 10 stuks. Projectprijs vanaf 100 stuks op aanvraag. Levering binnen 5 werkdagen.</p>",Lichtplein,LUXA,"LUXA,B2B,Dimmers",TRUE,Title,Default Title,LP-LU232,169.00,continue,manual,TRUE,TRUE,https://lichtplein.nl/img/p/lp-lu232-1-l.webp,1,active
lp-lu233,"LED-drukdimmer 8-105W, zwart mat","<p>Premium schakelmateriaal met een vlak, mat oppervlak en strakke afdekramen van 82,5 mm. Veerklemaansluiting voor snelle montage, 10 jaar mechanische levensduurtest. Voor woningen, hotels en kantoren met een hoogwaardige afwerking.</p><ul><li>CE-gecertificeerd</li><li>Schroefklem</li><li>Past in standaard inbouwdoos</li></ul><h3>Specificaties</h3><table><tr><td>Belasting</td><td>LED 8-105W</td></tr><tr><td>Montage</td><td>Inbouw</td></tr><tr><td>IP-klasse</td><td>IP20</td></tr><tr><td>Kleur</td><td>zwart mat</td></tr><tr><td>Spanning</td><td>230 V</td></tr></table><p>Minimale afname 10 stuks. Projectprijs vanaf 100 stuks op aanvraag. Levering binnen 5 werkdagen.</p>",Lichtplein,LUXA,"LUXA,B2B,Dimmers",TRUE,Title,Default Title,LP-LU233,149.00,continue,manual,TRUE,TRUE,https://lichtplein.nl/img/p/lp-lu233-1-l.webp,1,active
lp-lu234,"LED-draaidimmer 5-200W, zwart mat","<p>Premium schakelmateriaal met een vlak, mat oppervlak en strakke afdekramen van 82,5 mm. Veerklemaansluiting voor snelle montage, 10 jaar mechanische levensduurtest. Voor woningen, hotels en kantoren met een hoogwaardige afwerking.</p><ul><li>CE-gecertificeerd</li><li>Schroefklem</li><li>Past in standaard inbouwdoos</li></ul><h3>Specificaties</h3><table><tr><td>Belasting</td><td>LED 5-200W</td></tr><tr><td>Montage</td><td>Inbouw</td></tr><tr><td>IP-klasse</td><td>IP20</td></tr><tr><td>Kleur</td><td>zwart mat</td></tr><tr><td>Spanning</td><td>230 V</td></tr></table><p>Minimale afname 10 stuks. Projectprijs vanaf 100 stuks op aanvraag. Levering binnen 5 werkdagen.</p>",Lichtplein,LUXA,"LUXA,B2B,Dimmers",TRUE,Title,Default Title,LP-LU234,185.00,continue,manual,TRUE,TRUE,https://lichtplein.nl/img/p/lp-lu234-1-l.webp,1,active
lp-lu234,,,,,,,,,,,,,,,https://lichtplein.nl/img/p/lp-lu234-2-l.webp,2,
lp-lu234,,,,,,,,,,,,,,,https://lichtplein.nl/img/p/lp-lu234-3-l.webp,3,
lp-lu235,"Wandcontactdoos met USB-lader 3,4A, zwart mat","<p>Premium schakelmateriaal met een vlak, mat oppervlak en strakke afdekramen van 82,5 mm. Veerklemaansluiting voor snelle montage, 10 jaar mechanische levensduurtest. Voor woningen, hotels en kantoren met een hoogwaardige afwerking.</p><ul><li>CE-gecertificeerd</li><li>Schroefklem</li><li>Past in standaard inbouwdoos</li></ul><h3>Specificaties</h3><table><tr><td>USB</td><td>2x USB-A, 3,4 A totaal</td></tr><tr><td>Montage</td><td>Inbouw</td></tr><tr><td>IP-klasse</td><td>IP20</td></tr><tr><td>Afdekraam</td><td>Zonder afdekraam (apart bestellen)</td></tr><tr><td>Kleur</td><td>zwart mat</td></tr><tr><td>Spanning</td><td>230 V</td></tr></table><p>Minimale afname 10 stuks. Projectprijs vanaf 100 stuks op aanvraag. Levering binnen 5 werkdagen.</p>",Lichtplein,LUXA,"LUXA,B2B,Wandcontactdozen",TRUE,Title,Default Title,LP-LU235,129.00,continue,manual,TRUE,TRUE,https://lichtplein.nl/img/p/lp-lu235-1-l.webp,1,active
lp-lu236,"Wandcontactdoos met randaarde, zwart mat","<p>Premium schakelmateriaal met een vlak, mat oppervlak en strakke afdekramen van 82,5 mm. Veerklemaansluiting voor snelle montage, 10 jaar mechanische levensduurtest. Voor woningen, hotels en kantoren met een hoogwaardige afwerking.</p><ul><li>CE-gecertificeerd</li><li>Schroefklem</li><li>Past in standaard inbouwdoos</li></ul><h3>Specificaties</h3><table><tr><td>Nominale stroom</td><td>16 A</td></tr><tr><td>Montage</td><td>Inbouw</td></tr><tr><td>IP-klasse</td><td>IP20</td></tr><tr><td>Afdekraam</td><td>Zonder afdekraam (apart bestellen)</td></tr><tr><td>Aansluitklem</td><td>Schroefklem</td></tr><tr><td>Kleur</td><td>zwart mat</td></tr><tr><td>Spanning</td><td>230 V</td></tr></table><p>Minimale afname 10 stuks. Projectprijs vanaf 100 stuks op aanvraag. Levering binnen 5 werkdagen.</p>",Lichtplein,LUXA,"LUXA,B2B,Wandcontactdozen",TRUE,Title,Default Title,LP-LU236,13.35,continue,manual,TRUE,TRUE,https://lichtplein.nl/img/p/lp-lu236-1-l.webp,1,active
lp-lu236,,,,,,,,,,,,,,,https://lichtplein.nl/img/p/lp-lu236-2-l.webp,2,
lp-lu237,"Wandcontactdoos met randaarde, zwart mat","<p>Premium schakelmateriaal met een vlak, mat oppervlak en strakke afdekramen van 82,5 mm. Veerklemaansluiting voor snelle montage, 10 jaar mechanische levensduurtest. Voor woningen, hotels en kantoren met een hoogwaardige afwerking.</p><ul><li>CE-gecertificeerd</li><li>Veerklem, snelle montage</li><li>Past in standaard inbouwdoos</li></ul><h3>Specificaties</h3><table><tr><td>Nominale stroom</td><td>16 A</td></tr><tr><td>Montage</td><td>Inbouw</td></tr><tr><td>IP-klasse</td><td>IP20</td></tr><tr><td>Afdekraam</td><td>Zonder afdekraam (apart bestellen)</td></tr><tr><td>Aansluitklem</td><td>Veerklem (snelaansluiting)</td></tr><tr><td>Kleur</td><td>zwart mat</td></tr><tr><td>Spanning</td><td>230 V</td></tr></table><p>Minimale afname 10 stuks. Projectprijs vanaf 100 stuks op aanvraag. Levering binnen 5 werkdagen.</p>",Lichtplein,LUXA,"LUXA,B2B,Wandcontactdozen",TRUE,Title,Default Title,LP-LU237,16.95,continue,manual,TRUE,TRUE,https://lichtplein.nl/img/p/lp-lu237-1-l.webp,1,active
lp-lu237,,,,,,,,,,,,,,,https://lichtplein.nl/img/p/lp-lu237-2-l.webp,2,
lp-lu238,"Wandcontactdoos met randaarde met klapdeksel, zwart mat","<p>Premium schakelmateriaal met een vlak, mat oppervlak en strakke afdekramen van 82,5 mm. Veerklemaansluiting voor snelle montage, 10 jaar mechanische levensduurtest. Voor woningen, hotels en kantoren met een hoogwaardige afwerking.</p><ul><li>CE-gecertificeerd</li><li>Veerklem, snelle montage</li><li>Past in standaard inbouwdoos</li></ul><h3>Specificaties</h3><table><tr><td>Nominale stroom</td><td>16 A</td></tr><tr><td>Montage</td><td>Inbouw</td></tr><tr><td>IP-klasse</td><td>IP44</td></tr><tr><td>Afdekraam</td><td>Zonder afdekraam (apart bestellen)</td></tr><tr><td>Aansluitklem</td><td>Veerklem (snelaansluiting)</td></tr><tr><td>Kleur</td><td>zwart mat</td></tr><tr><td>Spanning</td><td>230 V</td></tr></table><p>Minimale afname 10 stuks. Projectprijs vanaf 100 stuks op aanvraag. Levering binnen 5 werkdagen.</p>",Lichtplein,LUXA,"LUXA,B2B,Wandcontactdozen",TRUE,Title,Default Title,LP-LU238,21.95,continue,manual,TRUE,TRUE,https://lichtplein.nl/img/p/lp-lu238-1-l.webp,1,active
lp-lu238,,,,,,,,,,,,,,,https://lichtplein.nl/img/p/lp-lu238-2-l.webp,2,
lp-lu239,"Wandcontactdoos met randaarde, spreidklauwen, zwart mat","<p>Premium schakelmateriaal met een vlak, mat oppervlak en strakke afdekramen van 82,5 mm. Veerklemaansluiting voor snelle montage, 10 jaar mechanische levensduurtest. Voor woningen, hotels en kantoren met een hoogwaardige afwerking.</p><ul><li>CE-gecertificeerd</li><li>Veerklem, snelle montage</li><li>Past in standaard inbouwdoos</li></ul><h3>Specificaties</h3><table><tr><td>Nominale stroom</td><td>16 A</td></tr><tr><td>Montage</td><td>Inbouw</td></tr><tr><td>IP-klasse</td><td>IP20</td></tr><tr><td>Afdekraam</td><td>Zonder afdekraam (apart bestellen)</td></tr><tr><td>Aansluitklem</td><td>Veerklem (snelaansluiting)</td></tr><tr><td>Kleur</td><td>zwart mat</td></tr><tr><td>Spanning</td><td>230 V</td></tr></table><p>Minimale afname 10 stuks. Projectprijs vanaf 100 stuks op aanvraag. Levering binnen 5 werkdagen.</p>",Lichtplein,LUXA,"LUXA,B2B,Wandcontactdozen",TRUE,Title,Default Title,LP-LU239,18.79,continue,manual,TRUE,TRUE,https://lichtplein.nl/img/p/lp-lu239-1-l.webp,1,active
lp-lu239,,,,,,,,,,,,,,,https://lichtplein.nl/img/p/lp-lu239-2-l.webp,2,
lp-lu239,,,,,,,,,,,,,,,https://lichtplein.nl/img/p/lp-lu239-3-l.webp,3,
lp-lu240,"Netwerkaansluiting RJ45 CAT6a, zwart mat","<p>Premium schakelmateriaal met een vlak, mat oppervlak en strakke afdekramen van 82,5 mm. Veerklemaansluiting voor snelle montage, 10 jaar mechanische levensduurtest. Voor woningen, hotels en kantoren met een hoogwaardige afwerking.</p><ul><li>CE-gecertificeerd</li><li>Schroefklem</li><li>Past in standaard inbouwdoos</li></ul><h3>Specificaties</h3><table><tr><td>Montage</td><td>Inbouw</td></tr><tr><td>IP-klasse</td><td>IP20</td></tr><tr><td>Kleur</td><td>zwart mat</td></tr></table><p>Minimale afname 10 stuks. Projectprijs vanaf 100 stuks op aanvraag. Levering binnen 5 werkdagen.</p>",Lichtplein,LUXA,"LUXA,B2B,Data en media",TRUE,Title,Default Title,LP-LU240,24.85,continue,manual,TRUE,TRUE,https://lichtplein.nl/img/p/lp-lu240-1-l.webp,1,active
lp-lu240,,,,,,,,,,,,,,,https://lichtplein.nl/img/p/lp-lu240-2-l.webp,2,
lp-lu241,"Netwerkaansluiting 2x RJ45 CAT6a, zwart mat","<p>Premium schakelmateriaal met een vlak, mat oppervlak en strakke afdekramen van 82,5 mm. Veerklemaansluiting voor snelle montage, 10 jaar mechanische levensduurtest. Voor woningen, hotels en kantoren met een hoogwaardige afwerking.</p><ul><li>CE-gecertificeerd</li><li>Schroefklem</li><li>Past in standaard inbouwdoos</li></ul><h3>Specificaties</h3><table><tr><td>Montage</td><td>Inbouw</td></tr><tr><td>IP-klasse</td><td>IP20</td></tr><tr><td>Kleur</td><td>zwart mat</td></tr></table><p>Minimale afname 10 stuks. Projectprijs vanaf 100 stuks op aanvraag. Levering binnen 5 werkdagen.</p>",Lichtplein,LUXA,"LUXA,B2B,Data en media",TRUE,Title,Default Title,LP-LU241,34.89,continue,manual,TRUE,TRUE,https://lichtplein.nl/img/p/lp-lu241-1-l.webp,1,active
lp-lu241,,,,,,,,,,,,,,,https://lichtplein.nl/img/p/lp-lu241-2-l.webp,2,
lp-lu242,"TV-aansluiting F-connector, zwart mat","<p>Premium schakelmateriaal met een vlak, mat oppervlak en strakke afdekramen van 82,5 mm. Veerklemaansluiting voor snelle montage, 10 jaar mechanische levensduurtest. Voor woningen, hotels en kantoren met een hoogwaardige afwerking.</p><ul><li>CE-gecertificeerd</li><li>Schroefklem</li><li>Past in standaard inbouwdoos</li></ul><h3>Specificaties</h3><table><tr><td>Montage</td><td>Inbouw</td></tr><tr><td>IP-klasse</td><td>IP20</td></tr><tr><td>Kleur</td><td>zwart mat</td></tr></table><p>Minimale afname 10 stuks. Projectprijs vanaf 100 stuks op aanvraag. Levering binnen 5 werkdagen.</p>",Lichtplein,LUXA,"LUXA,B2B,Data en media",TRUE,Title,Default Title,LP-LU242,18.25,continue,manual,TRUE,TRUE,https://lichtplein.nl/img/p/lp-lu242-1-l.webp,1,active
lp-lu242,,,,,,,,,,,,,,,https://lichtplein.nl/img/p/lp-lu242-2-l.webp,2,
lp-lu243,"Luidsprekeraansluiting enkel, zwart mat","<p>Premium schakelmateriaal met een vlak, mat oppervlak en strakke afdekramen van 82,5 mm. Veerklemaansluiting voor snelle montage, 10 jaar mechanische levensduurtest. Voor woningen, hotels en kantoren met een hoogwaardige afwerking.</p><ul><li>CE-gecertificeerd</li><li>Schroefklem</li><li>Past in standaard inbouwdoos</li></ul><h3>Specificaties</h3><table><tr><td>Montage</td><td>Inbouw</td></tr><tr><td>IP-klasse</td><td>IP20</td></tr><tr><td>Kleur</td><td>zwart mat</td></tr></table><p>Minimale afname 10 stuks. Projectprijs vanaf 100 stuks op aanvraag. Levering binnen 5 werkdagen.</p>",Lichtplein,LUXA,"LUXA,B2B,Data en media",TRUE,Title,Default Title,LP-LU243,24.15,continue,manual,TRUE,TRUE,https://lichtplein.nl/img/p/lp-lu243-1-l.webp,1,active
lp-lu244,"Kabeldoorvoer audio, zwart mat","<p>Premium schakelmateriaal met een vlak, mat oppervlak en strakke afdekramen van 82,5 mm. Veerklemaansluiting voor snelle montage, 10 jaar mechanische levensduurtest. Voor woningen, hotels en kantoren met een hoogwaardige afwerking.</p><ul><li>CE-gecertificeerd</li><li>Schroefklem</li><li>Past in standaard inbouwdoos</li></ul><h3>Specificaties</h3><table><tr><td>Montage</td><td>Inbouw</td></tr><tr><td>IP-klasse</td><td>IP20</td></tr><tr><td>Kleur</td><td>zwart mat</td></tr></table><p>Minimale afname 10 stuks. Projectprijs vanaf 100 stuks op aanvraag. Levering binnen 5 werkdagen.</p>",Lichtplein,LUXA,"LUXA,B2B,Data en media",TRUE,Title,Default Title,LP-LU244,27.65,continue,manual,TRUE,TRUE,https://lichtplein.nl/img/p/lp-lu244-1-l.webp,1,active
lp-lu245,"Blindplaat, zwart mat","<p>Premium schakelmateriaal met een vlak, mat oppervlak en strakke afdekramen van 82,5 mm. Veerklemaansluiting voor snelle montage, 10 jaar mechanische levensduurtest. Voor woningen, hotels en kantoren met een hoogwaardige afwerking.</p><ul><li>CE-gecertificeerd</li><li>Standaard Europese maatvoering</li><li>Direct uit voorraad</li></ul><h3>Specificaties</h3><table><tr><td>Montage</td><td>Inbouw</td></tr><tr><td>IP-klasse</td><td>IP20</td></tr><tr><td>Kleur</td><td>zwart mat</td></tr></table><p>Minimale afname 10 stuks. Projectprijs vanaf 100 stuks op aanvraag. Levering binnen 5 werkdagen.</p>",Lichtplein,LUXA,"LUXA,B2B,Afwerking",TRUE,Title,Default Title,LP-LU245,9.99,continue,manual,TRUE,TRUE,https://lichtplein.nl/img/p/lp-lu245-1-l.webp,1,active
lp-lu246,"Kabeldoorvoerplaat, zwart mat","<p>Premium schakelmateriaal met een vlak, mat oppervlak en strakke afdekramen van 82,5 mm. Veerklemaansluiting voor snelle montage, 10 jaar mechanische levensduurtest. Voor woningen, hotels en kantoren met een hoogwaardige afwerking.</p><ul><li>CE-gecertificeerd</li><li>Standaard Europese maatvoering</li><li>Direct uit voorraad</li></ul><h3>Specificaties</h3><table><tr><td>Montage</td><td>Inbouw</td></tr><tr><td>IP-klasse</td><td>IP20</td></tr><tr><td>Kleur</td><td>zwart mat</td></tr></table><p>Minimale afname 10 stuks. Projectprijs vanaf 100 stuks op aanvraag. Levering binnen 5 werkdagen.</p>",Lichtplein,LUXA,"LUXA,B2B,Afwerking",TRUE,Title,Default Title,LP-LU246,11.35,continue,manual,TRUE,TRUE,https://lichtplein.nl/img/p/lp-lu246-1-l.webp,1,active
lp-lu246,,,,,,,,,,,,,,,https://lichtplein.nl/img/p/lp-lu246-2-l.webp,2,
lp-lu247,"Afdekplaat 1x RJ45 keystone, zwart mat","<p>Premium schakelmateriaal met een vlak, mat oppervlak en strakke afdekramen van 82,5 mm. Veerklemaansluiting voor snelle montage, 10 jaar mechanische levensduurtest. Voor woningen, hotels en kantoren met een hoogwaardige afwerking.</p><ul><li>CE-gecertificeerd</li><li>Schroefklem</li><li>Past in standaard inbouwdoos</li></ul><h3>Specificaties</h3><table><tr><td>Montage</td><td>Inbouw</td></tr><tr><td>IP-klasse</td><td>IP20</td></tr><tr><td>Kleur</td><td>zwart mat</td></tr></table><p>Minimale afname 10 stuks. Projectprijs vanaf 100 stuks op aanvraag. Levering binnen 5 werkdagen.</p>",Lichtplein,LUXA,"LUXA,B2B,Data en media",TRUE,Title,Default Title,LP-LU247,21.35,continue,manual,TRUE,TRUE,https://lichtplein.nl/img/p/lp-lu247-1-l.webp,1,active
lp-lu248,"Afdekplaat 2x RJ45 keystone, zwart mat","<p>Premium schakelmateriaal met een vlak, mat oppervlak en strakke afdekramen van 82,5 mm. Veerklemaansluiting voor snelle montage, 10 jaar mechanische levensduurtest. Voor woningen, hotels en kantoren met een hoogwaardige afwerking.</p><ul><li>CE-gecertificeerd</li><li>Schroefklem</li><li>Past in standaard inbouwdoos</li></ul><h3>Specificaties</h3><table><tr><td>Montage</td><td>Inbouw</td></tr><tr><td>IP-klasse</td><td>IP20</td></tr><tr><td>Kleur</td><td>zwart mat</td></tr></table><p>Minimale afname 10 stuks. Projectprijs vanaf 100 stuks op aanvraag. Levering binnen 5 werkdagen.</p>",Lichtplein,LUXA,"LUXA,B2B,Data en media",TRUE,Title,Default Title,LP-LU248,21.35,continue,manual,TRUE,TRUE,https://lichtplein.nl/img/p/lp-lu248-1-l.webp,1,active
lp-lu248,,,,,,,,,,,,,,,https://lichtplein.nl/img/p/lp-lu248-2-l.webp,2,
lp-lu249,"Afdekraam 1-voudig, zwart mat","<p>Premium schakelmateriaal met een vlak, mat oppervlak en strakke afdekramen van 82,5 mm. Veerklemaansluiting voor snelle montage, 10 jaar mechanische levensduurtest. Voor woningen, hotels en kantoren met een hoogwaardige afwerking.</p><ul><li>CE-gecertificeerd</li><li>Standaard Europese maatvoering</li><li>Direct uit voorraad</li></ul><h3>Specificaties</h3><table><tr><td>Afmetingen</td><td>82.5 x 82.5mm</td></tr><tr><td>Kleur</td><td>zwart mat</td></tr></table><p>Minimale afname 10 stuks. Projectprijs vanaf 100 stuks op aanvraag. Levering binnen 5 werkdagen.</p>",Lichtplein,LUXA,"LUXA,B2B,Afdekramen",TRUE,Title,Default Title,LP-LU249,4.55,continue,manual,TRUE,TRUE,https://lichtplein.nl/img/p/lp-lu249-1-l.webp,1,active
lp-lu249,,,,,,,,,,,,,,,https://lichtplein.nl/img/p/lp-lu249-2-l.webp,2,
lp-lu249,,,,,,,,,,,,,,,https://lichtplein.nl/img/p/lp-lu249-3-l.webp,3,
lp-lu250,"Afdekraam 2-voudig, zwart mat","<p>Premium schakelmateriaal met een vlak, mat oppervlak en strakke afdekramen van 82,5 mm. Veerklemaansluiting voor snelle montage, 10 jaar mechanische levensduurtest. Voor woningen, hotels en kantoren met een hoogwaardige afwerking.</p><ul><li>CE-gecertificeerd</li><li>Standaard Europese maatvoering</li><li>Direct uit voorraad</li></ul><h3>Specificaties</h3><table><tr><td>Afmetingen</td><td>82.2 x 153.2mm</td></tr><tr><td>Kleur</td><td>zwart mat</td></tr></table><p>Minimale afname 10 stuks. Projectprijs vanaf 100 stuks op aanvraag. Levering binnen 5 werkdagen.</p>",Lichtplein,LUXA,"LUXA,B2B,Afdekramen",TRUE,Title,Default Title,LP-LU250,6.89,continue,manual,TRUE,TRUE,https://lichtplein.nl/img/p/lp-lu250-1-l.webp,1,active
lp-lu250,,,,,,,,,,,,,,,https://lichtplein.nl/img/p/lp-lu250-2-l.webp,2,
lp-lu251,"Afdekraam 3-voudig, zwart mat","<p>Premium schakelmateriaal met een vlak, mat oppervlak en strakke afdekramen van 82,5 mm. Veerklemaansluiting voor snelle montage, 10 jaar mechanische levensduurtest. Voor woningen, hotels en kantoren met een hoogwaardige afwerking.</p><ul><li>CE-gecertificeerd</li><li>Standaard Europese maatvoering</li><li>Direct uit voorraad</li></ul><h3>Specificaties</h3><table><tr><td>Afmetingen</td><td>82.2 x 224.2mm</td></tr><tr><td>Kleur</td><td>zwart mat</td></tr></table><p>Minimale afname 10 stuks. Projectprijs vanaf 100 stuks op aanvraag. Levering binnen 5 werkdagen.</p>",Lichtplein,LUXA,"LUXA,B2B,Afdekramen",TRUE,Title,Default Title,LP-LU251,9.99,continue,manual,TRUE,TRUE,https://lichtplein.nl/img/p/lp-lu251-1-l.webp,1,active
lp-lu252,"Afdekraam 4-voudig, zwart mat","<p>Premium schakelmateriaal met een vlak, mat oppervlak en strakke afdekramen van 82,5 mm. Veerklemaansluiting voor snelle montage, 10 jaar mechanische levensduurtest. Voor woningen, hotels en kantoren met een hoogwaardige afwerking.</p><ul><li>CE-gecertificeerd</li><li>Standaard Europese maatvoering</li><li>Direct uit voorraad</li></ul><h3>Specificaties</h3><table><tr><td>Afmetingen</td><td>82.2 x 285.2mm</td></tr><tr><td>Kleur</td><td>zwart mat</td></tr></table><p>Minimale afname 10 stuks. Projectprijs vanaf 100 stuks op aanvraag. Levering binnen 5 werkdagen.</p>",Lichtplein,LUXA,"LUXA,B2B,Afdekramen",TRUE,Title,Default Title,LP-LU252,12.55,continue,manual,TRUE,TRUE,https://lichtplein.nl/img/p/lp-lu252-1-l.webp,1,active
lp-lu253,"Afdekraam 5-voudig, zwart mat","<p>Premium schakelmateriaal met een vlak, mat oppervlak en strakke afdekramen van 82,5 mm. Veerklemaansluiting voor snelle montage, 10 jaar mechanische levensduurtest. Voor woningen, hotels en kantoren met een hoogwaardige afwerking.</p><ul><li>CE-gecertificeerd</li><li>Standaard Europese maatvoering</li><li>Direct uit voorraad</li></ul><h3>Specificaties</h3><table><tr><td>Afmetingen</td><td>82.2 x 366.2mm</td></tr><tr><td>Kleur</td><td>zwart mat</td></tr></table><p>Minimale afname 10 stuks. Projectprijs vanaf 100 stuks op aanvraag. Levering binnen 5 werkdagen.</p>",Lichtplein,LUXA,"LUXA,B2B,Afdekramen",TRUE,Title,Default Title,LP-LU253,17.79,continue,manual,TRUE,TRUE,https://lichtplein.nl/img/p/lp-lu253-1-l.webp,1,active
lp-lu254,"Opbouwdoos 1-voudig, zwart mat","<p>Premium schakelmateriaal met een vlak, mat oppervlak en strakke afdekramen van 82,5 mm. Veerklemaansluiting voor snelle montage, 10 jaar mechanische levensduurtest. Voor woningen, hotels en kantoren met een hoogwaardige afwerking.</p><ul><li>CE-gecertificeerd</li><li>Standaard Europese maatvoering</li><li>Direct uit voorraad</li></ul><h3>Specificaties</h3><table><tr><td>Kleur</td><td>zwart mat</td></tr></table><p>Minimale afname 10 stuks. Projectprijs vanaf 100 stuks op aanvraag. Levering binnen 5 werkdagen.</p>",Lichtplein,LUXA,"LUXA,B2B,Opbouwdozen",TRUE,Title,Default Title,LP-LU254,11.49,continue,manual,TRUE,TRUE,https://lichtplein.nl/img/p/lp-lu254-1-l.webp,1,active
lp-lu255,"Opbouwdoos 2-voudig, zwart mat","<p>Premium schakelmateriaal met een vlak, mat oppervlak en strakke afdekramen van 82,5 mm. Veerklemaansluiting voor snelle montage, 10 jaar mechanische levensduurtest. Voor woningen, hotels en kantoren met een hoogwaardige afwerking.</p><ul><li>CE-gecertificeerd</li><li>Standaard Europese maatvoering</li><li>Direct uit voorraad</li></ul><h3>Specificaties</h3><table><tr><td>Afmetingen</td><td>155 x 84 x 47 mm</td></tr><tr><td>Kleur</td><td>zwart mat</td></tr></table><p>Minimale afname 10 stuks. Projectprijs vanaf 100 stuks op aanvraag. Levering binnen 5 werkdagen.</p>",Lichtplein,LUXA,"LUXA,B2B,Opbouwdozen",TRUE,Title,Default Title,LP-LU255,16.69,continue,manual,TRUE,TRUE,https://lichtplein.nl/img/p/lp-lu255-1-l.webp,1,active
lp-lu255,,,,,,,,,,,,,,,https://lichtplein.nl/img/p/lp-lu255-2-l.webp,2,
lp-lu255,,,,,,,,,,,,,,,https://lichtplein.nl/img/p/lp-lu255-3-l.webp,3,
lp-lu255,,,,,,,,,,,,,,,https://lichtplein.nl/img/p/lp-lu255-4-l.webp,4,
lp-lu256,"Dimmerknop met montageplaat (onderdeel), zwart mat","<p>Premium schakelmateriaal met een vlak, mat oppervlak en strakke afdekramen van 82,5 mm. Veerklemaansluiting voor snelle montage, 10 jaar mechanische levensduurtest. Voor woningen, hotels en kantoren met een hoogwaardige afwerking.</p><ul><li>CE-gecertificeerd</li><li>Schroefklem</li><li>Past in standaard inbouwdoos</li></ul><h3>Specificaties</h3><table><tr><td>Montage</td><td>Inbouw</td></tr><tr><td>IP-klasse</td><td>IP20</td></tr><tr><td>Kleur</td><td>zwart mat</td></tr><tr><td>Spanning</td><td>230 V</td></tr></table><p>Minimale afname 10 stuks. Projectprijs vanaf 100 stuks op aanvraag. Levering binnen 5 werkdagen.</p>",Lichtplein,LUXA,"LUXA,B2B,Dimmers",TRUE,Title,Default Title,LP-LU256,13.25,continue,manual,TRUE,TRUE,,,active
lp-lu257,"Tussenraam voor thermostaat, zwart mat","<p>Premium schakelmateriaal met een vlak, mat oppervlak en strakke afdekramen van 82,5 mm. Veerklemaansluiting voor snelle montage, 10 jaar mechanische levensduurtest. Voor woningen, hotels en kantoren met een hoogwaardige afwerking.</p><ul><li>CE-gecertificeerd</li><li>Standaard Europese maatvoering</li><li>Direct uit voorraad</li></ul><h3>Specificaties</h3><table><tr><td>Montage</td><td>Inbouw</td></tr><tr><td>IP-klasse</td><td>IP20</td></tr><tr><td>Kleur</td><td>zwart mat</td></tr></table><p>Minimale afname 10 stuks. Projectprijs vanaf 100 stuks op aanvraag. Levering binnen 5 werkdagen.</p>",Lichtplein,LUXA,"LUXA,B2B,Afwerking",TRUE,Title,Default Title,LP-LU257,5.39,continue,manual,TRUE,TRUE,https://lichtplein.nl/img/p/lp-lu257-1-l.webp,1,active
lp-pl101,"Enkelpolige schakelaar, wit","<p>Budgetlijn schakelmateriaal voor bijgebouwen, kelders en tijdelijke installaties. Compleet met afdekraam, in wit en bruin, inbouw en opbouw.</p><ul><li>CE-gecertificeerd</li><li>Schroefklem</li><li>Past in standaard inbouwdoos</li></ul><h3>Specificaties</h3><table><tr><td>Montage</td><td>Inbouw</td></tr><tr><td>IP-klasse</td><td>IP20</td></tr><tr><td>Afdekraam</td><td>Inclusief afdekraam</td></tr><tr><td>Nominale stroom</td><td>10 A</td></tr><tr><td>Aansluitklem</td><td>Schroefklem</td></tr><tr><td>Kleur</td><td>wit</td></tr><tr><td>Spanning</td><td>230 V</td></tr></table><p>Minimale afname 10 stuks. Projectprijs vanaf 100 stuks op aanvraag. Levering binnen 5 werkdagen.</p>",Lichtplein,PLANA,"PLANA,B2B,Schakelaars",TRUE,Title,Default Title,LP-PL101,8.29,continue,manual,TRUE,TRUE,https://lichtplein.nl/img/p/lp-pl101-1-l.webp,1,active
lp-pl102,"Serieschakelaar (2-voudig), wit","<p>Budgetlijn schakelmateriaal voor bijgebouwen, kelders en tijdelijke installaties. Compleet met afdekraam, in wit en bruin, inbouw en opbouw.</p><ul><li>CE-gecertificeerd</li><li>Schroefklem</li><li>Past in standaard inbouwdoos</li></ul><h3>Specificaties</h3><table><tr><td>Montage</td><td>Inbouw</td></tr><tr><td>IP-klasse</td><td>IP20</td></tr><tr><td>Afdekraam</td><td>Inclusief afdekraam</td></tr><tr><td>Nominale stroom</td><td>10 A</td></tr><tr><td>Aansluitklem</td><td>Schroefklem</td></tr><tr><td>Kleur</td><td>wit</td></tr><tr><td>Spanning</td><td>230 V</td></tr></table><p>Minimale afname 10 stuks. Projectprijs vanaf 100 stuks op aanvraag. Levering binnen 5 werkdagen.</p>",Lichtplein,PLANA,"PLANA,B2B,Schakelaars",TRUE,Title,Default Title,LP-PL102,9.69,continue,manual,TRUE,TRUE,https://lichtplein.nl/img/p/lp-pl102-1-l.webp,1,active
lp-pl102,,,,,,,,,,,,,,,https://lichtplein.nl/img/p/lp-pl102-2-l.webp,2,
lp-pl103,"Wisselschakelaar, wit","<p>Budgetlijn schakelmateriaal voor bijgebouwen, kelders en tijdelijke installaties. Compleet met afdekraam, in wit en bruin, inbouw en opbouw.</p><ul><li>CE-gecertificeerd</li><li>Schroefklem</li><li>Past in standaard inbouwdoos</li></ul><h3>Specificaties</h3><table><tr><td>Montage</td><td>Inbouw</td></tr><tr><td>IP-klasse</td><td>IP20</td></tr><tr><td>Afdekraam</td><td>Inclusief afdekraam</td></tr><tr><td>Nominale stroom</td><td>10 A</td></tr><tr><td>Aansluitklem</td><td>Schroefklem</td></tr><tr><td>Kleur</td><td>wit</td></tr><tr><td>Spanning</td><td>230 V</td></tr></table><p>Minimale afname 10 stuks. Projectprijs vanaf 100 stuks op aanvraag. Levering binnen 5 werkdagen.</p>",Lichtplein,PLANA,"PLANA,B2B,Schakelaars",TRUE,Title,Default Title,LP-PL103,8.75,continue,manual,TRUE,TRUE,https://lichtplein.nl/img/p/lp-pl103-1-l.webp,1,active
lp-pl103,,,,,,,,,,,,,,,https://lichtplein.nl/img/p/lp-pl103-2-l.webp,2,
lp-pl104,"Wandcontactdoos zonder randaarde, wit","<p>Budgetlijn schakelmateriaal voor bijgebouwen, kelders en tijdelijke installaties. Compleet met afdekraam, in wit en bruin, inbouw en opbouw.</p><ul><li>CE-gecertificeerd</li><li>Schroefklem</li><li>Past in standaard inbouwdoos</li></ul><h3>Specificaties</h3><table><tr><td>Nominale stroom</td><td>16 A</td></tr><tr><td>Montage</td><td>Inbouw</td></tr><tr><td>IP-klasse</td><td>IP20</td></tr><tr><td>Afdekraam</td><td>Inclusief afdekraam</td></tr><tr><td>Aansluitklem</td><td>Schroefklem</td></tr><tr><td>Kleur</td><td>wit</td></tr><tr><td>Spanning</td><td>230 V</td></tr></table><p>Minimale afname 10 stuks. Projectprijs vanaf 100 stuks op aanvraag. Levering binnen 5 werkdagen.</p>",Lichtplein,PLANA,"PLANA,B2B,Wandcontactdozen",TRUE,Title,Default Title,LP-PL104,6.45,continue,manual,TRUE,TRUE,https://lichtplein.nl/img/p/lp-pl104-1-l.webp,1,active
lp-pl104,,,,,,,,,,,,,,,https://lichtplein.nl/img/p/lp-pl104-2-l.webp,2,
lp-pl105,"Dubbele wandcontactdoos zonder randaarde, wit","<p>Budgetlijn schakelmateriaal voor bijgebouwen, kelders en tijdelijke installaties. Compleet met afdekraam, in wit en bruin, inbouw en opbouw.</p><ul><li>CE-gecertificeerd</li><li>Schroefklem</li><li>Past in standaard inbouwdoos</li></ul><h3>Specificaties</h3><table><tr><td>Nominale stroom</td><td>16 A</td></tr><tr><td>Montage</td><td>Inbouw</td></tr><tr><td>IP-klasse</td><td>IP20</td></tr><tr><td>Afdekraam</td><td>Inclusief afdekraam</td></tr><tr><td>Aansluitklem</td><td>Schroefklem</td></tr><tr><td>Kleur</td><td>wit</td></tr><tr><td>Spanning</td><td>230 V</td></tr></table><p>Minimale afname 10 stuks. Projectprijs vanaf 100 stuks op aanvraag. Levering binnen 5 werkdagen.</p>",Lichtplein,PLANA,"PLANA,B2B,Wandcontactdozen",TRUE,Title,Default Title,LP-PL105,10.59,continue,manual,TRUE,TRUE,https://lichtplein.nl/img/p/lp-pl105-1-l.webp,1,active
lp-pl105,,,,,,,,,,,,,,,https://lichtplein.nl/img/p/lp-pl105-2-l.webp,2,
lp-pl106,"Wandcontactdoos met randaarde, wit","<p>Budgetlijn schakelmateriaal voor bijgebouwen, kelders en tijdelijke installaties. Compleet met afdekraam, in wit en bruin, inbouw en opbouw.</p><ul><li>CE-gecertificeerd</li><li>Schroefklem</li><li>Past in standaard inbouwdoos</li></ul><h3>Specificaties</h3><table><tr><td>Nominale stroom</td><td>16 A</td></tr><tr><td>Montage</td><td>Inbouw</td></tr><tr><td>IP-klasse</td><td>IP20</td></tr><tr><td>Afdekraam</td><td>Inclusief afdekraam</td></tr><tr><td>Aansluitklem</td><td>Schroefklem</td></tr><tr><td>Kleur</td><td>wit</td></tr><tr><td>Spanning</td><td>230 V</td></tr></table><p>Minimale afname 10 stuks. Projectprijs vanaf 100 stuks op aanvraag. Levering binnen 5 werkdagen.</p>",Lichtplein,PLANA,"PLANA,B2B,Wandcontactdozen",TRUE,Title,Default Title,LP-PL106,7.35,continue,manual,TRUE,TRUE,https://lichtplein.nl/img/p/lp-pl106-1-l.webp,1,active
lp-pl107,"Opbouw enkelpolige schakelaar, wit","<p>Budgetlijn schakelmateriaal voor bijgebouwen, kelders en tijdelijke installaties. Compleet met afdekraam, in wit en bruin, inbouw en opbouw.</p><ul><li>CE-gecertificeerd</li><li>Schroefklem</li><li>Past in standaard inbouwdoos</li></ul><h3>Specificaties</h3><table><tr><td>Montage</td><td>Opbouw</td></tr><tr><td>IP-klasse</td><td>IP20</td></tr><tr><td>Nominale stroom</td><td>10 A</td></tr><tr><td>Aansluitklem</td><td>Schroefklem</td></tr><tr><td>Kleur</td><td>wit</td></tr><tr><td>Spanning</td><td>230 V</td></tr></table><p>Minimale afname 10 stuks. Projectprijs vanaf 100 stuks op aanvraag. Levering binnen 5 werkdagen.</p>",Lichtplein,PLANA,"PLANA,B2B,Schakelaars",TRUE,Title,Default Title,LP-PL107,8.29,continue,manual,TRUE,TRUE,https://lichtplein.nl/img/p/lp-pl107-1-l.webp,1,active
lp-pl108,"Opbouw serieschakelaar (2-voudig), wit","<p>Budgetlijn schakelmateriaal voor bijgebouwen, kelders en tijdelijke installaties. Compleet met afdekraam, in wit en bruin, inbouw en opbouw.</p><ul><li>CE-gecertificeerd</li><li>Schroefklem</li><li>Past in standaard inbouwdoos</li></ul><h3>Specificaties</h3><table><tr><td>Montage</td><td>Opbouw</td></tr><tr><td>IP-klasse</td><td>IP20</td></tr><tr><td>Nominale stroom</td><td>10 A</td></tr><tr><td>Aansluitklem</td><td>Schroefklem</td></tr><tr><td>Kleur</td><td>wit</td></tr><tr><td>Spanning</td><td>230 V</td></tr></table><p>Minimale afname 10 stuks. Projectprijs vanaf 100 stuks op aanvraag. Levering binnen 5 werkdagen.</p>",Lichtplein,PLANA,"PLANA,B2B,Schakelaars",TRUE,Title,Default Title,LP-PL108,9.19,continue,manual,TRUE,TRUE,https://lichtplein.nl/img/p/lp-pl108-1-l.webp,1,active
lp-pl109,"Opbouw wandcontactdoos zonder randaarde, wit","<p>Budgetlijn schakelmateriaal voor bijgebouwen, kelders en tijdelijke installaties. Compleet met afdekraam, in wit en bruin, inbouw en opbouw.</p><ul><li>CE-gecertificeerd</li><li>Schroefklem</li><li>Past in standaard inbouwdoos</li></ul><h3>Specificaties</h3><table><tr><td>Nominale stroom</td><td>16 A</td></tr><tr><td>Montage</td><td>Opbouw</td></tr><tr><td>IP-klasse</td><td>IP20</td></tr><tr><td>Aansluitklem</td><td>Schroefklem</td></tr><tr><td>Kleur</td><td>wit</td></tr><tr><td>Spanning</td><td>230 V</td></tr></table><p>Minimale afname 10 stuks. Projectprijs vanaf 100 stuks op aanvraag. Levering binnen 5 werkdagen.</p>",Lichtplein,PLANA,"PLANA,B2B,Wandcontactdozen",TRUE,Title,Default Title,LP-PL109,5.99,continue,manual,TRUE,TRUE,https://lichtplein.nl/img/p/lp-pl109-1-l.webp,1,active
lp-pl110,"Opbouw dubbele wandcontactdoos zonder randaarde, wit","<p>Budgetlijn schakelmateriaal voor bijgebouwen, kelders en tijdelijke installaties. Compleet met afdekraam, in wit en bruin, inbouw en opbouw.</p><ul><li>CE-gecertificeerd</li><li>Schroefklem</li><li>Past in standaard inbouwdoos</li></ul><h3>Specificaties</h3><table><tr><td>Nominale stroom</td><td>16 A</td></tr><tr><td>Montage</td><td>Opbouw</td></tr><tr><td>IP-klasse</td><td>IP20</td></tr><tr><td>Aansluitklem</td><td>Schroefklem</td></tr><tr><td>Kleur</td><td>wit</td></tr><tr><td>Spanning</td><td>230 V</td></tr></table><p>Minimale afname 10 stuks. Projectprijs vanaf 100 stuks op aanvraag. Levering binnen 5 werkdagen.</p>",Lichtplein,PLANA,"PLANA,B2B,Wandcontactdozen",TRUE,Title,Default Title,LP-PL110,8.75,continue,manual,TRUE,TRUE,https://lichtplein.nl/img/p/lp-pl110-1-l.webp,1,active
lp-pl111,"Opbouw dubbele wandcontactdoos met randaarde, wit","<p>Budgetlijn schakelmateriaal voor bijgebouwen, kelders en tijdelijke installaties. Compleet met afdekraam, in wit en bruin, inbouw en opbouw.</p><ul><li>CE-gecertificeerd</li><li>Schroefklem</li><li>Past in standaard inbouwdoos</li></ul><h3>Specificaties</h3><table><tr><td>Nominale stroom</td><td>16 A</td></tr><tr><td>Montage</td><td>Opbouw</td></tr><tr><td>IP-klasse</td><td>IP20</td></tr><tr><td>Aansluitklem</td><td>Schroefklem</td></tr><tr><td>Kleur</td><td>wit</td></tr><tr><td>Spanning</td><td>230 V</td></tr></table><p>Minimale afname 10 stuks. Projectprijs vanaf 100 stuks op aanvraag. Levering binnen 5 werkdagen.</p>",Lichtplein,PLANA,"PLANA,B2B,Wandcontactdozen",TRUE,Title,Default Title,LP-PL111,11.49,continue,manual,TRUE,TRUE,https://lichtplein.nl/img/p/lp-pl111-1-l.webp,1,active
lp-pl111,,,,,,,,,,,,,,,https://lichtplein.nl/img/p/lp-pl111-2-l.webp,2,
lp-pl111,,,,,,,,,,,,,,,https://lichtplein.nl/img/p/lp-pl111-3-l.webp,3,
lp-pl111,,,,,,,,,,,,,,,https://lichtplein.nl/img/p/lp-pl111-4-l.webp,4,
lp-pl112,"Opbouw dubbele wandcontactdoos zonder randaarde, wit","<p>Budgetlijn schakelmateriaal voor bijgebouwen, kelders en tijdelijke installaties. Compleet met afdekraam, in wit en bruin, inbouw en opbouw.</p><ul><li>CE-gecertificeerd</li><li>Schroefklem</li><li>Past in standaard inbouwdoos</li></ul><h3>Specificaties</h3><table><tr><td>Nominale stroom</td><td>16 A</td></tr><tr><td>Montage</td><td>Opbouw</td></tr><tr><td>IP-klasse</td><td>IP20</td></tr><tr><td>Aansluitklem</td><td>Schroefklem</td></tr><tr><td>Kleur</td><td>wit</td></tr><tr><td>Spanning</td><td>230 V</td></tr></table><p>Minimale afname 10 stuks. Projectprijs vanaf 100 stuks op aanvraag. Levering binnen 5 werkdagen.</p>",Lichtplein,PLANA,"PLANA,B2B,Wandcontactdozen",TRUE,Title,Default Title,LP-PL112,6.89,continue,manual,TRUE,TRUE,https://lichtplein.nl/img/p/lp-pl112-1-l.webp,1,active
lp-pl112,,,,,,,,,,,,,,,https://lichtplein.nl/img/p/lp-pl112-2-l.webp,2,
lp-pl112,,,,,,,,,,,,,,,https://lichtplein.nl/img/p/lp-pl112-3-l.webp,3,
lp-pl112,,,,,,,,,,,,,,,https://lichtplein.nl/img/p/lp-pl112-4-l.webp,4,
lp-pl113,"Opbouw wisselschakelaar, wit","<p>Budgetlijn schakelmateriaal voor bijgebouwen, kelders en tijdelijke installaties. Compleet met afdekraam, in wit en bruin, inbouw en opbouw.</p><ul><li>CE-gecertificeerd</li><li>Schroefklem</li><li>Past in standaard inbouwdoos</li></ul><h3>Specificaties</h3><table><tr><td>Montage</td><td>Opbouw</td></tr><tr><td>IP-klasse</td><td>IP20</td></tr><tr><td>Nominale stroom</td><td>10 A</td></tr><tr><td>Aansluitklem</td><td>Schroefklem</td></tr><tr><td>Kleur</td><td>wit</td></tr><tr><td>Spanning</td><td>230 V</td></tr></table><p>Minimale afname 10 stuks. Projectprijs vanaf 100 stuks op aanvraag. Levering binnen 5 werkdagen.</p>",Lichtplein,PLANA,"PLANA,B2B,Schakelaars",TRUE,Title,Default Title,LP-PL113,9.19,continue,manual,TRUE,TRUE,https://lichtplein.nl/img/p/lp-pl113-1-l.webp,1,active
lp-pl114,"Opbouw enkelpolige schakelaar, bruin","<p>Budgetlijn schakelmateriaal voor bijgebouwen, kelders en tijdelijke installaties. Compleet met afdekraam, in wit en bruin, inbouw en opbouw.</p><ul><li>CE-gecertificeerd</li><li>Schroefklem</li><li>Past in standaard inbouwdoos</li></ul><h3>Specificaties</h3><table><tr><td>Montage</td><td>Opbouw</td></tr><tr><td>IP-klasse</td><td>IP20</td></tr><tr><td>Nominale stroom</td><td>10 A</td></tr><tr><td>Aansluitklem</td><td>Schroefklem</td></tr><tr><td>Kleur</td><td>bruin</td></tr><tr><td>Spanning</td><td>230 V</td></tr></table><p>Minimale afname 10 stuks. Projectprijs vanaf 100 stuks op aanvraag. Levering binnen 5 werkdagen.</p>",Lichtplein,PLANA,"PLANA,B2B,Schakelaars",TRUE,Title,Default Title,LP-PL114,8.75,continue,manual,TRUE,TRUE,https://lichtplein.nl/img/p/lp-pl114-1-l.webp,1,active
lp-pl115,"Opbouw serieschakelaar (2-voudig), bruin","<p>Budgetlijn schakelmateriaal voor bijgebouwen, kelders en tijdelijke installaties. Compleet met afdekraam, in wit en bruin, inbouw en opbouw.</p><ul><li>CE-gecertificeerd</li><li>Schroefklem</li><li>Past in standaard inbouwdoos</li></ul><h3>Specificaties</h3><table><tr><td>Montage</td><td>Opbouw</td></tr><tr><td>IP-klasse</td><td>IP20</td></tr><tr><td>Nominale stroom</td><td>10 A</td></tr><tr><td>Aansluitklem</td><td>Schroefklem</td></tr><tr><td>Kleur</td><td>bruin</td></tr><tr><td>Spanning</td><td>230 V</td></tr></table><p>Minimale afname 10 stuks. Projectprijs vanaf 100 stuks op aanvraag. Levering binnen 5 werkdagen.</p>",Lichtplein,PLANA,"PLANA,B2B,Schakelaars",TRUE,Title,Default Title,LP-PL115,9.69,continue,manual,TRUE,TRUE,https://lichtplein.nl/img/p/lp-pl115-1-l.webp,1,active
lp-pl116,"Opbouw wisselschakelaar, bruin","<p>Budgetlijn schakelmateriaal voor bijgebouwen, kelders en tijdelijke installaties. Compleet met afdekraam, in wit en bruin, inbouw en opbouw.</p><ul><li>CE-gecertificeerd</li><li>Schroefklem</li><li>Past in standaard inbouwdoos</li></ul><h3>Specificaties</h3><table><tr><td>Montage</td><td>Opbouw</td></tr><tr><td>IP-klasse</td><td>IP20</td></tr><tr><td>Nominale stroom</td><td>10 A</td></tr><tr><td>Aansluitklem</td><td>Schroefklem</td></tr><tr><td>Kleur</td><td>bruin</td></tr><tr><td>Spanning</td><td>230 V</td></tr></table><p>Minimale afname 10 stuks. Projectprijs vanaf 100 stuks op aanvraag. Levering binnen 5 werkdagen.</p>",Lichtplein,PLANA,"PLANA,B2B,Schakelaars",TRUE,Title,Default Title,LP-PL116,9.69,continue,manual,TRUE,TRUE,https://lichtplein.nl/img/p/lp-pl116-1-l.webp,1,active
lp-pl117,"Opbouw wandcontactdoos zonder randaarde, bruin","<p>Budgetlijn schakelmateriaal voor bijgebouwen, kelders en tijdelijke installaties. Compleet met afdekraam, in wit en bruin, inbouw en opbouw.</p><ul><li>CE-gecertificeerd</li><li>Schroefklem</li><li>Past in standaard inbouwdoos</li></ul><h3>Specificaties</h3><table><tr><td>Nominale stroom</td><td>16 A</td></tr><tr><td>Montage</td><td>Opbouw</td></tr><tr><td>IP-klasse</td><td>IP20</td></tr><tr><td>Aansluitklem</td><td>Schroefklem</td></tr><tr><td>Kleur</td><td>bruin</td></tr><tr><td>Spanning</td><td>230 V</td></tr></table><p>Minimale afname 10 stuks. Projectprijs vanaf 100 stuks op aanvraag. Levering binnen 5 werkdagen.</p>",Lichtplein,PLANA,"PLANA,B2B,Wandcontactdozen",TRUE,Title,Default Title,LP-PL117,6.45,continue,manual,TRUE,TRUE,https://lichtplein.nl/img/p/lp-pl117-1-l.webp,1,active
lp-pl118,"Opbouw dubbele wandcontactdoos zonder randaarde, bruin","<p>Budgetlijn schakelmateriaal voor bijgebouwen, kelders en tijdelijke installaties. Compleet met afdekraam, in wit en bruin, inbouw en opbouw.</p><ul><li>CE-gecertificeerd</li><li>Schroefklem</li><li>Past in standaard inbouwdoos</li></ul><h3>Specificaties</h3><table><tr><td>Nominale stroom</td><td>16 A</td></tr><tr><td>Montage</td><td>Opbouw</td></tr><tr><td>IP-klasse</td><td>IP20</td></tr><tr><td>Aansluitklem</td><td>Schroefklem</td></tr><tr><td>Kleur</td><td>bruin</td></tr><tr><td>Spanning</td><td>230 V</td></tr></table><p>Minimale afname 10 stuks. Projectprijs vanaf 100 stuks op aanvraag. Levering binnen 5 werkdagen.</p>",Lichtplein,PLANA,"PLANA,B2B,Wandcontactdozen",TRUE,Title,Default Title,LP-PL118,7.35,continue,manual,TRUE,TRUE,https://lichtplein.nl/img/p/lp-pl118-1-l.webp,1,active
lp-pl118,,,,,,,,,,,,,,,https://lichtplein.nl/img/p/lp-pl118-2-l.webp,2,
lp-pl118,,,,,,,,,,,,,,,https://lichtplein.nl/img/p/lp-pl118-3-l.webp,3,
lp-pl118,,,,,,,,,,,,,,,https://lichtplein.nl/img/p/lp-pl118-4-l.webp,4,
lp-pl119,"Opbouw dubbele wandcontactdoos zonder randaarde, bruin","<p>Budgetlijn schakelmateriaal voor bijgebouwen, kelders en tijdelijke installaties. Compleet met afdekraam, in wit en bruin, inbouw en opbouw.</p><ul><li>CE-gecertificeerd</li><li>Schroefklem</li><li>Past in standaard inbouwdoos</li></ul><h3>Specificaties</h3><table><tr><td>Nominale stroom</td><td>16 A</td></tr><tr><td>Montage</td><td>Opbouw</td></tr><tr><td>IP-klasse</td><td>IP20</td></tr><tr><td>Aansluitklem</td><td>Schroefklem</td></tr><tr><td>Kleur</td><td>bruin</td></tr><tr><td>Spanning</td><td>230 V</td></tr></table><p>Minimale afname 10 stuks. Projectprijs vanaf 100 stuks op aanvraag. Levering binnen 5 werkdagen.</p>",Lichtplein,PLANA,"PLANA,B2B,Wandcontactdozen",TRUE,Title,Default Title,LP-PL119,9.19,continue,manual,TRUE,TRUE,https://lichtplein.nl/img/p/lp-pl119-1-l.webp,1,active
lp-pl120,"Opbouw dubbele wandcontactdoos met randaarde, bruin","<p>Budgetlijn schakelmateriaal voor bijgebouwen, kelders en tijdelijke installaties. Compleet met afdekraam, in wit en bruin, inbouw en opbouw.</p><ul><li>CE-gecertificeerd</li><li>Schroefklem</li><li>Past in standaard inbouwdoos</li></ul><h3>Specificaties</h3><table><tr><td>Nominale stroom</td><td>16 A</td></tr><tr><td>Montage</td><td>Opbouw</td></tr><tr><td>IP-klasse</td><td>IP20</td></tr><tr><td>Aansluitklem</td><td>Schroefklem</td></tr><tr><td>Kleur</td><td>bruin</td></tr><tr><td>Spanning</td><td>230 V</td></tr></table><p>Minimale afname 10 stuks. Projectprijs vanaf 100 stuks op aanvraag. Levering binnen 5 werkdagen.</p>",Lichtplein,PLANA,"PLANA,B2B,Wandcontactdozen",TRUE,Title,Default Title,LP-PL120,11.95,continue,manual,TRUE,TRUE,https://lichtplein.nl/img/p/lp-pl120-1-l.webp,1,active
lp-pl120,,,,,,,,,,,,,,,https://lichtplein.nl/img/p/lp-pl120-2-l.webp,2,
lp-pl120,,,,,,,,,,,,,,,https://lichtplein.nl/img/p/lp-pl120-3-l.webp,3,
lp-pl120,,,,,,,,,,,,,,,https://lichtplein.nl/img/p/lp-pl120-4-l.webp,4,
lp-po101,"LED paaltoparmatuur 30-60W instelbaar 9.600 lm 2200-4000K, symmetrisch","<p>Moderne LED paaltoparmatuur met vermogen en kleurtemperatuur instelbaar via afstandsbediening (30/40/60 W, 2200/3000/4000 K). Lumileds-leds, IP66, symmetrische of asymmetrische lichtverdeling. Past op masten van 60 tot 80 mm. Voor parken, woonwijken en bedrijfsterreinen.</p><ul><li>Vermogen en CCT instelbaar</li><li>IP66</li><li>Symmetrisch of asymmetrisch</li><li>Mast 60-80 mm</li><li>5 jaar garantie</li></ul><h3>Specificaties</h3><table><tr><td>Vermogen</td><td>30W / 40W / 60W</td></tr><tr><td>Lichtstroom</td><td>9.600 lm</td></tr><tr><td>Kleurtemperatuur</td><td>2200K / 3000K / 4000K</td></tr><tr><td>Kleurweergave (CRI)</td><td>&gt; 70</td></tr><tr><td>Lichtverdeling</td><td>90°</td></tr><tr><td>Driver</td><td>Sosen</td></tr><tr><td>LED-chip</td><td>Lumileds</td></tr><tr><td>Dimming en besturing</td><td>niet dimbaar</td></tr><tr><td>Mastopname</td><td>Ø 60-80 mm</td></tr><tr><td>IP-klasse</td><td>IP66</td></tr><tr><td>Garantie</td><td>5 jaar</td></tr></table><p>Minimale afname 2 stuks. Projectprijs vanaf 100 stuks op aanvraag. Levering binnen 5 werkdagen.</p>",Lichtplein,POLARIS,"POLARIS,B2B,Paaltoparmaturen modern",TRUE,Title,Default Title,LP-PO101,385.00,continue,manual,TRUE,TRUE,https://lichtplein.nl/img/p/lp-po101-1-l.webp,1,active
lp-po101,,,,,,,,,,,,,,,https://lichtplein.nl/img/p/lp-po101-2-l.webp,2,
lp-po101,,,,,,,,,,,,,,,https://lichtplein.nl/img/p/lp-po101-3-l.webp,3,
lp-po101,,,,,,,,,,,,,,,https://lichtplein.nl/img/p/lp-po101-4-l.webp,4,
lp-po102,"LED paaltoparmatuur 30-60W instelbaar 9.600 lm 2200-4000K, asymmetrisch","<p>Moderne LED paaltoparmatuur met vermogen en kleurtemperatuur instelbaar via afstandsbediening (30/40/60 W, 2200/3000/4000 K). Lumileds-leds, IP66, symmetrische of asymmetrische lichtverdeling. Past op masten van 60 tot 80 mm. Voor parken, woonwijken en bedrijfsterreinen.</p><ul><li>Vermogen en CCT instelbaar</li><li>IP66</li><li>Symmetrisch of asymmetrisch</li><li>Mast 60-80 mm</li><li>5 jaar garantie</li></ul><h3>Specificaties</h3><table><tr><td>Vermogen</td><td>30W / 40W / 60W</td></tr><tr><td>Lichtstroom</td><td>9.600 lm</td></tr><tr><td>Kleurtemperatuur</td><td>2200K / 3000K / 4000K</td></tr><tr><td>Kleurweergave (CRI)</td><td>&gt; 70</td></tr><tr><td>Lichtverdeling</td><td>TP III</td></tr><tr><td>Driver</td><td>Sosen</td></tr><tr><td>LED-chip</td><td>Lumileds</td></tr><tr><td>Dimming en besturing</td><td>niet dimbaar</td></tr><tr><td>Mastopname</td><td>Ø 60-80 mm</td></tr><tr><td>IP-klasse</td><td>IP66</td></tr><tr><td>Garantie</td><td>5 jaar</td></tr></table><p>Minimale afname 2 stuks. Projectprijs vanaf 100 stuks op aanvraag. Levering binnen 5 werkdagen.</p>",Lichtplein,POLARIS,"POLARIS,B2B,Paaltoparmaturen modern",TRUE,Title,Default Title,LP-PO102,385.00,continue,manual,TRUE,TRUE,https://lichtplein.nl/img/p/lp-po102-1-l.webp,1,active
lp-po102,,,,,,,,,,,,,,,https://lichtplein.nl/img/p/lp-po102-2-l.webp,2,
lp-po102,,,,,,,,,,,,,,,https://lichtplein.nl/img/p/lp-po102-3-l.webp,3,
lp-po102,,,,,,,,,,,,,,,https://lichtplein.nl/img/p/lp-po102-4-l.webp,4,
lp-po103,Afstandsbediening vermogen en kleurtemperatuur,<p>Afstandsbediening vermogen en kleurtemperatuur. Toebehoren voor de led paaltoparmatuur uit de serie POLARIS.</p><ul><li>Past op de armaturen uit deze serie</li><li>Direct uit voorraad</li></ul><h3>Specificaties</h3><table><tr><td>Garantie</td><td>5 jaar</td></tr></table><p>Minimale afname 2 stuks. Projectprijs vanaf 100 stuks op aanvraag. Levering binnen 5 werkdagen.</p>,Lichtplein,POLARIS,"POLARIS,B2B,Toebehoren",TRUE,Title,Default Title,LP-PO103,13.25,continue,manual,TRUE,TRUE,https://lichtplein.nl/img/p/lp-po103-1-l.webp,1,active
lp-po103,,,,,,,,,,,,,,,https://lichtplein.nl/img/p/lp-po103-2-l.webp,2,
lp-po104,LED paaltoparmatuur klassiek 40W 4.000 lm 4000K,"<p>Klassieke LED paaltoparmatuur in lantaarnstijl met grijze behuizing, 140 lm/W en CREE-leds. Past op masten van 80 mm. Voor historische centra, parken en landgoederen.</p><ul><li>Klassiek lantaarnmodel</li><li>140 lm/W</li><li>CREE-leds</li><li>Mast 80 mm</li><li>5 jaar garantie</li></ul><h3>Specificaties</h3><table><tr><td>Vermogen</td><td>40W</td></tr><tr><td>Lichtstroom</td><td>4.000 lm</td></tr><tr><td>Lichtrendement</td><td>140 lm/W</td></tr><tr><td>Kleurtemperatuur</td><td>4000K</td></tr><tr><td>Kleurweergave (CRI)</td><td>&gt; 70</td></tr><tr><td>Lichtverdeling</td><td>120°</td></tr><tr><td>Driver</td><td>Sosen</td></tr><tr><td>LED-chip</td><td>CREE</td></tr><tr><td>Dimming en besturing</td><td>niet dimbaar</td></tr><tr><td>Mastopname</td><td>Ø 80 mm</td></tr><tr><td>IP-klasse</td><td>IP66</td></tr><tr><td>Garantie</td><td>5 jaar</td></tr></table><p>Minimale afname 1 stuk. Projectprijs vanaf 100 stuks op aanvraag. Levering binnen 5 werkdagen.</p>",Lichtplein,POLARIS,"POLARIS,B2B,Paaltoparmaturen klassiek",TRUE,Title,Default Title,LP-PO104,319.00,continue,manual,TRUE,TRUE,https://lichtplein.nl/img/p/lp-po104-1-l.webp,1,active
lp-po104,,,,,,,,,,,,,,,https://lichtplein.nl/img/p/lp-po104-2-l.webp,2,
lp-po104,,,,,,,,,,,,,,,https://lichtplein.nl/img/p/lp-po104-3-l.webp,3,
lp-pr101,"Enkelpolige schakelaar, wit","<p>Betrouwbaar basisschakelmateriaal voor de bouw en renovatie. Leverbaar met en zonder afdekraam, in wit en zand, inclusief opbouwvarianten. Scherp geprijsd bij afname per 10 stuks.</p><ul><li>CE-gecertificeerd</li><li>Schroefklem</li><li>Past in standaard inbouwdoos</li></ul><h3>Specificaties</h3><table><tr><td>Montage</td><td>Inbouw</td></tr><tr><td>IP-klasse</td><td>IP20</td></tr><tr><td>Afdekraam</td><td>Inclusief afdekraam</td></tr><tr><td>Nominale stroom</td><td>10 A</td></tr><tr><td>Aansluitklem</td><td>Schroefklem</td></tr><tr><td>Kleur</td><td>wit</td></tr><tr><td>Spanning</td><td>230 V</td></tr></table><p>Minimale afname 10 stuks. Projectprijs vanaf 100 stuks op aanvraag. Levering binnen 5 werkdagen.</p>",Lichtplein,PRIMA,"PRIMA,B2B,Schakelaars",TRUE,Title,Default Title,LP-PR101,10.05,continue,manual,TRUE,TRUE,https://lichtplein.nl/img/p/lp-pr101-1-l.webp,1,active
lp-pr101,,,,,,,,,,,,,,,https://lichtplein.nl/img/p/lp-pr101-2-l.webp,2,
lp-pr101,,,,,,,,,,,,,,,https://lichtplein.nl/img/p/lp-pr101-3-l.webp,3,
lp-pr101,,,,,,,,,,,,,,,https://lichtplein.nl/img/p/lp-pr101-4-l.webp,4,
lp-pr102,"Enkelpolige schakelaar, wit","<p>Betrouwbaar basisschakelmateriaal voor de bouw en renovatie. Leverbaar met en zonder afdekraam, in wit en zand, inclusief opbouwvarianten. Scherp geprijsd bij afname per 10 stuks.</p><ul><li>CE-gecertificeerd</li><li>Schroefklem</li><li>Past in standaard inbouwdoos</li></ul><h3>Specificaties</h3><table><tr><td>Montage</td><td>Inbouw</td></tr><tr><td>IP-klasse</td><td>IP20</td></tr><tr><td>Afdekraam</td><td>Zonder afdekraam (apart bestellen)</td></tr><tr><td>Nominale stroom</td><td>10 A</td></tr><tr><td>Aansluitklem</td><td>Schroefklem</td></tr><tr><td>Kleur</td><td>wit</td></tr><tr><td>Spanning</td><td>230 V</td></tr></table><p>Minimale afname 10 stuks. Projectprijs vanaf 100 stuks op aanvraag. Levering binnen 5 werkdagen.</p>",Lichtplein,PRIMA,"PRIMA,B2B,Schakelaars",TRUE,Title,Default Title,LP-PR102,8.85,continue,manual,TRUE,TRUE,https://lichtplein.nl/img/p/lp-pr102-1-l.webp,1,active
lp-pr102,,,,,,,,,,,,,,,https://lichtplein.nl/img/p/lp-pr102-2-l.webp,2,
lp-pr102,,,,,,,,,,,,,,,https://lichtplein.nl/img/p/lp-pr102-3-l.webp,3,
lp-pr102,,,,,,,,,,,,,,,https://lichtplein.nl/img/p/lp-pr102-4-l.webp,4,
lp-pr103,"Enkelpolige schakelaar, wit, set van 10","<p>Betrouwbaar basisschakelmateriaal voor de bouw en renovatie. Leverbaar met en zonder afdekraam, in wit en zand, inclusief opbouwvarianten. Scherp geprijsd bij afname per 10 stuks.</p><ul><li>CE-gecertificeerd</li><li>Schroefklem</li><li>Past in standaard inbouwdoos</li></ul><h3>Specificaties</h3><table><tr><td>Montage</td><td>Inbouw</td></tr><tr><td>IP-klasse</td><td>IP20</td></tr><tr><td>Afdekraam</td><td>Zonder afdekraam (apart bestellen)</td></tr><tr><td>Nominale stroom</td><td>10 A</td></tr><tr><td>Aansluitklem</td><td>Schroefklem</td></tr><tr><td>Kleur</td><td>wit</td></tr><tr><td>Spanning</td><td>230 V</td></tr><tr><td>Verpakking</td><td>10 stuks</td></tr></table><p>Minimale afname 1 set. Projectprijs vanaf 100 stuks op aanvraag. Levering binnen 5 werkdagen.</p>",Lichtplein,PRIMA,"PRIMA,B2B,Schakelaars",TRUE,Title,Default Title,LP-PR103,85.65,continue,manual,TRUE,TRUE,https://lichtplein.nl/img/p/lp-pr103-1-l.webp,1,active
lp-pr103,,,,,,,,,,,,,,,https://lichtplein.nl/img/p/lp-pr103-2-l.webp,2,
lp-pr103,,,,,,,,,,,,,,,https://lichtplein.nl/img/p/lp-pr103-3-l.webp,3,
lp-pr103,,,,,,,,,,,,,,,https://lichtplein.nl/img/p/lp-pr103-4-l.webp,4,
lp-pr104,"Pulsdrukker enkel, wit","<p>Betrouwbaar basisschakelmateriaal voor de bouw en renovatie. Leverbaar met en zonder afdekraam, in wit en zand, inclusief opbouwvarianten. Scherp geprijsd bij afname per 10 stuks.</p><ul><li>CE-gecertificeerd</li><li>Schroefklem</li><li>Past in standaard inbouwdoos</li></ul><h3>Specificaties</h3><table><tr><td>Montage</td><td>Inbouw</td></tr><tr><td>IP-klasse</td><td>IP20</td></tr><tr><td>Afdekraam</td><td>Zonder afdekraam (apart bestellen)</td></tr><tr><td>Nominale stroom</td><td>10 A</td></tr><tr><td>Aansluitklem</td><td>Schroefklem</td></tr><tr><td>Kleur</td><td>wit</td></tr><tr><td>Spanning</td><td>230 V</td></tr></table><p>Minimale afname 10 stuks. Projectprijs vanaf 100 stuks op aanvraag. Levering binnen 5 werkdagen.</p>",Lichtplein,PRIMA,"PRIMA,B2B,Schakelaars",TRUE,Title,Default Title,LP-PR104,9.25,continue,manual,TRUE,TRUE,https://lichtplein.nl/img/p/lp-pr104-1-l.webp,1,active
lp-pr104,,,,,,,,,,,,,,,https://lichtplein.nl/img/p/lp-pr104-2-l.webp,2,
lp-pr104,,,,,,,,,,,,,,,https://lichtplein.nl/img/p/lp-pr104-3-l.webp,3,
lp-pr105,"Serieschakelaar (2-voudig), wit","<p>Betrouwbaar basisschakelmateriaal voor de bouw en renovatie. Leverbaar met en zonder afdekraam, in wit en zand, inclusief opbouwvarianten. Scherp geprijsd bij afname per 10 stuks.</p><ul><li>CE-gecertificeerd</li><li>Schroefklem</li><li>Past in standaard inbouwdoos</li></ul><h3>Specificaties</h3><table><tr><td>Montage</td><td>Inbouw</td></tr><tr><td>IP-klasse</td><td>IP20</td></tr><tr><td>Afdekraam</td><td>Inclusief afdekraam</td></tr><tr><td>Nominale stroom</td><td>10 A</td></tr><tr><td>Aansluitklem</td><td>Schroefklem</td></tr><tr><td>Kleur</td><td>wit</td></tr><tr><td>Spanning</td><td>230 V</td></tr></table><p>Minimale afname 10 stuks. Projectprijs vanaf 100 stuks op aanvraag. Levering binnen 5 werkdagen.</p>",Lichtplein,PRIMA,"PRIMA,B2B,Schakelaars",TRUE,Title,Default Title,LP-PR105,11.29,continue,manual,TRUE,TRUE,https://lichtplein.nl/img/p/lp-pr105-1-l.webp,1,active
lp-pr105,,,,,,,,,,,,,,,https://lichtplein.nl/img/p/lp-pr105-2-l.webp,2,
lp-pr105,,,,,,,,,,,,,,,https://lichtplein.nl/img/p/lp-pr105-3-l.webp,3,
lp-pr105,,,,,,,,,,,,,,,https://lichtplein.nl/img/p/lp-pr105-4-l.webp,4,
lp-pr106,"Serieschakelaar (2-voudig), wit","<p>Betrouwbaar basisschakelmateriaal voor de bouw en renovatie. Leverbaar met en zonder afdekraam, in wit en zand, inclusief opbouwvarianten. Scherp geprijsd bij afname per 10 stuks.</p><ul><li>CE-gecertificeerd</li><li>Schroefklem</li><li>Past in standaard inbouwdoos</li></ul><h3>Specificaties</h3><table><tr><td>Montage</td><td>Inbouw</td></tr><tr><td>IP-klasse</td><td>IP20</td></tr><tr><td>Afdekraam</td><td>Zonder afdekraam (apart bestellen)</td></tr><tr><td>Nominale stroom</td><td>10 A</td></tr><tr><td>Aansluitklem</td><td>Schroefklem</td></tr><tr><td>Kleur</td><td>wit</td></tr><tr><td>Spanning</td><td>230 V</td></tr></table><p>Minimale afname 10 stuks. Projectprijs vanaf 100 stuks op aanvraag. Levering binnen 5 werkdagen.</p>",Lichtplein,PRIMA,"PRIMA,B2B,Schakelaars",TRUE,Title,Default Title,LP-PR106,10.05,continue,manual,TRUE,TRUE,https://lichtplein.nl/img/p/lp-pr106-1-l.webp,1,active
lp-pr107,"Serieschakelaar (2-voudig), wit, set van 10","<p>Betrouwbaar basisschakelmateriaal voor de bouw en renovatie. Leverbaar met en zonder afdekraam, in wit en zand, inclusief opbouwvarianten. Scherp geprijsd bij afname per 10 stuks.</p><ul><li>CE-gecertificeerd</li><li>Schroefklem</li><li>Past in standaard inbouwdoos</li></ul><h3>Specificaties</h3><table><tr><td>Montage</td><td>Inbouw</td></tr><tr><td>IP-klasse</td><td>IP20</td></tr><tr><td>Afdekraam</td><td>Zonder afdekraam (apart bestellen)</td></tr><tr><td>Nominale stroom</td><td>10 A</td></tr><tr><td>Aansluitklem</td><td>Schroefklem</td></tr><tr><td>Kleur</td><td>wit</td></tr><tr><td>Spanning</td><td>230 V</td></tr><tr><td>Verpakking</td><td>10 stuks</td></tr></table><p>Minimale afname 1 set. Projectprijs vanaf 100 stuks op aanvraag. Levering binnen 5 werkdagen.</p>",Lichtplein,PRIMA,"PRIMA,B2B,Schakelaars",TRUE,Title,Default Title,LP-PR107,97.55,continue,manual,TRUE,TRUE,https://lichtplein.nl/img/p/lp-pr107-1-l.webp,1,active
lp-pr108,"Drievoudige schakelaar, wit","<p>Betrouwbaar basisschakelmateriaal voor de bouw en renovatie. Leverbaar met en zonder afdekraam, in wit en zand, inclusief opbouwvarianten. Scherp geprijsd bij afname per 10 stuks.</p><ul><li>CE-gecertificeerd</li><li>Schroefklem</li><li>Past in standaard inbouwdoos</li></ul><h3>Specificaties</h3><table><tr><td>Montage</td><td>Inbouw</td></tr><tr><td>IP-klasse</td><td>IP20</td></tr><tr><td>Afdekraam</td><td>Zonder afdekraam (apart bestellen)</td></tr><tr><td>Nominale stroom</td><td>16 A</td></tr><tr><td>Aansluitklem</td><td>Schroefklem</td></tr><tr><td>Kleur</td><td>wit</td></tr><tr><td>Spanning</td><td>230 V</td></tr></table><p>Minimale afname 10 stuks. Projectprijs vanaf 100 stuks op aanvraag. Levering binnen 5 werkdagen.</p>",Lichtplein,PRIMA,"PRIMA,B2B,Schakelaars",TRUE,Title,Default Title,LP-PR108,16.55,continue,manual,TRUE,TRUE,https://lichtplein.nl/img/p/lp-pr108-1-l.webp,1,active
lp-pr109,"Drievoudige schakelaar, wit","<p>Betrouwbaar basisschakelmateriaal voor de bouw en renovatie. Leverbaar met en zonder afdekraam, in wit en zand, inclusief opbouwvarianten. Scherp geprijsd bij afname per 10 stuks.</p><ul><li>CE-gecertificeerd</li><li>Schroefklem</li><li>Past in standaard inbouwdoos</li></ul><h3>Specificaties</h3><table><tr><td>Montage</td><td>Inbouw</td></tr><tr><td>IP-klasse</td><td>IP20</td></tr><tr><td>Afdekraam</td><td>Zonder afdekraam (apart bestellen)</td></tr><tr><td>Nominale stroom</td><td>16 A</td></tr><tr><td>Aansluitklem</td><td>Schroefklem</td></tr><tr><td>Kleur</td><td>wit</td></tr><tr><td>Spanning</td><td>230 V</td></tr></table><p>Minimale afname 10 stuks. Projectprijs vanaf 100 stuks op aanvraag. Levering binnen 5 werkdagen.</p>",Lichtplein,PRIMA,"PRIMA,B2B,Schakelaars",TRUE,Title,Default Title,LP-PR109,15.35,continue,manual,TRUE,TRUE,https://lichtplein.nl/img/p/lp-pr109-1-l.webp,1,active
lp-pr110,"Enkelpolige schakelaar IP44, wit","<p>Betrouwbaar basisschakelmateriaal voor de bouw en renovatie. Leverbaar met en zonder afdekraam, in wit en zand, inclusief opbouwvarianten. Scherp geprijsd bij afname per 10 stuks.</p><ul><li>CE-gecertificeerd</li><li>Schroefklem</li><li>Past in standaard inbouwdoos</li></ul><h3>Specificaties</h3><table><tr><td>Montage</td><td>Inbouw</td></tr><tr><td>IP-klasse</td><td>IP44</td></tr><tr><td>Afdekraam</td><td>Inclusief afdekraam</td></tr><tr><td>Nominale stroom</td><td>10 A</td></tr><tr><td>Aansluitklem</td><td>Schroefklem</td></tr><tr><td>Kleur</td><td>wit</td></tr><tr><td>Spanning</td><td>230 V</td></tr></table><p>Minimale afname 10 stuks. Projectprijs vanaf 100 stuks op aanvraag. Levering binnen 5 werkdagen.</p>",Lichtplein,PRIMA,"PRIMA,B2B,Schakelaars",TRUE,Title,Default Title,LP-PR110,15.25,continue,manual,TRUE,TRUE,https://lichtplein.nl/img/p/lp-pr110-1-l.webp,1,active
lp-pr111,"Serieschakelaar (2-voudig) IP44, wit","<p>Betrouwbaar basisschakelmateriaal voor de bouw en renovatie. Leverbaar met en zonder afdekraam, in wit en zand, inclusief opbouwvarianten. Scherp geprijsd bij afname per 10 stuks.</p><ul><li>CE-gecertificeerd</li><li>Schroefklem</li><li>Past in standaard inbouwdoos</li></ul><h3>Specificaties</h3><table><tr><td>Montage</td><td>Inbouw</td></tr><tr><td>IP-klasse</td><td>IP44</td></tr><tr><td>Afdekraam</td><td>Inclusief afdekraam</td></tr><tr><td>Nominale stroom</td><td>10 A</td></tr><tr><td>Aansluitklem</td><td>Schroefklem</td></tr><tr><td>Kleur</td><td>wit</td></tr><tr><td>Spanning</td><td>230 V</td></tr></table><p>Minimale afname 10 stuks. Projectprijs vanaf 100 stuks op aanvraag. Levering binnen 5 werkdagen.</p>",Lichtplein,PRIMA,"PRIMA,B2B,Schakelaars",TRUE,Title,Default Title,LP-PR111,16.45,continue,manual,TRUE,TRUE,https://lichtplein.nl/img/p/lp-pr111-1-l.webp,1,active
lp-pr111,,,,,,,,,,,,,,,https://lichtplein.nl/img/p/lp-pr111-2-l.webp,2,
lp-pr112,"Enkelpolige schakelaar met controlelampje, wit","<p>Betrouwbaar basisschakelmateriaal voor de bouw en renovatie. Leverbaar met en zonder afdekraam, in wit en zand, inclusief opbouwvarianten. Scherp geprijsd bij afname per 10 stuks.</p><ul><li>CE-gecertificeerd</li><li>Schroefklem</li><li>Past in standaard inbouwdoos</li></ul><h3>Specificaties</h3><table><tr><td>Montage</td><td>Inbouw</td></tr><tr><td>IP-klasse</td><td>IP20</td></tr><tr><td>Afdekraam</td><td>Inclusief afdekraam</td></tr><tr><td>Nominale stroom</td><td>10 A</td></tr><tr><td>Aansluitklem</td><td>Schroefklem</td></tr><tr><td>Kleur</td><td>wit</td></tr><tr><td>Spanning</td><td>230 V</td></tr></table><p>Minimale afname 10 stuks. Projectprijs vanaf 100 stuks op aanvraag. Levering binnen 5 werkdagen.</p>",Lichtplein,PRIMA,"PRIMA,B2B,Schakelaars",TRUE,Title,Default Title,LP-PR112,12.45,continue,manual,TRUE,TRUE,https://lichtplein.nl/img/p/lp-pr112-1-l.webp,1,active
lp-pr113,"Enkelpolige schakelaar met controlelampje, wit","<p>Betrouwbaar basisschakelmateriaal voor de bouw en renovatie. Leverbaar met en zonder afdekraam, in wit en zand, inclusief opbouwvarianten. Scherp geprijsd bij afname per 10 stuks.</p><ul><li>CE-gecertificeerd</li><li>Schroefklem</li><li>Past in standaard inbouwdoos</li></ul><h3>Specificaties</h3><table><tr><td>Montage</td><td>Inbouw</td></tr><tr><td>IP-klasse</td><td>IP20</td></tr><tr><td>Afdekraam</td><td>Zonder afdekraam (apart bestellen)</td></tr><tr><td>Nominale stroom</td><td>10 A</td></tr><tr><td>Aansluitklem</td><td>Schroefklem</td></tr><tr><td>Kleur</td><td>wit</td></tr><tr><td>Spanning</td><td>230 V</td></tr></table><p>Minimale afname 10 stuks. Projectprijs vanaf 100 stuks op aanvraag. Levering binnen 5 werkdagen.</p>",Lichtplein,PRIMA,"PRIMA,B2B,Schakelaars",TRUE,Title,Default Title,LP-PR113,11.29,continue,manual,TRUE,TRUE,https://lichtplein.nl/img/p/lp-pr113-1-l.webp,1,active
lp-pr114,"Serieschakelaar (2-voudig) met controlelampje, wit","<p>Betrouwbaar basisschakelmateriaal voor de bouw en renovatie. Leverbaar met en zonder afdekraam, in wit en zand, inclusief opbouwvarianten. Scherp geprijsd bij afname per 10 stuks.</p><ul><li>CE-gecertificeerd</li><li>Schroefklem</li><li>Past in standaard inbouwdoos</li></ul><h3>Specificaties</h3><table><tr><td>Montage</td><td>Inbouw</td></tr><tr><td>IP-klasse</td><td>IP20</td></tr><tr><td>Afdekraam</td><td>Inclusief afdekraam</td></tr><tr><td>Nominale stroom</td><td>10 A</td></tr><tr><td>Aansluitklem</td><td>Schroefklem</td></tr><tr><td>Kleur</td><td>wit</td></tr><tr><td>Spanning</td><td>230 V</td></tr></table><p>Minimale afname 10 stuks. Projectprijs vanaf 100 stuks op aanvraag. Levering binnen 5 werkdagen.</p>",Lichtplein,PRIMA,"PRIMA,B2B,Schakelaars",TRUE,Title,Default Title,LP-PR114,13.69,continue,manual,TRUE,TRUE,https://lichtplein.nl/img/p/lp-pr114-1-l.webp,1,active
lp-pr114,,,,,,,,,,,,,,,https://lichtplein.nl/img/p/lp-pr114-2-l.webp,2,
lp-pr115,"Serieschakelaar (2-voudig) met controlelampje, wit","<p>Betrouwbaar basisschakelmateriaal voor de bouw en renovatie. Leverbaar met en zonder afdekraam, in wit en zand, inclusief opbouwvarianten. Scherp geprijsd bij afname per 10 stuks.</p><ul><li>CE-gecertificeerd</li><li>Schroefklem</li><li>Past in standaard inbouwdoos</li></ul><h3>Specificaties</h3><table><tr><td>Montage</td><td>Inbouw</td></tr><tr><td>IP-klasse</td><td>IP20</td></tr><tr><td>Afdekraam</td><td>Zonder afdekraam (apart bestellen)</td></tr><tr><td>Nominale stroom</td><td>10 A</td></tr><tr><td>Aansluitklem</td><td>Schroefklem</td></tr><tr><td>Kleur</td><td>wit</td></tr><tr><td>Spanning</td><td>230 V</td></tr></table><p>Minimale afname 10 stuks. Projectprijs vanaf 100 stuks op aanvraag. Levering binnen 5 werkdagen.</p>",Lichtplein,PRIMA,"PRIMA,B2B,Schakelaars",TRUE,Title,Default Title,LP-PR115,12.45,continue,manual,TRUE,TRUE,https://lichtplein.nl/img/p/lp-pr115-1-l.webp,1,active
lp-pr115,,,,,,,,,,,,,,,https://lichtplein.nl/img/p/lp-pr115-2-l.webp,2,
lp-pr116,"Wisselschakelaar, wit","<p>Betrouwbaar basisschakelmateriaal voor de bouw en renovatie. Leverbaar met en zonder afdekraam, in wit en zand, inclusief opbouwvarianten. Scherp geprijsd bij afname per 10 stuks.</p><ul><li>CE-gecertificeerd</li><li>Schroefklem</li><li>Past in standaard inbouwdoos</li></ul><h3>Specificaties</h3><table><tr><td>Montage</td><td>Inbouw</td></tr><tr><td>IP-klasse</td><td>IP20</td></tr><tr><td>Afdekraam</td><td>Inclusief afdekraam</td></tr><tr><td>Nominale stroom</td><td>10 A</td></tr><tr><td>Aansluitklem</td><td>Schroefklem</td></tr><tr><td>Kleur</td><td>wit</td></tr><tr><td>Spanning</td><td>230 V</td></tr></table><p>Minimale afname 10 stuks. Projectprijs vanaf 100 stuks op aanvraag. Levering binnen 5 werkdagen.</p>",Lichtplein,PRIMA,"PRIMA,B2B,Schakelaars",TRUE,Title,Default Title,LP-PR116,11.25,continue,manual,TRUE,TRUE,https://lichtplein.nl/img/p/lp-pr116-1-l.webp,1,active
lp-pr117,"Wisselschakelaar, wit","<p>Betrouwbaar basisschakelmateriaal voor de bouw en renovatie. Leverbaar met en zonder afdekraam, in wit en zand, inclusief opbouwvarianten. Scherp geprijsd bij afname per 10 stuks.</p><ul><li>CE-gecertificeerd</li><li>Schroefklem</li><li>Past in standaard inbouwdoos</li></ul><h3>Specificaties</h3><table><tr><td>Montage</td><td>Inbouw</td></tr><tr><td>IP-klasse</td><td>IP20</td></tr><tr><td>Afdekraam</td><td>Zonder afdekraam (apart bestellen)</td></tr><tr><td>Nominale stroom</td><td>10 A</td></tr><tr><td>Aansluitklem</td><td>Schroefklem</td></tr><tr><td>Kleur</td><td>wit</td></tr><tr><td>Spanning</td><td>230 V</td></tr></table><p>Minimale afname 10 stuks. Projectprijs vanaf 100 stuks op aanvraag. Levering binnen 5 werkdagen.</p>",Lichtplein,PRIMA,"PRIMA,B2B,Schakelaars",TRUE,Title,Default Title,LP-PR117,10.05,continue,manual,TRUE,TRUE,https://lichtplein.nl/img/p/lp-pr117-1-l.webp,1,active
lp-pr118,"Wisselschakelaar IP44, wit","<p>Betrouwbaar basisschakelmateriaal voor de bouw en renovatie. Leverbaar met en zonder afdekraam, in wit en zand, inclusief opbouwvarianten. Scherp geprijsd bij afname per 10 stuks.</p><ul><li>CE-gecertificeerd</li><li>Schroefklem</li><li>Past in standaard inbouwdoos</li></ul><h3>Specificaties</h3><table><tr><td>Montage</td><td>Inbouw</td></tr><tr><td>IP-klasse</td><td>IP44</td></tr><tr><td>Afdekraam</td><td>Inclusief afdekraam</td></tr><tr><td>Nominale stroom</td><td>10 A</td></tr><tr><td>Aansluitklem</td><td>Schroefklem</td></tr><tr><td>Kleur</td><td>wit</td></tr><tr><td>Spanning</td><td>230 V</td></tr></table><p>Minimale afname 10 stuks. Projectprijs vanaf 100 stuks op aanvraag. Levering binnen 5 werkdagen.</p>",Lichtplein,PRIMA,"PRIMA,B2B,Schakelaars",TRUE,Title,Default Title,LP-PR118,14.95,continue,manual,TRUE,TRUE,https://lichtplein.nl/img/p/lp-pr118-1-l.webp,1,active
lp-pr118,,,,,,,,,,,,,,,https://lichtplein.nl/img/p/lp-pr118-2-l.webp,2,
lp-pr119,"Kruisschakelaar, wit","<p>Betrouwbaar basisschakelmateriaal voor de bouw en renovatie. Leverbaar met en zonder afdekraam, in wit en zand, inclusief opbouwvarianten. Scherp geprijsd bij afname per 10 stuks.</p><ul><li>CE-gecertificeerd</li><li>Schroefklem</li><li>Past in standaard inbouwdoos</li></ul><h3>Specificaties</h3><table><tr><td>Montage</td><td>Inbouw</td></tr><tr><td>IP-klasse</td><td>IP20</td></tr><tr><td>Afdekraam</td><td>Zonder afdekraam (apart bestellen)</td></tr><tr><td>Nominale stroom</td><td>10 A</td></tr><tr><td>Aansluitklem</td><td>Schroefklem</td></tr><tr><td>Kleur</td><td>wit</td></tr><tr><td>Spanning</td><td>230 V</td></tr></table><p>Minimale afname 10 stuks. Projectprijs vanaf 100 stuks op aanvraag. Levering binnen 5 werkdagen.</p>",Lichtplein,PRIMA,"PRIMA,B2B,Schakelaars",TRUE,Title,Default Title,LP-PR119,13.49,continue,manual,TRUE,TRUE,https://lichtplein.nl/img/p/lp-pr119-1-l.webp,1,active
lp-pr120,"Dubbele wisselschakelaar, wit","<p>Betrouwbaar basisschakelmateriaal voor de bouw en renovatie. Leverbaar met en zonder afdekraam, in wit en zand, inclusief opbouwvarianten. Scherp geprijsd bij afname per 10 stuks.</p><ul><li>CE-gecertificeerd</li><li>Schroefklem</li><li>Past in standaard inbouwdoos</li></ul><h3>Specificaties</h3><table><tr><td>Montage</td><td>Inbouw</td></tr><tr><td>IP-klasse</td><td>IP20</td></tr><tr><td>Afdekraam</td><td>Inclusief afdekraam</td></tr><tr><td>Nominale stroom</td><td>16 A</td></tr><tr><td>Aansluitklem</td><td>Schroefklem</td></tr><tr><td>Kleur</td><td>wit</td></tr><tr><td>Spanning</td><td>230 V</td></tr></table><p>Minimale afname 10 stuks. Projectprijs vanaf 100 stuks op aanvraag. Levering binnen 5 werkdagen.</p>",Lichtplein,PRIMA,"PRIMA,B2B,Schakelaars",TRUE,Title,Default Title,LP-PR120,16.85,continue,manual,TRUE,TRUE,https://lichtplein.nl/img/p/lp-pr120-1-l.webp,1,active
lp-pr121,"Dubbele wisselschakelaar, wit","<p>Betrouwbaar basisschakelmateriaal voor de bouw en renovatie. Leverbaar met en zonder afdekraam, in wit en zand, inclusief opbouwvarianten. Scherp geprijsd bij afname per 10 stuks.</p><ul><li>CE-gecertificeerd</li><li>Schroefklem</li><li>Past in standaard inbouwdoos</li></ul><h3>Specificaties</h3><table><tr><td>Montage</td><td>Inbouw</td></tr><tr><td>IP-klasse</td><td>IP20</td></tr><tr><td>Afdekraam</td><td>Zonder afdekraam (apart bestellen)</td></tr><tr><td>Nominale stroom</td><td>16 A</td></tr><tr><td>Aansluitklem</td><td>Schroefklem</td></tr><tr><td>Kleur</td><td>wit</td></tr><tr><td>Spanning</td><td>230 V</td></tr></table><p>Minimale afname 10 stuks. Projectprijs vanaf 100 stuks op aanvraag. Levering binnen 5 werkdagen.</p>",Lichtplein,PRIMA,"PRIMA,B2B,Schakelaars",TRUE,Title,Default Title,LP-PR121,15.55,continue,manual,TRUE,TRUE,https://lichtplein.nl/img/p/lp-pr121-1-l.webp,1,active
lp-pr122,"Beldrukker, wit","<p>Betrouwbaar basisschakelmateriaal voor de bouw en renovatie. Leverbaar met en zonder afdekraam, in wit en zand, inclusief opbouwvarianten. Scherp geprijsd bij afname per 10 stuks.</p><ul><li>CE-gecertificeerd</li><li>Schroefklem</li><li>Past in standaard inbouwdoos</li></ul><h3>Specificaties</h3><table><tr><td>Montage</td><td>Inbouw</td></tr><tr><td>IP-klasse</td><td>IP20</td></tr><tr><td>Afdekraam</td><td>Inclusief afdekraam</td></tr><tr><td>Nominale stroom</td><td>10 A</td></tr><tr><td>Aansluitklem</td><td>Schroefklem</td></tr><tr><td>Kleur</td><td>wit</td></tr><tr><td>Spanning</td><td>230 V</td></tr></table><p>Minimale afname 10 stuks. Projectprijs vanaf 100 stuks op aanvraag. Levering binnen 5 werkdagen.</p>",Lichtplein,PRIMA,"PRIMA,B2B,Schakelaars",TRUE,Title,Default Title,LP-PR122,10.05,continue,manual,TRUE,TRUE,https://lichtplein.nl/img/p/lp-pr122-1-l.webp,1,active
lp-pr122,,,,,,,,,,,,,,,https://lichtplein.nl/img/p/lp-pr122-2-l.webp,2,
lp-pr123,"Beldrukker, wit","<p>Betrouwbaar basisschakelmateriaal voor de bouw en renovatie. Leverbaar met en zonder afdekraam, in wit en zand, inclusief opbouwvarianten. Scherp geprijsd bij afname per 10 stuks.</p><ul><li>CE-gecertificeerd</li><li>Schroefklem</li><li>Past in standaard inbouwdoos</li></ul><h3>Specificaties</h3><table><tr><td>Montage</td><td>Inbouw</td></tr><tr><td>IP-klasse</td><td>IP20</td></tr><tr><td>Afdekraam</td><td>Zonder afdekraam (apart bestellen)</td></tr><tr><td>Nominale stroom</td><td>10 A</td></tr><tr><td>Aansluitklem</td><td>Schroefklem</td></tr><tr><td>Kleur</td><td>wit</td></tr><tr><td>Spanning</td><td>230 V</td></tr></table><p>Minimale afname 10 stuks. Projectprijs vanaf 100 stuks op aanvraag. Levering binnen 5 werkdagen.</p>",Lichtplein,PRIMA,"PRIMA,B2B,Schakelaars",TRUE,Title,Default Title,LP-PR123,9.05,continue,manual,TRUE,TRUE,https://lichtplein.nl/img/p/lp-pr123-1-l.webp,1,active
lp-pr123,,,,,,,,,,,,,,,https://lichtplein.nl/img/p/lp-pr123-2-l.webp,2,
lp-pr124,"Beldrukker IP44, wit","<p>Betrouwbaar basisschakelmateriaal voor de bouw en renovatie. Leverbaar met en zonder afdekraam, in wit en zand, inclusief opbouwvarianten. Scherp geprijsd bij afname per 10 stuks.</p><ul><li>CE-gecertificeerd</li><li>Schroefklem</li><li>Past in standaard inbouwdoos</li></ul><h3>Specificaties</h3><table><tr><td>Montage</td><td>Inbouw</td></tr><tr><td>IP-klasse</td><td>IP44</td></tr><tr><td>Afdekraam</td><td>Inclusief afdekraam</td></tr><tr><td>Nominale stroom</td><td>10 A</td></tr><tr><td>Aansluitklem</td><td>Schroefklem</td></tr><tr><td>Kleur</td><td>wit</td></tr><tr><td>Spanning</td><td>230 V</td></tr></table><p>Minimale afname 10 stuks. Projectprijs vanaf 100 stuks op aanvraag. Levering binnen 5 werkdagen.</p>",Lichtplein,PRIMA,"PRIMA,B2B,Schakelaars",TRUE,Title,Default Title,LP-PR124,12.69,continue,manual,TRUE,TRUE,https://lichtplein.nl/img/p/lp-pr124-1-l.webp,1,active
lp-pr125,"Sleutelschakelaar, wit","<p>Betrouwbaar basisschakelmateriaal voor de bouw en renovatie. Leverbaar met en zonder afdekraam, in wit en zand, inclusief opbouwvarianten. Scherp geprijsd bij afname per 10 stuks.</p><ul><li>CE-gecertificeerd</li><li>Schroefklem</li><li>Past in standaard inbouwdoos</li></ul><h3>Specificaties</h3><table><tr><td>Montage</td><td>Inbouw</td></tr><tr><td>IP-klasse</td><td>IP20</td></tr><tr><td>Afdekraam</td><td>Inclusief afdekraam</td></tr><tr><td>Nominale stroom</td><td>10 A</td></tr><tr><td>Aansluitklem</td><td>Schroefklem</td></tr><tr><td>Kleur</td><td>wit</td></tr><tr><td>Spanning</td><td>230 V</td></tr></table><p>Minimale afname 10 stuks. Projectprijs vanaf 100 stuks op aanvraag. Levering binnen 5 werkdagen.</p>",Lichtplein,PRIMA,"PRIMA,B2B,Schakelaars",TRUE,Title,Default Title,LP-PR125,12.75,continue,manual,TRUE,TRUE,https://lichtplein.nl/img/p/lp-pr125-1-l.webp,1,active
lp-pr125,,,,,,,,,,,,,,,https://lichtplein.nl/img/p/lp-pr125-2-l.webp,2,
lp-pr125,,,,,,,,,,,,,,,https://lichtplein.nl/img/p/lp-pr125-3-l.webp,3,
lp-pr126,"Sleutelschakelaar, wit","<p>Betrouwbaar basisschakelmateriaal voor de bouw en renovatie. Leverbaar met en zonder afdekraam, in wit en zand, inclusief opbouwvarianten. Scherp geprijsd bij afname per 10 stuks.</p><ul><li>CE-gecertificeerd</li><li>Schroefklem</li><li>Past in standaard inbouwdoos</li></ul><h3>Specificaties</h3><table><tr><td>Montage</td><td>Inbouw</td></tr><tr><td>IP-klasse</td><td>IP20</td></tr><tr><td>Afdekraam</td><td>Inclusief afdekraam</td></tr><tr><td>Nominale stroom</td><td>10 A</td></tr><tr><td>Aansluitklem</td><td>Schroefklem</td></tr><tr><td>Kleur</td><td>wit</td></tr><tr><td>Spanning</td><td>230 V</td></tr></table><p>Minimale afname 10 stuks. Projectprijs vanaf 100 stuks op aanvraag. Levering binnen 5 werkdagen.</p>",Lichtplein,PRIMA,"PRIMA,B2B,Schakelaars",TRUE,Title,Default Title,LP-PR126,5.55,continue,manual,TRUE,TRUE,https://lichtplein.nl/img/p/lp-pr126-1-l.webp,1,active
lp-pr126,,,,,,,,,,,,,,,https://lichtplein.nl/img/p/lp-pr126-2-l.webp,2,
lp-pr126,,,,,,,,,,,,,,,https://lichtplein.nl/img/p/lp-pr126-3-l.webp,3,
lp-pr127,"Draaidimmer 40-400W, wit","<p>Betrouwbaar basisschakelmateriaal voor de bouw en renovatie. Leverbaar met en zonder afdekraam, in wit en zand, inclusief opbouwvarianten. Scherp geprijsd bij afname per 10 stuks.</p><ul><li>CE-gecertificeerd</li><li>Schroefklem</li><li>Past in standaard inbouwdoos</li></ul><h3>Specificaties</h3><table><tr><td>Belasting</td><td>40-400W (gloei/halogeen)</td></tr><tr><td>Montage</td><td>Inbouw</td></tr><tr><td>IP-klasse</td><td>IP20</td></tr><tr><td>Kleur</td><td>wit</td></tr><tr><td>Spanning</td><td>230 V</td></tr></table><p>Minimale afname 10 stuks. Projectprijs vanaf 100 stuks op aanvraag. Levering binnen 5 werkdagen.</p>",Lichtplein,PRIMA,"PRIMA,B2B,Dimmers",TRUE,Title,Default Title,LP-PR127,64.89,continue,manual,TRUE,TRUE,https://lichtplein.nl/img/p/lp-pr127-1-l.webp,1,active
lp-pr127,,,,,,,,,,,,,,,https://lichtplein.nl/img/p/lp-pr127-2-l.webp,2,
lp-pr128,"Draaidimmer 40-400W, wit","<p>Betrouwbaar basisschakelmateriaal voor de bouw en renovatie. Leverbaar met en zonder afdekraam, in wit en zand, inclusief opbouwvarianten. Scherp geprijsd bij afname per 10 stuks.</p><ul><li>CE-gecertificeerd</li><li>Schroefklem</li><li>Past in standaard inbouwdoos</li></ul><h3>Specificaties</h3><table><tr><td>Belasting</td><td>40-400W (gloei/halogeen)</td></tr><tr><td>Montage</td><td>Inbouw</td></tr><tr><td>IP-klasse</td><td>IP20</td></tr><tr><td>Kleur</td><td>wit</td></tr><tr><td>Spanning</td><td>230 V</td></tr></table><p>Minimale afname 10 stuks. Projectprijs vanaf 100 stuks op aanvraag. Levering binnen 5 werkdagen.</p>",Lichtplein,PRIMA,"PRIMA,B2B,Dimmers",TRUE,Title,Default Title,LP-PR128,62.29,continue,manual,TRUE,TRUE,https://lichtplein.nl/img/p/lp-pr128-1-l.webp,1,active
lp-pr129,"LED-draaidimmer 3-100W, wit","<p>Betrouwbaar basisschakelmateriaal voor de bouw en renovatie. Leverbaar met en zonder afdekraam, in wit en zand, inclusief opbouwvarianten. Scherp geprijsd bij afname per 10 stuks.</p><ul><li>CE-gecertificeerd</li><li>Schroefklem</li><li>Past in standaard inbouwdoos</li></ul><h3>Specificaties</h3><table><tr><td>Belasting</td><td>LED 3-100W</td></tr><tr><td>Montage</td><td>Inbouw</td></tr><tr><td>IP-klasse</td><td>IP20</td></tr><tr><td>Kleur</td><td>wit</td></tr><tr><td>Spanning</td><td>230 V</td></tr></table><p>Minimale afname 10 stuks. Projectprijs vanaf 100 stuks op aanvraag. Levering binnen 5 werkdagen.</p>",Lichtplein,PRIMA,"PRIMA,B2B,Dimmers",TRUE,Title,Default Title,LP-PR129,82.29,continue,manual,TRUE,TRUE,https://lichtplein.nl/img/p/lp-pr129-1-l.webp,1,active
lp-pr130,"Wandcontactdoos zonder randaarde, wit","<p>Betrouwbaar basisschakelmateriaal voor de bouw en renovatie. Leverbaar met en zonder afdekraam, in wit en zand, inclusief opbouwvarianten. Scherp geprijsd bij afname per 10 stuks.</p><ul><li>CE-gecertificeerd</li><li>Schroefklem</li><li>Past in standaard inbouwdoos</li></ul><h3>Specificaties</h3><table><tr><td>Nominale stroom</td><td>16 A</td></tr><tr><td>Montage</td><td>Inbouw</td></tr><tr><td>IP-klasse</td><td>IP20</td></tr><tr><td>Afdekraam</td><td>Inclusief afdekraam</td></tr><tr><td>Aansluitklem</td><td>Schroefklem</td></tr><tr><td>Kleur</td><td>wit</td></tr><tr><td>Spanning</td><td>230 V</td></tr></table><p>Minimale afname 10 stuks. Projectprijs vanaf 100 stuks op aanvraag. Levering binnen 5 werkdagen.</p>",Lichtplein,PRIMA,"PRIMA,B2B,Wandcontactdozen",TRUE,Title,Default Title,LP-PR130,7.29,continue,manual,TRUE,TRUE,https://lichtplein.nl/img/p/lp-pr130-1-l.webp,1,active
lp-pr130,,,,,,,,,,,,,,,https://lichtplein.nl/img/p/lp-pr130-2-l.webp,2,
lp-pr130,,,,,,,,,,,,,,,https://lichtplein.nl/img/p/lp-pr130-3-l.webp,3,
lp-pr131,"Wandcontactdoos zonder randaarde, wit","<p>Betrouwbaar basisschakelmateriaal voor de bouw en renovatie. Leverbaar met en zonder afdekraam, in wit en zand, inclusief opbouwvarianten. Scherp geprijsd bij afname per 10 stuks.</p><ul><li>CE-gecertificeerd</li><li>Schroefklem</li><li>Past in standaard inbouwdoos</li></ul><h3>Specificaties</h3><table><tr><td>Nominale stroom</td><td>16 A</td></tr><tr><td>Montage</td><td>Inbouw</td></tr><tr><td>IP-klasse</td><td>IP20</td></tr><tr><td>Afdekraam</td><td>Zonder afdekraam (apart bestellen)</td></tr><tr><td>Aansluitklem</td><td>Schroefklem</td></tr><tr><td>Kleur</td><td>wit</td></tr><tr><td>Spanning</td><td>230 V</td></tr></table><p>Minimale afname 10 stuks. Projectprijs vanaf 100 stuks op aanvraag. Levering binnen 5 werkdagen.</p>",Lichtplein,PRIMA,"PRIMA,B2B,Wandcontactdozen",TRUE,Title,Default Title,LP-PR131,6.05,continue,manual,TRUE,TRUE,https://lichtplein.nl/img/p/lp-pr131-1-l.webp,1,active
lp-pr132,"Dubbele wandcontactdoos zonder randaarde, wit","<p>Betrouwbaar basisschakelmateriaal voor de bouw en renovatie. Leverbaar met en zonder afdekraam, in wit en zand, inclusief opbouwvarianten. Scherp geprijsd bij afname per 10 stuks.</p><ul><li>CE-gecertificeerd</li><li>Schroefklem</li><li>Past in standaard inbouwdoos</li></ul><h3>Specificaties</h3><table><tr><td>Nominale stroom</td><td>16 A</td></tr><tr><td>Montage</td><td>Inbouw</td></tr><tr><td>IP-klasse</td><td>IP20</td></tr><tr><td>Afdekraam</td><td>Inclusief afdekraam</td></tr><tr><td>Aansluitklem</td><td>Schroefklem</td></tr><tr><td>Kleur</td><td>wit</td></tr><tr><td>Spanning</td><td>230 V</td></tr></table><p>Minimale afname 10 stuks. Projectprijs vanaf 100 stuks op aanvraag. Levering binnen 5 werkdagen.</p>",Lichtplein,PRIMA,"PRIMA,B2B,Wandcontactdozen",TRUE,Title,Default Title,LP-PR132,10.05,continue,manual,TRUE,TRUE,https://lichtplein.nl/img/p/lp-pr132-1-l.webp,1,active
lp-pr133,"Wandcontactdoos met randaarde, wit","<p>Betrouwbaar basisschakelmateriaal voor de bouw en renovatie. Leverbaar met en zonder afdekraam, in wit en zand, inclusief opbouwvarianten. Scherp geprijsd bij afname per 10 stuks.</p><ul><li>CE-gecertificeerd</li><li>Schroefklem</li><li>Past in standaard inbouwdoos</li></ul><h3>Specificaties</h3><table><tr><td>Nominale stroom</td><td>16 A</td></tr><tr><td>Montage</td><td>Inbouw</td></tr><tr><td>IP-klasse</td><td>IP20</td></tr><tr><td>Afdekraam</td><td>Inclusief afdekraam</td></tr><tr><td>Aansluitklem</td><td>Schroefklem</td></tr><tr><td>Kleur</td><td>wit</td></tr><tr><td>Spanning</td><td>230 V</td></tr></table><p>Minimale afname 10 stuks. Projectprijs vanaf 100 stuks op aanvraag. Levering binnen 5 werkdagen.</p>",Lichtplein,PRIMA,"PRIMA,B2B,Wandcontactdozen",TRUE,Title,Default Title,LP-PR133,8.09,continue,manual,TRUE,TRUE,https://lichtplein.nl/img/p/lp-pr133-1-l.webp,1,active
lp-pr133,,,,,,,,,,,,,,,https://lichtplein.nl/img/p/lp-pr133-2-l.webp,2,
lp-pr133,,,,,,,,,,,,,,,https://lichtplein.nl/img/p/lp-pr133-3-l.webp,3,
lp-pr134,"Wandcontactdoos met randaarde, wit","<p>Betrouwbaar basisschakelmateriaal voor de bouw en renovatie. Leverbaar met en zonder afdekraam, in wit en zand, inclusief opbouwvarianten. Scherp geprijsd bij afname per 10 stuks.</p><ul><li>CE-gecertificeerd</li><li>Schroefklem</li><li>Past in standaard inbouwdoos</li></ul><h3>Specificaties</h3><table><tr><td>Nominale stroom</td><td>16 A</td></tr><tr><td>Montage</td><td>Inbouw</td></tr><tr><td>IP-klasse</td><td>IP20</td></tr><tr><td>Afdekraam</td><td>Zonder afdekraam (apart bestellen)</td></tr><tr><td>Aansluitklem</td><td>Schroefklem</td></tr><tr><td>Kleur</td><td>wit</td></tr><tr><td>Spanning</td><td>230 V</td></tr></table><p>Minimale afname 10 stuks. Projectprijs vanaf 100 stuks op aanvraag. Levering binnen 5 werkdagen.</p>",Lichtplein,PRIMA,"PRIMA,B2B,Wandcontactdozen",TRUE,Title,Default Title,LP-PR134,7.29,continue,manual,TRUE,TRUE,https://lichtplein.nl/img/p/lp-pr134-1-l.webp,1,active
lp-pr134,,,,,,,,,,,,,,,https://lichtplein.nl/img/p/lp-pr134-2-l.webp,2,
lp-pr135,"Wandcontactdoos met randaarde, wit, set van 10","<p>Betrouwbaar basisschakelmateriaal voor de bouw en renovatie. Leverbaar met en zonder afdekraam, in wit en zand, inclusief opbouwvarianten. Scherp geprijsd bij afname per 10 stuks.</p><ul><li>CE-gecertificeerd</li><li>Schroefklem</li><li>Past in standaard inbouwdoos</li></ul><h3>Specificaties</h3><table><tr><td>Nominale stroom</td><td>16 A</td></tr><tr><td>Montage</td><td>Inbouw</td></tr><tr><td>IP-klasse</td><td>IP20</td></tr><tr><td>Afdekraam</td><td>Zonder afdekraam (apart bestellen)</td></tr><tr><td>Aansluitklem</td><td>Schroefklem</td></tr><tr><td>Kleur</td><td>wit</td></tr><tr><td>Spanning</td><td>230 V</td></tr><tr><td>Verpakking</td><td>10 stuks</td></tr></table><p>Minimale afname 1 set. Projectprijs vanaf 100 stuks op aanvraag. Levering binnen 5 werkdagen.</p>",Lichtplein,PRIMA,"PRIMA,B2B,Wandcontactdozen",TRUE,Title,Default Title,LP-PR135,70.25,continue,manual,TRUE,TRUE,https://lichtplein.nl/img/p/lp-pr135-1-l.webp,1,active
lp-pr135,,,,,,,,,,,,,,,https://lichtplein.nl/img/p/lp-pr135-2-l.webp,2,
lp-pr136,"Wandcontactdoos met randaarde, wit, set van 5","<p>Betrouwbaar basisschakelmateriaal voor de bouw en renovatie. Leverbaar met en zonder afdekraam, in wit en zand, inclusief opbouwvarianten. Scherp geprijsd bij afname per 10 stuks.</p><ul><li>CE-gecertificeerd</li><li>Schroefklem</li><li>Past in standaard inbouwdoos</li></ul><h3>Specificaties</h3><table><tr><td>Nominale stroom</td><td>16 A</td></tr><tr><td>Montage</td><td>Inbouw</td></tr><tr><td>IP-klasse</td><td>IP20</td></tr><tr><td>Afdekraam</td><td>Zonder afdekraam (apart bestellen)</td></tr><tr><td>Aansluitklem</td><td>Schroefklem</td></tr><tr><td>Kleur</td><td>wit</td></tr><tr><td>Spanning</td><td>230 V</td></tr><tr><td>Verpakking</td><td>5 stuks</td></tr></table><p>Minimale afname 1 set. Projectprijs vanaf 100 stuks op aanvraag. Levering binnen 5 werkdagen.</p>",Lichtplein,PRIMA,"PRIMA,B2B,Wandcontactdozen",TRUE,Title,Default Title,LP-PR136,35.09,continue,manual,TRUE,TRUE,https://lichtplein.nl/img/p/lp-pr136-1-l.webp,1,active
lp-pr137,"Dubbele wandcontactdoos met randaarde, wit","<p>Betrouwbaar basisschakelmateriaal voor de bouw en renovatie. Leverbaar met en zonder afdekraam, in wit en zand, inclusief opbouwvarianten. Scherp geprijsd bij afname per 10 stuks.</p><ul><li>CE-gecertificeerd</li><li>Schroefklem</li><li>Past in standaard inbouwdoos</li></ul><h3>Specificaties</h3><table><tr><td>Nominale stroom</td><td>16 A</td></tr><tr><td>Montage</td><td>Inbouw</td></tr><tr><td>IP-klasse</td><td>IP20</td></tr><tr><td>Afdekraam</td><td>Inclusief afdekraam</td></tr><tr><td>Aansluitklem</td><td>Schroefklem</td></tr><tr><td>Kleur</td><td>wit</td></tr><tr><td>Spanning</td><td>230 V</td></tr></table><p>Minimale afname 10 stuks. Projectprijs vanaf 100 stuks op aanvraag. Levering binnen 5 werkdagen.</p>",Lichtplein,PRIMA,"PRIMA,B2B,Wandcontactdozen",TRUE,Title,Default Title,LP-PR137,12.15,continue,manual,TRUE,TRUE,https://lichtplein.nl/img/p/lp-pr137-1-l.webp,1,active
lp-pr138,"Wandcontactdoos met randaarde met klapdeksel, wit","<p>Betrouwbaar basisschakelmateriaal voor de bouw en renovatie. Leverbaar met en zonder afdekraam, in wit en zand, inclusief opbouwvarianten. Scherp geprijsd bij afname per 10 stuks.</p><ul><li>CE-gecertificeerd</li><li>Schroefklem</li><li>Past in standaard inbouwdoos</li></ul><h3>Specificaties</h3><table><tr><td>Nominale stroom</td><td>16 A</td></tr><tr><td>Montage</td><td>Inbouw</td></tr><tr><td>IP-klasse</td><td>IP44</td></tr><tr><td>Afdekraam</td><td>Inclusief afdekraam</td></tr><tr><td>Aansluitklem</td><td>Schroefklem</td></tr><tr><td>Kleur</td><td>wit</td></tr><tr><td>Spanning</td><td>230 V</td></tr></table><p>Minimale afname 10 stuks. Projectprijs vanaf 100 stuks op aanvraag. Levering binnen 5 werkdagen.</p>",Lichtplein,PRIMA,"PRIMA,B2B,Wandcontactdozen",TRUE,Title,Default Title,LP-PR138,11.69,continue,manual,TRUE,TRUE,https://lichtplein.nl/img/p/lp-pr138-1-l.webp,1,active
lp-pr139,"Wandcontactdoos met randaarde met klapdeksel, wit","<p>Betrouwbaar basisschakelmateriaal voor de bouw en renovatie. Leverbaar met en zonder afdekraam, in wit en zand, inclusief opbouwvarianten. Scherp geprijsd bij afname per 10 stuks.</p><ul><li>CE-gecertificeerd</li><li>Schroefklem</li><li>Past in standaard inbouwdoos</li></ul><h3>Specificaties</h3><table><tr><td>Nominale stroom</td><td>16 A</td></tr><tr><td>Montage</td><td>Inbouw</td></tr><tr><td>IP-klasse</td><td>IP44</td></tr><tr><td>Afdekraam</td><td>Zonder afdekraam (apart bestellen)</td></tr><tr><td>Aansluitklem</td><td>Schroefklem</td></tr><tr><td>Kleur</td><td>wit</td></tr><tr><td>Spanning</td><td>230 V</td></tr></table><p>Minimale afname 10 stuks. Projectprijs vanaf 100 stuks op aanvraag. Levering binnen 5 werkdagen.</p>",Lichtplein,PRIMA,"PRIMA,B2B,Wandcontactdozen",TRUE,Title,Default Title,LP-PR139,10.49,continue,manual,TRUE,TRUE,https://lichtplein.nl/img/p/lp-pr139-1-l.webp,1,active
lp-pr140,"Wandcontactdoos met randaarde, spreidklauwen, wit","<p>Betrouwbaar basisschakelmateriaal voor de bouw en renovatie. Leverbaar met en zonder afdekraam, in wit en zand, inclusief opbouwvarianten. Scherp geprijsd bij afname per 10 stuks.</p><ul><li>CE-gecertificeerd</li><li>Schroefklem</li><li>Past in standaard inbouwdoos</li></ul><h3>Specificaties</h3><table><tr><td>Nominale stroom</td><td>16 A</td></tr><tr><td>Montage</td><td>Inbouw</td></tr><tr><td>IP-klasse</td><td>IP20</td></tr><tr><td>Afdekraam</td><td>Zonder afdekraam (apart bestellen)</td></tr><tr><td>Aansluitklem</td><td>Schroefklem</td></tr><tr><td>Kleur</td><td>wit</td></tr><tr><td>Spanning</td><td>230 V</td></tr></table><p>Minimale afname 10 stuks. Projectprijs vanaf 100 stuks op aanvraag. Levering binnen 5 werkdagen.</p>",Lichtplein,PRIMA,"PRIMA,B2B,Wandcontactdozen",TRUE,Title,Default Title,LP-PR140,8.05,continue,manual,TRUE,TRUE,https://lichtplein.nl/img/p/lp-pr140-1-l.webp,1,active
lp-pr141,"TV-aansluiting F-connector, wit","<p>Betrouwbaar basisschakelmateriaal voor de bouw en renovatie. Leverbaar met en zonder afdekraam, in wit en zand, inclusief opbouwvarianten. Scherp geprijsd bij afname per 10 stuks.</p><ul><li>CE-gecertificeerd</li><li>Schroefklem</li><li>Past in standaard inbouwdoos</li></ul><h3>Specificaties</h3><table><tr><td>Montage</td><td>Inbouw</td></tr><tr><td>IP-klasse</td><td>IP20</td></tr><tr><td>Kleur</td><td>wit</td></tr></table><p>Minimale afname 10 stuks. Projectprijs vanaf 100 stuks op aanvraag. Levering binnen 5 werkdagen.</p>",Lichtplein,PRIMA,"PRIMA,B2B,Data en media",TRUE,Title,Default Title,LP-PR141,10.05,continue,manual,TRUE,TRUE,https://lichtplein.nl/img/p/lp-pr141-1-l.webp,1,active
lp-pr142,"Combi-aansluiting TV en RJ45 CAT6, wit","<p>Betrouwbaar basisschakelmateriaal voor de bouw en renovatie. Leverbaar met en zonder afdekraam, in wit en zand, inclusief opbouwvarianten. Scherp geprijsd bij afname per 10 stuks.</p><ul><li>CE-gecertificeerd</li><li>Schroefklem</li><li>Past in standaard inbouwdoos</li></ul><h3>Specificaties</h3><table><tr><td>Montage</td><td>Inbouw</td></tr><tr><td>IP-klasse</td><td>IP20</td></tr><tr><td>Kleur</td><td>wit</td></tr></table><p>Minimale afname 10 stuks. Projectprijs vanaf 100 stuks op aanvraag. Levering binnen 5 werkdagen.</p>",Lichtplein,PRIMA,"PRIMA,B2B,Data en media",TRUE,Title,Default Title,LP-PR142,23.05,continue,manual,TRUE,TRUE,https://lichtplein.nl/img/p/lp-pr142-1-l.webp,1,active
lp-pr143,"Netwerkaansluiting RJ45 CAT5e, wit","<p>Betrouwbaar basisschakelmateriaal voor de bouw en renovatie. Leverbaar met en zonder afdekraam, in wit en zand, inclusief opbouwvarianten. Scherp geprijsd bij afname per 10 stuks.</p><ul><li>CE-gecertificeerd</li><li>Schroefklem</li><li>Past in standaard inbouwdoos</li></ul><h3>Specificaties</h3><table><tr><td>Montage</td><td>Inbouw</td></tr><tr><td>IP-klasse</td><td>IP20</td></tr><tr><td>Kleur</td><td>wit</td></tr></table><p>Minimale afname 10 stuks. Projectprijs vanaf 100 stuks op aanvraag. Levering binnen 5 werkdagen.</p>",Lichtplein,PRIMA,"PRIMA,B2B,Data en media",TRUE,Title,Default Title,LP-PR143,14.15,continue,manual,TRUE,TRUE,https://lichtplein.nl/img/p/lp-pr143-1-l.webp,1,active
lp-pr144,"Netwerkaansluiting 2x RJ45 CAT6, wit","<p>Betrouwbaar basisschakelmateriaal voor de bouw en renovatie. Leverbaar met en zonder afdekraam, in wit en zand, inclusief opbouwvarianten. Scherp geprijsd bij afname per 10 stuks.</p><ul><li>CE-gecertificeerd</li><li>Schroefklem</li><li>Past in standaard inbouwdoos</li></ul><h3>Specificaties</h3><table><tr><td>Montage</td><td>Inbouw</td></tr><tr><td>IP-klasse</td><td>IP20</td></tr><tr><td>Kleur</td><td>wit</td></tr></table><p>Minimale afname 10 stuks. Projectprijs vanaf 100 stuks op aanvraag. Levering binnen 5 werkdagen.</p>",Lichtplein,PRIMA,"PRIMA,B2B,Data en media",TRUE,Title,Default Title,LP-PR144,23.45,continue,manual,TRUE,TRUE,https://lichtplein.nl/img/p/lp-pr144-1-l.webp,1,active
lp-pr145,"Luidsprekeraansluiting enkel, wit","<p>Betrouwbaar basisschakelmateriaal voor de bouw en renovatie. Leverbaar met en zonder afdekraam, in wit en zand, inclusief opbouwvarianten. Scherp geprijsd bij afname per 10 stuks.</p><ul><li>CE-gecertificeerd</li><li>Schroefklem</li><li>Past in standaard inbouwdoos</li></ul><h3>Specificaties</h3><table><tr><td>Montage</td><td>Inbouw</td></tr><tr><td>IP-klasse</td><td>IP20</td></tr><tr><td>Kleur</td><td>wit</td></tr></table><p>Minimale afname 10 stuks. Projectprijs vanaf 100 stuks op aanvraag. Levering binnen 5 werkdagen.</p>",Lichtplein,PRIMA,"PRIMA,B2B,Data en media",TRUE,Title,Default Title,LP-PR145,14.55,continue,manual,TRUE,TRUE,https://lichtplein.nl/img/p/lp-pr145-1-l.webp,1,active
lp-pr146,"Luidsprekeraansluiting dubbel, wit","<p>Betrouwbaar basisschakelmateriaal voor de bouw en renovatie. Leverbaar met en zonder afdekraam, in wit en zand, inclusief opbouwvarianten. Scherp geprijsd bij afname per 10 stuks.</p><ul><li>CE-gecertificeerd</li><li>Schroefklem</li><li>Past in standaard inbouwdoos</li></ul><h3>Specificaties</h3><table><tr><td>Montage</td><td>Inbouw</td></tr><tr><td>IP-klasse</td><td>IP20</td></tr><tr><td>Kleur</td><td>wit</td></tr></table><p>Minimale afname 10 stuks. Projectprijs vanaf 100 stuks op aanvraag. Levering binnen 5 werkdagen.</p>",Lichtplein,PRIMA,"PRIMA,B2B,Data en media",TRUE,Title,Default Title,LP-PR146,19.45,continue,manual,TRUE,TRUE,https://lichtplein.nl/img/p/lp-pr146-1-l.webp,1,active
lp-pr147,"Blindplaat, wit","<p>Betrouwbaar basisschakelmateriaal voor de bouw en renovatie. Leverbaar met en zonder afdekraam, in wit en zand, inclusief opbouwvarianten. Scherp geprijsd bij afname per 10 stuks.</p><ul><li>CE-gecertificeerd</li><li>Standaard Europese maatvoering</li><li>Direct uit voorraad</li></ul><h3>Specificaties</h3><table><tr><td>Montage</td><td>Inbouw</td></tr><tr><td>IP-klasse</td><td>IP20</td></tr><tr><td>Kleur</td><td>wit</td></tr></table><p>Minimale afname 10 stuks. Projectprijs vanaf 100 stuks op aanvraag. Levering binnen 5 werkdagen.</p>",Lichtplein,PRIMA,"PRIMA,B2B,Afwerking",TRUE,Title,Default Title,LP-PR147,4.85,continue,manual,TRUE,TRUE,https://lichtplein.nl/img/p/lp-pr147-1-l.webp,1,active
lp-pr147,,,,,,,,,,,,,,,https://lichtplein.nl/img/p/lp-pr147-2-l.webp,2,
lp-pr148,"Afdekraam 1-voudig, wit","<p>Betrouwbaar basisschakelmateriaal voor de bouw en renovatie. Leverbaar met en zonder afdekraam, in wit en zand, inclusief opbouwvarianten. Scherp geprijsd bij afname per 10 stuks.</p><ul><li>CE-gecertificeerd</li><li>Standaard Europese maatvoering</li><li>Direct uit voorraad</li></ul><h3>Specificaties</h3><table><tr><td>Kleur</td><td>wit</td></tr></table><p>Minimale afname 10 stuks. Projectprijs vanaf 100 stuks op aanvraag. Levering binnen 5 werkdagen.</p>",Lichtplein,PRIMA,"PRIMA,B2B,Afdekramen",TRUE,Title,Default Title,LP-PR148,1.35,continue,manual,TRUE,TRUE,https://lichtplein.nl/img/p/lp-pr148-1-l.webp,1,active
lp-pr149,"Afdekraam 2-voudig, wit","<p>Betrouwbaar basisschakelmateriaal voor de bouw en renovatie. Leverbaar met en zonder afdekraam, in wit en zand, inclusief opbouwvarianten. Scherp geprijsd bij afname per 10 stuks.</p><ul><li>CE-gecertificeerd</li><li>Standaard Europese maatvoering</li><li>Direct uit voorraad</li></ul><h3>Specificaties</h3><table><tr><td>Kleur</td><td>wit</td></tr></table><p>Minimale afname 10 stuks. Projectprijs vanaf 100 stuks op aanvraag. Levering binnen 5 werkdagen.</p>",Lichtplein,PRIMA,"PRIMA,B2B,Afdekramen",TRUE,Title,Default Title,LP-PR149,2.45,continue,manual,TRUE,TRUE,https://lichtplein.nl/img/p/lp-pr149-1-l.webp,1,active
lp-pr150,"Afdekraam 3-voudig, wit","<p>Betrouwbaar basisschakelmateriaal voor de bouw en renovatie. Leverbaar met en zonder afdekraam, in wit en zand, inclusief opbouwvarianten. Scherp geprijsd bij afname per 10 stuks.</p><ul><li>CE-gecertificeerd</li><li>Standaard Europese maatvoering</li><li>Direct uit voorraad</li></ul><h3>Specificaties</h3><table><tr><td>Kleur</td><td>wit</td></tr></table><p>Minimale afname 10 stuks. Projectprijs vanaf 100 stuks op aanvraag. Levering binnen 5 werkdagen.</p>",Lichtplein,PRIMA,"PRIMA,B2B,Afdekramen",TRUE,Title,Default Title,LP-PR150,4.39,continue,manual,TRUE,TRUE,https://lichtplein.nl/img/p/lp-pr150-1-l.webp,1,active
lp-pr151,"Afdekraam 4-voudig, wit","<p>Betrouwbaar basisschakelmateriaal voor de bouw en renovatie. Leverbaar met en zonder afdekraam, in wit en zand, inclusief opbouwvarianten. Scherp geprijsd bij afname per 10 stuks.</p><ul><li>CE-gecertificeerd</li><li>Standaard Europese maatvoering</li><li>Direct uit voorraad</li></ul><h3>Specificaties</h3><table><tr><td>Kleur</td><td>wit</td></tr></table><p>Minimale afname 10 stuks. Projectprijs vanaf 100 stuks op aanvraag. Levering binnen 5 werkdagen.</p>",Lichtplein,PRIMA,"PRIMA,B2B,Afdekramen",TRUE,Title,Default Title,LP-PR151,6.05,continue,manual,TRUE,TRUE,https://lichtplein.nl/img/p/lp-pr151-1-l.webp,1,active
lp-pr152,"Afdekraam 5-voudig, wit","<p>Betrouwbaar basisschakelmateriaal voor de bouw en renovatie. Leverbaar met en zonder afdekraam, in wit en zand, inclusief opbouwvarianten. Scherp geprijsd bij afname per 10 stuks.</p><ul><li>CE-gecertificeerd</li><li>Standaard Europese maatvoering</li><li>Direct uit voorraad</li></ul><h3>Specificaties</h3><table><tr><td>Kleur</td><td>wit</td></tr></table><p>Minimale afname 10 stuks. Projectprijs vanaf 100 stuks op aanvraag. Levering binnen 5 werkdagen.</p>",Lichtplein,PRIMA,"PRIMA,B2B,Afdekramen",TRUE,Title,Default Title,LP-PR152,9.25,continue,manual,TRUE,TRUE,https://lichtplein.nl/img/p/lp-pr152-1-l.webp,1,active
lp-pr153,"Opbouw enkelpolige schakelaar, wit","<p>Betrouwbaar basisschakelmateriaal voor de bouw en renovatie. Leverbaar met en zonder afdekraam, in wit en zand, inclusief opbouwvarianten. Scherp geprijsd bij afname per 10 stuks.</p><ul><li>CE-gecertificeerd</li><li>Schroefklem</li><li>Past in standaard inbouwdoos</li></ul><h3>Specificaties</h3><table><tr><td>Montage</td><td>Opbouw</td></tr><tr><td>IP-klasse</td><td>IP20</td></tr><tr><td>Nominale stroom</td><td>10 A</td></tr><tr><td>Aansluitklem</td><td>Schroefklem</td></tr><tr><td>Kleur</td><td>wit</td></tr><tr><td>Spanning</td><td>230 V</td></tr></table><p>Minimale afname 10 stuks. Projectprijs vanaf 100 stuks op aanvraag. Levering binnen 5 werkdagen.</p>",Lichtplein,PRIMA,"PRIMA,B2B,Schakelaars",TRUE,Title,Default Title,LP-PR153,7.65,continue,manual,TRUE,TRUE,https://lichtplein.nl/img/p/lp-pr153-1-l.webp,1,active
lp-pr154,"Opbouw serieschakelaar (2-voudig), wit","<p>Betrouwbaar basisschakelmateriaal voor de bouw en renovatie. Leverbaar met en zonder afdekraam, in wit en zand, inclusief opbouwvarianten. Scherp geprijsd bij afname per 10 stuks.</p><ul><li>CE-gecertificeerd</li><li>Schroefklem</li><li>Past in standaard inbouwdoos</li></ul><h3>Specificaties</h3><table><tr><td>Montage</td><td>Opbouw</td></tr><tr><td>IP-klasse</td><td>IP20</td></tr><tr><td>Nominale stroom</td><td>10 A</td></tr><tr><td>Aansluitklem</td><td>Schroefklem</td></tr><tr><td>Kleur</td><td>wit</td></tr><tr><td>Spanning</td><td>230 V</td></tr></table><p>Minimale afname 10 stuks. Projectprijs vanaf 100 stuks op aanvraag. Levering binnen 5 werkdagen.</p>",Lichtplein,PRIMA,"PRIMA,B2B,Schakelaars",TRUE,Title,Default Title,LP-PR154,8.49,continue,manual,TRUE,TRUE,https://lichtplein.nl/img/p/lp-pr154-1-l.webp,1,active
lp-pr155,"Opbouw wisselschakelaar, wit","<p>Betrouwbaar basisschakelmateriaal voor de bouw en renovatie. Leverbaar met en zonder afdekraam, in wit en zand, inclusief opbouwvarianten. Scherp geprijsd bij afname per 10 stuks.</p><ul><li>CE-gecertificeerd</li><li>Schroefklem</li><li>Past in standaard inbouwdoos</li></ul><h3>Specificaties</h3><table><tr><td>Montage</td><td>Opbouw</td></tr><tr><td>IP-klasse</td><td>IP20</td></tr><tr><td>Nominale stroom</td><td>10 A</td></tr><tr><td>Aansluitklem</td><td>Schroefklem</td></tr><tr><td>Kleur</td><td>wit</td></tr><tr><td>Spanning</td><td>230 V</td></tr></table><p>Minimale afname 10 stuks. Projectprijs vanaf 100 stuks op aanvraag. Levering binnen 5 werkdagen.</p>",Lichtplein,PRIMA,"PRIMA,B2B,Schakelaars",TRUE,Title,Default Title,LP-PR155,9.25,continue,manual,TRUE,TRUE,https://lichtplein.nl/img/p/lp-pr155-1-l.webp,1,active
lp-pr156,"Opbouw beldrukker, wit","<p>Betrouwbaar basisschakelmateriaal voor de bouw en renovatie. Leverbaar met en zonder afdekraam, in wit en zand, inclusief opbouwvarianten. Scherp geprijsd bij afname per 10 stuks.</p><ul><li>CE-gecertificeerd</li><li>Schroefklem</li><li>Past in standaard inbouwdoos</li></ul><h3>Specificaties</h3><table><tr><td>Montage</td><td>Opbouw</td></tr><tr><td>IP-klasse</td><td>IP20</td></tr><tr><td>Nominale stroom</td><td>10 A</td></tr><tr><td>Aansluitklem</td><td>Schroefklem</td></tr><tr><td>Kleur</td><td>wit</td></tr><tr><td>Spanning</td><td>230 V</td></tr></table><p>Minimale afname 10 stuks. Projectprijs vanaf 100 stuks op aanvraag. Levering binnen 5 werkdagen.</p>",Lichtplein,PRIMA,"PRIMA,B2B,Schakelaars",TRUE,Title,Default Title,LP-PR156,9.25,continue,manual,TRUE,TRUE,https://lichtplein.nl/img/p/lp-pr156-1-l.webp,1,active
lp-pr157,"Opbouw wandcontactdoos zonder randaarde, wit","<p>Betrouwbaar basisschakelmateriaal voor de bouw en renovatie. Leverbaar met en zonder afdekraam, in wit en zand, inclusief opbouwvarianten. Scherp geprijsd bij afname per 10 stuks.</p><ul><li>CE-gecertificeerd</li><li>Schroefklem</li><li>Past in standaard inbouwdoos</li></ul><h3>Specificaties</h3><table><tr><td>Nominale stroom</td><td>16 A</td></tr><tr><td>Montage</td><td>Opbouw</td></tr><tr><td>IP-klasse</td><td>IP20</td></tr><tr><td>Aansluitklem</td><td>Schroefklem</td></tr><tr><td>Kleur</td><td>wit</td></tr><tr><td>Spanning</td><td>230 V</td></tr></table><p>Minimale afname 10 stuks. Projectprijs vanaf 100 stuks op aanvraag. Levering binnen 5 werkdagen.</p>",Lichtplein,PRIMA,"PRIMA,B2B,Wandcontactdozen",TRUE,Title,Default Title,LP-PR157,5.65,continue,manual,TRUE,TRUE,https://lichtplein.nl/img/p/lp-pr157-1-l.webp,1,active
lp-pr157,,,,,,,,,,,,,,,https://lichtplein.nl/img/p/lp-pr157-2-l.webp,2,
lp-pr157,,,,,,,,,,,,,,,https://lichtplein.nl/img/p/lp-pr157-3-l.webp,3,
lp-pr157,,,,,,,,,,,,,,,https://lichtplein.nl/img/p/lp-pr157-4-l.webp,4,
lp-pr158,"Opbouw dubbele wandcontactdoos zonder randaarde, wit","<p>Betrouwbaar basisschakelmateriaal voor de bouw en renovatie. Leverbaar met en zonder afdekraam, in wit en zand, inclusief opbouwvarianten. Scherp geprijsd bij afname per 10 stuks.</p><ul><li>CE-gecertificeerd</li><li>Schroefklem</li><li>Past in standaard inbouwdoos</li></ul><h3>Specificaties</h3><table><tr><td>Nominale stroom</td><td>16 A</td></tr><tr><td>Montage</td><td>Opbouw</td></tr><tr><td>IP-klasse</td><td>IP20</td></tr><tr><td>Aansluitklem</td><td>Schroefklem</td></tr><tr><td>Kleur</td><td>wit</td></tr><tr><td>Spanning</td><td>230 V</td></tr></table><p>Minimale afname 10 stuks. Projectprijs vanaf 100 stuks op aanvraag. Levering binnen 5 werkdagen.</p>",Lichtplein,PRIMA,"PRIMA,B2B,Wandcontactdozen",TRUE,Title,Default Title,LP-PR158,7.65,continue,manual,TRUE,TRUE,https://lichtplein.nl/img/p/lp-pr158-1-l.webp,1,active
lp-pr158,,,,,,,,,,,,,,,https://lichtplein.nl/img/p/lp-pr158-2-l.webp,2,
lp-pr158,,,,,,,,,,,,,,,https://lichtplein.nl/img/p/lp-pr158-3-l.webp,3,
lp-pr158,,,,,,,,,,,,,,,https://lichtplein.nl/img/p/lp-pr158-4-l.webp,4,
lp-pr159,"Opbouw wandcontactdoos met randaarde, wit","<p>Betrouwbaar basisschakelmateriaal voor de bouw en renovatie. Leverbaar met en zonder afdekraam, in wit en zand, inclusief opbouwvarianten. Scherp geprijsd bij afname per 10 stuks.</p><ul><li>CE-gecertificeerd</li><li>Schroefklem</li><li>Past in standaard inbouwdoos</li></ul><h3>Specificaties</h3><table><tr><td>Nominale stroom</td><td>16 A</td></tr><tr><td>Montage</td><td>Opbouw</td></tr><tr><td>IP-klasse</td><td>IP20</td></tr><tr><td>Aansluitklem</td><td>Schroefklem</td></tr><tr><td>Kleur</td><td>wit</td></tr><tr><td>Spanning</td><td>230 V</td></tr></table><p>Minimale afname 10 stuks. Projectprijs vanaf 100 stuks op aanvraag. Levering binnen 5 werkdagen.</p>",Lichtplein,PRIMA,"PRIMA,B2B,Wandcontactdozen",TRUE,Title,Default Title,LP-PR159,6.39,continue,manual,TRUE,TRUE,https://lichtplein.nl/img/p/lp-pr159-1-l.webp,1,active
lp-pr159,,,,,,,,,,,,,,,https://lichtplein.nl/img/p/lp-pr159-2-l.webp,2,
lp-pr159,,,,,,,,,,,,,,,https://lichtplein.nl/img/p/lp-pr159-3-l.webp,3,
lp-pr159,,,,,,,,,,,,,,,https://lichtplein.nl/img/p/lp-pr159-4-l.webp,4,
lp-pr160,"Opbouw dubbele wandcontactdoos met randaarde, wit","<p>Betrouwbaar basisschakelmateriaal voor de bouw en renovatie. Leverbaar met en zonder afdekraam, in wit en zand, inclusief opbouwvarianten. Scherp geprijsd bij afname per 10 stuks.</p><ul><li>CE-gecertificeerd</li><li>Schroefklem</li><li>Past in standaard inbouwdoos</li></ul><h3>Specificaties</h3><table><tr><td>Nominale stroom</td><td>16 A</td></tr><tr><td>Montage</td><td>Opbouw</td></tr><tr><td>IP-klasse</td><td>IP20</td></tr><tr><td>Aansluitklem</td><td>Schroefklem</td></tr><tr><td>Kleur</td><td>wit</td></tr><tr><td>Spanning</td><td>230 V</td></tr></table><p>Minimale afname 10 stuks. Projectprijs vanaf 100 stuks op aanvraag. Levering binnen 5 werkdagen.</p>",Lichtplein,PRIMA,"PRIMA,B2B,Wandcontactdozen",TRUE,Title,Default Title,LP-PR160,10.49,continue,manual,TRUE,TRUE,https://lichtplein.nl/img/p/lp-pr160-1-l.webp,1,active
lp-pr160,,,,,,,,,,,,,,,https://lichtplein.nl/img/p/lp-pr160-2-l.webp,2,
lp-pr160,,,,,,,,,,,,,,,https://lichtplein.nl/img/p/lp-pr160-3-l.webp,3,
lp-pr160,,,,,,,,,,,,,,,https://lichtplein.nl/img/p/lp-pr160-4-l.webp,4,
lp-pr161,"Opbouwcombinatie schakelaar en wandcontactdoos met randaarde, wit","<p>Betrouwbaar basisschakelmateriaal voor de bouw en renovatie. Leverbaar met en zonder afdekraam, in wit en zand, inclusief opbouwvarianten. Scherp geprijsd bij afname per 10 stuks.</p><ul><li>CE-gecertificeerd</li><li>Schroefklem</li><li>Past in standaard inbouwdoos</li></ul><h3>Specificaties</h3><table><tr><td>Montage</td><td>Inbouw</td></tr><tr><td>IP-klasse</td><td>IP20</td></tr><tr><td>Afdekraam</td><td>Inclusief afdekraam</td></tr><tr><td>Aansluitklem</td><td>Schroefklem</td></tr><tr><td>Kleur</td><td>wit</td></tr><tr><td>Spanning</td><td>230 V</td></tr></table><p>Minimale afname 10 stuks. Projectprijs vanaf 100 stuks op aanvraag. Levering binnen 5 werkdagen.</p>",Lichtplein,PRIMA,"PRIMA,B2B,Wandcontactdozen",TRUE,Title,Default Title,LP-PR161,18.85,continue,manual,TRUE,TRUE,https://lichtplein.nl/img/p/lp-pr161-1-l.webp,1,active
lp-pr162,"Opbouwcombinatie serieschakelaar en wandcontactdoos met randaarde, wit","<p>Betrouwbaar basisschakelmateriaal voor de bouw en renovatie. Leverbaar met en zonder afdekraam, in wit en zand, inclusief opbouwvarianten. Scherp geprijsd bij afname per 10 stuks.</p><ul><li>CE-gecertificeerd</li><li>Schroefklem</li><li>Past in standaard inbouwdoos</li></ul><h3>Specificaties</h3><table><tr><td>Montage</td><td>Inbouw</td></tr><tr><td>IP-klasse</td><td>IP20</td></tr><tr><td>Afdekraam</td><td>Inclusief afdekraam</td></tr><tr><td>Aansluitklem</td><td>Schroefklem</td></tr><tr><td>Kleur</td><td>wit</td></tr><tr><td>Spanning</td><td>230 V</td></tr></table><p>Minimale afname 10 stuks. Projectprijs vanaf 100 stuks op aanvraag. Levering binnen 5 werkdagen.</p>",Lichtplein,PRIMA,"PRIMA,B2B,Wandcontactdozen",TRUE,Title,Default Title,LP-PR162,21.85,continue,manual,TRUE,TRUE,https://lichtplein.nl/img/p/lp-pr162-1-l.webp,1,active
lp-pr163,"Opbouwdoos 1-voudig, wit","<p>Betrouwbaar basisschakelmateriaal voor de bouw en renovatie. Leverbaar met en zonder afdekraam, in wit en zand, inclusief opbouwvarianten. Scherp geprijsd bij afname per 10 stuks.</p><ul><li>CE-gecertificeerd</li><li>Standaard Europese maatvoering</li><li>Direct uit voorraad</li></ul><h3>Specificaties</h3><table><tr><td>Kleur</td><td>wit</td></tr></table><p>Minimale afname 10 stuks. Projectprijs vanaf 100 stuks op aanvraag. Levering binnen 5 werkdagen.</p>",Lichtplein,PRIMA,"PRIMA,B2B,Opbouwdozen",TRUE,Title,Default Title,LP-PR163,2.55,continue,manual,TRUE,TRUE,https://lichtplein.nl/img/p/lp-pr163-1-l.webp,1,active
lp-pr164,"Opbouwdoos, links, wit","<p>Betrouwbaar basisschakelmateriaal voor de bouw en renovatie. Leverbaar met en zonder afdekraam, in wit en zand, inclusief opbouwvarianten. Scherp geprijsd bij afname per 10 stuks.</p><ul><li>CE-gecertificeerd</li><li>Standaard Europese maatvoering</li><li>Direct uit voorraad</li></ul><h3>Specificaties</h3><table><tr><td>Kleur</td><td>wit</td></tr></table><p>Minimale afname 10 stuks. Projectprijs vanaf 100 stuks op aanvraag. Levering binnen 5 werkdagen.</p>",Lichtplein,PRIMA,"PRIMA,B2B,Opbouwdozen",TRUE,Title,Default Title,LP-PR164,2.55,continue,manual,TRUE,TRUE,https://lichtplein.nl/img/p/lp-pr164-1-l.webp,1,active
lp-pr165,"Opbouwdoos 1-voudig, wit","<p>Betrouwbaar basisschakelmateriaal voor de bouw en renovatie. Leverbaar met en zonder afdekraam, in wit en zand, inclusief opbouwvarianten. Scherp geprijsd bij afname per 10 stuks.</p><ul><li>CE-gecertificeerd</li><li>Standaard Europese maatvoering</li><li>Direct uit voorraad</li></ul><h3>Specificaties</h3><table><tr><td>Kleur</td><td>wit</td></tr></table><p>Minimale afname 10 stuks. Projectprijs vanaf 100 stuks op aanvraag. Levering binnen 5 werkdagen.</p>",Lichtplein,PRIMA,"PRIMA,B2B,Opbouwdozen",TRUE,Title,Default Title,LP-PR165,2.55,continue,manual,TRUE,TRUE,https://lichtplein.nl/img/p/lp-pr165-1-l.webp,1,active
lp-pr166,"Opbouwdoos, rechts, wit","<p>Betrouwbaar basisschakelmateriaal voor de bouw en renovatie. Leverbaar met en zonder afdekraam, in wit en zand, inclusief opbouwvarianten. Scherp geprijsd bij afname per 10 stuks.</p><ul><li>CE-gecertificeerd</li><li>Standaard Europese maatvoering</li><li>Direct uit voorraad</li></ul><h3>Specificaties</h3><table><tr><td>Kleur</td><td>wit</td></tr></table><p>Minimale afname 10 stuks. Projectprijs vanaf 100 stuks op aanvraag. Levering binnen 5 werkdagen.</p>",Lichtplein,PRIMA,"PRIMA,B2B,Opbouwdozen",TRUE,Title,Default Title,LP-PR166,2.55,continue,manual,TRUE,TRUE,https://lichtplein.nl/img/p/lp-pr166-1-l.webp,1,active
lp-pr167,"Enkelpolige schakelaar, zand","<p>Betrouwbaar basisschakelmateriaal voor de bouw en renovatie. Leverbaar met en zonder afdekraam, in wit en zand, inclusief opbouwvarianten. Scherp geprijsd bij afname per 10 stuks.</p><ul><li>CE-gecertificeerd</li><li>Schroefklem</li><li>Past in standaard inbouwdoos</li></ul><h3>Specificaties</h3><table><tr><td>Montage</td><td>Inbouw</td></tr><tr><td>IP-klasse</td><td>IP20</td></tr><tr><td>Afdekraam</td><td>Inclusief afdekraam</td></tr><tr><td>Nominale stroom</td><td>10 A</td></tr><tr><td>Aansluitklem</td><td>Schroefklem</td></tr><tr><td>Kleur</td><td>zand</td></tr><tr><td>Spanning</td><td>230 V</td></tr></table><p>Minimale afname 10 stuks. Projectprijs vanaf 100 stuks op aanvraag. Levering binnen 5 werkdagen.</p>",Lichtplein,PRIMA,"PRIMA,B2B,Schakelaars",TRUE,Title,Default Title,LP-PR167,10.05,continue,manual,TRUE,TRUE,https://lichtplein.nl/img/p/lp-pr167-1-l.webp,1,active
lp-pr168,"Enkelpolige schakelaar, zand","<p>Betrouwbaar basisschakelmateriaal voor de bouw en renovatie. Leverbaar met en zonder afdekraam, in wit en zand, inclusief opbouwvarianten. Scherp geprijsd bij afname per 10 stuks.</p><ul><li>CE-gecertificeerd</li><li>Schroefklem</li><li>Past in standaard inbouwdoos</li></ul><h3>Specificaties</h3><table><tr><td>Montage</td><td>Inbouw</td></tr><tr><td>IP-klasse</td><td>IP20</td></tr><tr><td>Afdekraam</td><td>Zonder afdekraam (apart bestellen)</td></tr><tr><td>Nominale stroom</td><td>10 A</td></tr><tr><td>Aansluitklem</td><td>Schroefklem</td></tr><tr><td>Kleur</td><td>zand</td></tr><tr><td>Spanning</td><td>230 V</td></tr></table><p>Minimale afname 10 stuks. Projectprijs vanaf 100 stuks op aanvraag. Levering binnen 5 werkdagen.</p>",Lichtplein,PRIMA,"PRIMA,B2B,Schakelaars",TRUE,Title,Default Title,LP-PR168,8.85,continue,manual,TRUE,TRUE,https://lichtplein.nl/img/p/lp-pr168-1-l.webp,1,active
lp-pr169,"Serieschakelaar (2-voudig), zand","<p>Betrouwbaar basisschakelmateriaal voor de bouw en renovatie. Leverbaar met en zonder afdekraam, in wit en zand, inclusief opbouwvarianten. Scherp geprijsd bij afname per 10 stuks.</p><ul><li>CE-gecertificeerd</li><li>Schroefklem</li><li>Past in standaard inbouwdoos</li></ul><h3>Specificaties</h3><table><tr><td>Montage</td><td>Inbouw</td></tr><tr><td>IP-klasse</td><td>IP20</td></tr><tr><td>Afdekraam</td><td>Inclusief afdekraam</td></tr><tr><td>Nominale stroom</td><td>10 A</td></tr><tr><td>Aansluitklem</td><td>Schroefklem</td></tr><tr><td>Kleur</td><td>zand</td></tr><tr><td>Spanning</td><td>230 V</td></tr></table><p>Minimale afname 10 stuks. Projectprijs vanaf 100 stuks op aanvraag. Levering binnen 5 werkdagen.</p>",Lichtplein,PRIMA,"PRIMA,B2B,Schakelaars",TRUE,Title,Default Title,LP-PR169,11.29,continue,manual,TRUE,TRUE,https://lichtplein.nl/img/p/lp-pr169-1-l.webp,1,active
lp-pr169,,,,,,,,,,,,,,,https://lichtplein.nl/img/p/lp-pr169-2-l.webp,2,
lp-pr170,"Serieschakelaar (2-voudig), zand","<p>Betrouwbaar basisschakelmateriaal voor de bouw en renovatie. Leverbaar met en zonder afdekraam, in wit en zand, inclusief opbouwvarianten. Scherp geprijsd bij afname per 10 stuks.</p><ul><li>CE-gecertificeerd</li><li>Schroefklem</li><li>Past in standaard inbouwdoos</li></ul><h3>Specificaties</h3><table><tr><td>Montage</td><td>Inbouw</td></tr><tr><td>IP-klasse</td><td>IP20</td></tr><tr><td>Afdekraam</td><td>Zonder afdekraam (apart bestellen)</td></tr><tr><td>Nominale stroom</td><td>10 A</td></tr><tr><td>Aansluitklem</td><td>Schroefklem</td></tr><tr><td>Kleur</td><td>zand</td></tr><tr><td>Spanning</td><td>230 V</td></tr></table><p>Minimale afname 10 stuks. Projectprijs vanaf 100 stuks op aanvraag. Levering binnen 5 werkdagen.</p>",Lichtplein,PRIMA,"PRIMA,B2B,Schakelaars",TRUE,Title,Default Title,LP-PR170,10.05,continue,manual,TRUE,TRUE,https://lichtplein.nl/img/p/lp-pr170-1-l.webp,1,active
lp-pr171,"Drievoudige schakelaar, zand","<p>Betrouwbaar basisschakelmateriaal voor de bouw en renovatie. Leverbaar met en zonder afdekraam, in wit en zand, inclusief opbouwvarianten. Scherp geprijsd bij afname per 10 stuks.</p><ul><li>CE-gecertificeerd</li><li>Schroefklem</li><li>Past in standaard inbouwdoos</li></ul><h3>Specificaties</h3><table><tr><td>Montage</td><td>Inbouw</td></tr><tr><td>IP-klasse</td><td>IP20</td></tr><tr><td>Afdekraam</td><td>Zonder afdekraam (apart bestellen)</td></tr><tr><td>Nominale stroom</td><td>16 A</td></tr><tr><td>Aansluitklem</td><td>Schroefklem</td></tr><tr><td>Kleur</td><td>zand</td></tr><tr><td>Spanning</td><td>230 V</td></tr></table><p>Minimale afname 10 stuks. Projectprijs vanaf 100 stuks op aanvraag. Levering binnen 5 werkdagen.</p>",Lichtplein,PRIMA,"PRIMA,B2B,Schakelaars",TRUE,Title,Default Title,LP-PR171,15.35,continue,manual,TRUE,TRUE,https://lichtplein.nl/img/p/lp-pr171-1-l.webp,1,active
lp-pr172,"Enkelpolige schakelaar IP44, zand","<p>Betrouwbaar basisschakelmateriaal voor de bouw en renovatie. Leverbaar met en zonder afdekraam, in wit en zand, inclusief opbouwvarianten. Scherp geprijsd bij afname per 10 stuks.</p><ul><li>CE-gecertificeerd</li><li>Schroefklem</li><li>Past in standaard inbouwdoos</li></ul><h3>Specificaties</h3><table><tr><td>Montage</td><td>Inbouw</td></tr><tr><td>IP-klasse</td><td>IP44</td></tr><tr><td>Afdekraam</td><td>Inclusief afdekraam</td></tr><tr><td>Nominale stroom</td><td>10 A</td></tr><tr><td>Aansluitklem</td><td>Schroefklem</td></tr><tr><td>Kleur</td><td>zand</td></tr><tr><td>Spanning</td><td>230 V</td></tr></table><p>Minimale afname 10 stuks. Projectprijs vanaf 100 stuks op aanvraag. Levering binnen 5 werkdagen.</p>",Lichtplein,PRIMA,"PRIMA,B2B,Schakelaars",TRUE,Title,Default Title,LP-PR172,15.35,continue,manual,TRUE,TRUE,https://lichtplein.nl/img/p/lp-pr172-1-l.webp,1,active
lp-pr173,"Serieschakelaar (2-voudig) IP44, zand","<p>Betrouwbaar basisschakelmateriaal voor de bouw en renovatie. Leverbaar met en zonder afdekraam, in wit en zand, inclusief opbouwvarianten. Scherp geprijsd bij afname per 10 stuks.</p><ul><li>CE-gecertificeerd</li><li>Schroefklem</li><li>Past in standaard inbouwdoos</li></ul><h3>Specificaties</h3><table><tr><td>Montage</td><td>Inbouw</td></tr><tr><td>IP-klasse</td><td>IP44</td></tr><tr><td>Afdekraam</td><td>Inclusief afdekraam</td></tr><tr><td>Nominale stroom</td><td>10 A</td></tr><tr><td>Aansluitklem</td><td>Schroefklem</td></tr><tr><td>Kleur</td><td>zand</td></tr><tr><td>Spanning</td><td>230 V</td></tr></table><p>Minimale afname 10 stuks. Projectprijs vanaf 100 stuks op aanvraag. Levering binnen 5 werkdagen.</p>",Lichtplein,PRIMA,"PRIMA,B2B,Schakelaars",TRUE,Title,Default Title,LP-PR173,16.55,continue,manual,TRUE,TRUE,https://lichtplein.nl/img/p/lp-pr173-1-l.webp,1,active
lp-pr174,"Enkelpolige schakelaar met controlelampje, zand","<p>Betrouwbaar basisschakelmateriaal voor de bouw en renovatie. Leverbaar met en zonder afdekraam, in wit en zand, inclusief opbouwvarianten. Scherp geprijsd bij afname per 10 stuks.</p><ul><li>CE-gecertificeerd</li><li>Schroefklem</li><li>Past in standaard inbouwdoos</li></ul><h3>Specificaties</h3><table><tr><td>Montage</td><td>Inbouw</td></tr><tr><td>IP-klasse</td><td>IP20</td></tr><tr><td>Afdekraam</td><td>Inclusief afdekraam</td></tr><tr><td>Nominale stroom</td><td>10 A</td></tr><tr><td>Aansluitklem</td><td>Schroefklem</td></tr><tr><td>Kleur</td><td>zand</td></tr><tr><td>Spanning</td><td>230 V</td></tr></table><p>Minimale afname 10 stuks. Projectprijs vanaf 100 stuks op aanvraag. Levering binnen 5 werkdagen.</p>",Lichtplein,PRIMA,"PRIMA,B2B,Schakelaars",TRUE,Title,Default Title,LP-PR174,12.45,continue,manual,TRUE,TRUE,https://lichtplein.nl/img/p/lp-pr174-1-l.webp,1,active
lp-pr174,,,,,,,,,,,,,,,https://lichtplein.nl/img/p/lp-pr174-2-l.webp,2,
lp-pr175,"Enkelpolige schakelaar met controlelampje, zand","<p>Betrouwbaar basisschakelmateriaal voor de bouw en renovatie. Leverbaar met en zonder afdekraam, in wit en zand, inclusief opbouwvarianten. Scherp geprijsd bij afname per 10 stuks.</p><ul><li>CE-gecertificeerd</li><li>Schroefklem</li><li>Past in standaard inbouwdoos</li></ul><h3>Specificaties</h3><table><tr><td>Montage</td><td>Inbouw</td></tr><tr><td>IP-klasse</td><td>IP20</td></tr><tr><td>Afdekraam</td><td>Zonder afdekraam (apart bestellen)</td></tr><tr><td>Nominale stroom</td><td>10 A</td></tr><tr><td>Aansluitklem</td><td>Schroefklem</td></tr><tr><td>Kleur</td><td>zand</td></tr><tr><td>Spanning</td><td>230 V</td></tr></table><p>Minimale afname 10 stuks. Projectprijs vanaf 100 stuks op aanvraag. Levering binnen 5 werkdagen.</p>",Lichtplein,PRIMA,"PRIMA,B2B,Schakelaars",TRUE,Title,Default Title,LP-PR175,11.29,continue,manual,TRUE,TRUE,https://lichtplein.nl/img/p/lp-pr175-1-l.webp,1,active
lp-pr175,,,,,,,,,,,,,,,https://lichtplein.nl/img/p/lp-pr175-2-l.webp,2,
lp-pr176,"Serieschakelaar (2-voudig) met controlelampje, zand","<p>Betrouwbaar basisschakelmateriaal voor de bouw en renovatie. Leverbaar met en zonder afdekraam, in wit en zand, inclusief opbouwvarianten. Scherp geprijsd bij afname per 10 stuks.</p><ul><li>CE-gecertificeerd</li><li>Schroefklem</li><li>Past in standaard inbouwdoos</li></ul><h3>Specificaties</h3><table><tr><td>Montage</td><td>Inbouw</td></tr><tr><td>IP-klasse</td><td>IP20</td></tr><tr><td>Afdekraam</td><td>Inclusief afdekraam</td></tr><tr><td>Nominale stroom</td><td>10 A</td></tr><tr><td>Aansluitklem</td><td>Schroefklem</td></tr><tr><td>Kleur</td><td>zand</td></tr><tr><td>Spanning</td><td>230 V</td></tr></table><p>Minimale afname 10 stuks. Projectprijs vanaf 100 stuks op aanvraag. Levering binnen 5 werkdagen.</p>",Lichtplein,PRIMA,"PRIMA,B2B,Schakelaars",TRUE,Title,Default Title,LP-PR176,13.69,continue,manual,TRUE,TRUE,https://lichtplein.nl/img/p/lp-pr176-1-l.webp,1,active
lp-pr177,"Serieschakelaar (2-voudig) met controlelampje, zand","<p>Betrouwbaar basisschakelmateriaal voor de bouw en renovatie. Leverbaar met en zonder afdekraam, in wit en zand, inclusief opbouwvarianten. Scherp geprijsd bij afname per 10 stuks.</p><ul><li>CE-gecertificeerd</li><li>Schroefklem</li><li>Past in standaard inbouwdoos</li></ul><h3>Specificaties</h3><table><tr><td>Montage</td><td>Inbouw</td></tr><tr><td>IP-klasse</td><td>IP20</td></tr><tr><td>Afdekraam</td><td>Zonder afdekraam (apart bestellen)</td></tr><tr><td>Nominale stroom</td><td>10 A</td></tr><tr><td>Aansluitklem</td><td>Schroefklem</td></tr><tr><td>Kleur</td><td>zand</td></tr><tr><td>Spanning</td><td>230 V</td></tr></table><p>Minimale afname 10 stuks. Projectprijs vanaf 100 stuks op aanvraag. Levering binnen 5 werkdagen.</p>",Lichtplein,PRIMA,"PRIMA,B2B,Schakelaars",TRUE,Title,Default Title,LP-PR177,12.45,continue,manual,TRUE,TRUE,https://lichtplein.nl/img/p/lp-pr177-1-l.webp,1,active
lp-pr178,"Wisselschakelaar, zand","<p>Betrouwbaar basisschakelmateriaal voor de bouw en renovatie. Leverbaar met en zonder afdekraam, in wit en zand, inclusief opbouwvarianten. Scherp geprijsd bij afname per 10 stuks.</p><ul><li>CE-gecertificeerd</li><li>Schroefklem</li><li>Past in standaard inbouwdoos</li></ul><h3>Specificaties</h3><table><tr><td>Montage</td><td>Inbouw</td></tr><tr><td>IP-klasse</td><td>IP20</td></tr><tr><td>Afdekraam</td><td>Inclusief afdekraam</td></tr><tr><td>Nominale stroom</td><td>10 A</td></tr><tr><td>Aansluitklem</td><td>Schroefklem</td></tr><tr><td>Kleur</td><td>zand</td></tr><tr><td>Spanning</td><td>230 V</td></tr></table><p>Minimale afname 10 stuks. Projectprijs vanaf 100 stuks op aanvraag. Levering binnen 5 werkdagen.</p>",Lichtplein,PRIMA,"PRIMA,B2B,Schakelaars",TRUE,Title,Default Title,LP-PR178,11.29,continue,manual,TRUE,TRUE,https://lichtplein.nl/img/p/lp-pr178-1-l.webp,1,active
lp-pr179,"Wisselschakelaar, zand","<p>Betrouwbaar basisschakelmateriaal voor de bouw en renovatie. Leverbaar met en zonder afdekraam, in wit en zand, inclusief opbouwvarianten. Scherp geprijsd bij afname per 10 stuks.</p><ul><li>CE-gecertificeerd</li><li>Schroefklem</li><li>Past in standaard inbouwdoos</li></ul><h3>Specificaties</h3><table><tr><td>Montage</td><td>Inbouw</td></tr><tr><td>IP-klasse</td><td>IP20</td></tr><tr><td>Afdekraam</td><td>Zonder afdekraam (apart bestellen)</td></tr><tr><td>Nominale stroom</td><td>10 A</td></tr><tr><td>Aansluitklem</td><td>Schroefklem</td></tr><tr><td>Kleur</td><td>zand</td></tr><tr><td>Spanning</td><td>230 V</td></tr></table><p>Minimale afname 10 stuks. Projectprijs vanaf 100 stuks op aanvraag. Levering binnen 5 werkdagen.</p>",Lichtplein,PRIMA,"PRIMA,B2B,Schakelaars",TRUE,Title,Default Title,LP-PR179,10.05,continue,manual,TRUE,TRUE,https://lichtplein.nl/img/p/lp-pr179-1-l.webp,1,active
lp-pr180,"Dubbele wisselschakelaar, zand","<p>Betrouwbaar basisschakelmateriaal voor de bouw en renovatie. Leverbaar met en zonder afdekraam, in wit en zand, inclusief opbouwvarianten. Scherp geprijsd bij afname per 10 stuks.</p><ul><li>CE-gecertificeerd</li><li>Schroefklem</li><li>Past in standaard inbouwdoos</li></ul><h3>Specificaties</h3><table><tr><td>Montage</td><td>Inbouw</td></tr><tr><td>IP-klasse</td><td>IP20</td></tr><tr><td>Afdekraam</td><td>Inclusief afdekraam</td></tr><tr><td>Nominale stroom</td><td>16 A</td></tr><tr><td>Aansluitklem</td><td>Schroefklem</td></tr><tr><td>Kleur</td><td>zand</td></tr><tr><td>Spanning</td><td>230 V</td></tr></table><p>Minimale afname 10 stuks. Projectprijs vanaf 100 stuks op aanvraag. Levering binnen 5 werkdagen.</p>",Lichtplein,PRIMA,"PRIMA,B2B,Schakelaars",TRUE,Title,Default Title,LP-PR180,16.45,continue,manual,TRUE,TRUE,https://lichtplein.nl/img/p/lp-pr180-1-l.webp,1,active
lp-pr181,"Dubbele wisselschakelaar, zand","<p>Betrouwbaar basisschakelmateriaal voor de bouw en renovatie. Leverbaar met en zonder afdekraam, in wit en zand, inclusief opbouwvarianten. Scherp geprijsd bij afname per 10 stuks.</p><ul><li>CE-gecertificeerd</li><li>Schroefklem</li><li>Past in standaard inbouwdoos</li></ul><h3>Specificaties</h3><table><tr><td>Montage</td><td>Inbouw</td></tr><tr><td>IP-klasse</td><td>IP20</td></tr><tr><td>Afdekraam</td><td>Zonder afdekraam (apart bestellen)</td></tr><tr><td>Nominale stroom</td><td>16 A</td></tr><tr><td>Aansluitklem</td><td>Schroefklem</td></tr><tr><td>Kleur</td><td>zand</td></tr><tr><td>Spanning</td><td>230 V</td></tr></table><p>Minimale afname 10 stuks. Projectprijs vanaf 100 stuks op aanvraag. Levering binnen 5 werkdagen.</p>",Lichtplein,PRIMA,"PRIMA,B2B,Schakelaars",TRUE,Title,Default Title,LP-PR181,15.09,continue,manual,TRUE,TRUE,https://lichtplein.nl/img/p/lp-pr181-1-l.webp,1,active
lp-pr182,"Beldrukker, zand","<p>Betrouwbaar basisschakelmateriaal voor de bouw en renovatie. Leverbaar met en zonder afdekraam, in wit en zand, inclusief opbouwvarianten. Scherp geprijsd bij afname per 10 stuks.</p><ul><li>CE-gecertificeerd</li><li>Schroefklem</li><li>Past in standaard inbouwdoos</li></ul><h3>Specificaties</h3><table><tr><td>Montage</td><td>Inbouw</td></tr><tr><td>IP-klasse</td><td>IP20</td></tr><tr><td>Afdekraam</td><td>Inclusief afdekraam</td></tr><tr><td>Nominale stroom</td><td>10 A</td></tr><tr><td>Aansluitklem</td><td>Schroefklem</td></tr><tr><td>Kleur</td><td>zand</td></tr><tr><td>Spanning</td><td>230 V</td></tr></table><p>Minimale afname 10 stuks. Projectprijs vanaf 100 stuks op aanvraag. Levering binnen 5 werkdagen.</p>",Lichtplein,PRIMA,"PRIMA,B2B,Schakelaars",TRUE,Title,Default Title,LP-PR182,10.25,continue,manual,TRUE,TRUE,https://lichtplein.nl/img/p/lp-pr182-1-l.webp,1,active
lp-pr183,"Jaloezieschakelaar, zand","<p>Betrouwbaar basisschakelmateriaal voor de bouw en renovatie. Leverbaar met en zonder afdekraam, in wit en zand, inclusief opbouwvarianten. Scherp geprijsd bij afname per 10 stuks.</p><ul><li>CE-gecertificeerd</li><li>Schroefklem</li><li>Past in standaard inbouwdoos</li></ul><h3>Specificaties</h3><table><tr><td>Montage</td><td>Inbouw</td></tr><tr><td>IP-klasse</td><td>IP20</td></tr><tr><td>Afdekraam</td><td>Inclusief afdekraam</td></tr><tr><td>Nominale stroom</td><td>10 A</td></tr><tr><td>Aansluitklem</td><td>Schroefklem</td></tr><tr><td>Kleur</td><td>zand</td></tr><tr><td>Spanning</td><td>230 V</td></tr></table><p>Minimale afname 10 stuks. Projectprijs vanaf 100 stuks op aanvraag. Levering binnen 5 werkdagen.</p>",Lichtplein,PRIMA,"PRIMA,B2B,Schakelaars",TRUE,Title,Default Title,LP-PR183,12.75,continue,manual,TRUE,TRUE,https://lichtplein.nl/img/p/lp-pr183-1-l.webp,1,active
lp-pr183,,,,,,,,,,,,,,,https://lichtplein.nl/img/p/lp-pr183-2-l.webp,2,
lp-pr183,,,,,,,,,,,,,,,https://lichtplein.nl/img/p/lp-pr183-3-l.webp,3,
lp-pr184,"Kruisschakelaar met controlelampje, zand","<p>Betrouwbaar basisschakelmateriaal voor de bouw en renovatie. Leverbaar met en zonder afdekraam, in wit en zand, inclusief opbouwvarianten. Scherp geprijsd bij afname per 10 stuks.</p><ul><li>CE-gecertificeerd</li><li>Schroefklem</li><li>Past in standaard inbouwdoos</li></ul><h3>Specificaties</h3><table><tr><td>Montage</td><td>Inbouw</td></tr><tr><td>IP-klasse</td><td>IP20</td></tr><tr><td>Afdekraam</td><td>Inclusief afdekraam</td></tr><tr><td>Nominale stroom</td><td>10 A</td></tr><tr><td>Aansluitklem</td><td>Schroefklem</td></tr><tr><td>Kleur</td><td>zand</td></tr><tr><td>Spanning</td><td>230 V</td></tr></table><p>Minimale afname 10 stuks. Projectprijs vanaf 100 stuks op aanvraag. Levering binnen 5 werkdagen.</p>",Lichtplein,PRIMA,"PRIMA,B2B,Schakelaars",TRUE,Title,Default Title,LP-PR184,15.35,continue,manual,TRUE,TRUE,https://lichtplein.nl/img/p/lp-pr184-1-l.webp,1,active
lp-pr185,"Kruisschakelaar, zand","<p>Betrouwbaar basisschakelmateriaal voor de bouw en renovatie. Leverbaar met en zonder afdekraam, in wit en zand, inclusief opbouwvarianten. Scherp geprijsd bij afname per 10 stuks.</p><ul><li>CE-gecertificeerd</li><li>Schroefklem</li><li>Past in standaard inbouwdoos</li></ul><h3>Specificaties</h3><table><tr><td>Montage</td><td>Inbouw</td></tr><tr><td>IP-klasse</td><td>IP20</td></tr><tr><td>Afdekraam</td><td>Zonder afdekraam (apart bestellen)</td></tr><tr><td>Nominale stroom</td><td>10 A</td></tr><tr><td>Aansluitklem</td><td>Schroefklem</td></tr><tr><td>Kleur</td><td>zand</td></tr><tr><td>Spanning</td><td>230 V</td></tr></table><p>Minimale afname 10 stuks. Projectprijs vanaf 100 stuks op aanvraag. Levering binnen 5 werkdagen.</p>",Lichtplein,PRIMA,"PRIMA,B2B,Schakelaars",TRUE,Title,Default Title,LP-PR185,14.15,continue,manual,TRUE,TRUE,https://lichtplein.nl/img/p/lp-pr185-1-l.webp,1,active
lp-pr186,"Draaidimmer 40-400W, zand","<p>Betrouwbaar basisschakelmateriaal voor de bouw en renovatie. Leverbaar met en zonder afdekraam, in wit en zand, inclusief opbouwvarianten. Scherp geprijsd bij afname per 10 stuks.</p><ul><li>CE-gecertificeerd</li><li>Schroefklem</li><li>Past in standaard inbouwdoos</li></ul><h3>Specificaties</h3><table><tr><td>Belasting</td><td>40-400W (gloei/halogeen)</td></tr><tr><td>Montage</td><td>Inbouw</td></tr><tr><td>IP-klasse</td><td>IP20</td></tr><tr><td>Kleur</td><td>zand</td></tr><tr><td>Spanning</td><td>230 V</td></tr></table><p>Minimale afname 10 stuks. Projectprijs vanaf 100 stuks op aanvraag. Levering binnen 5 werkdagen.</p>",Lichtplein,PRIMA,"PRIMA,B2B,Dimmers",TRUE,Title,Default Title,LP-PR186,64.89,continue,manual,TRUE,TRUE,https://lichtplein.nl/img/p/lp-pr186-1-l.webp,1,active
lp-pr187,"Draaidimmer 40-400W, zand","<p>Betrouwbaar basisschakelmateriaal voor de bouw en renovatie. Leverbaar met en zonder afdekraam, in wit en zand, inclusief opbouwvarianten. Scherp geprijsd bij afname per 10 stuks.</p><ul><li>CE-gecertificeerd</li><li>Schroefklem</li><li>Past in standaard inbouwdoos</li></ul><h3>Specificaties</h3><table><tr><td>Belasting</td><td>40-400W (gloei/halogeen)</td></tr><tr><td>Montage</td><td>Inbouw</td></tr><tr><td>IP-klasse</td><td>IP20</td></tr><tr><td>Kleur</td><td>zand</td></tr><tr><td>Spanning</td><td>230 V</td></tr></table><p>Minimale afname 10 stuks. Projectprijs vanaf 100 stuks op aanvraag. Levering binnen 5 werkdagen.</p>",Lichtplein,PRIMA,"PRIMA,B2B,Dimmers",TRUE,Title,Default Title,LP-PR187,62.29,continue,manual,TRUE,TRUE,https://lichtplein.nl/img/p/lp-pr187-1-l.webp,1,active
lp-pr188,"LED-draaidimmer 3-100W, zand","<p>Betrouwbaar basisschakelmateriaal voor de bouw en renovatie. Leverbaar met en zonder afdekraam, in wit en zand, inclusief opbouwvarianten. Scherp geprijsd bij afname per 10 stuks.</p><ul><li>CE-gecertificeerd</li><li>Schroefklem</li><li>Past in standaard inbouwdoos</li></ul><h3>Specificaties</h3><table><tr><td>Belasting</td><td>LED 3-100W</td></tr><tr><td>Montage</td><td>Inbouw</td></tr><tr><td>IP-klasse</td><td>IP20</td></tr><tr><td>Kleur</td><td>zand</td></tr><tr><td>Spanning</td><td>230 V</td></tr></table><p>Minimale afname 10 stuks. Projectprijs vanaf 100 stuks op aanvraag. Levering binnen 5 werkdagen.</p>",Lichtplein,PRIMA,"PRIMA,B2B,Dimmers",TRUE,Title,Default Title,LP-PR188,82.55,continue,manual,TRUE,TRUE,https://lichtplein.nl/img/p/lp-pr188-1-l.webp,1,active
lp-pr188,,,,,,,,,,,,,,,https://lichtplein.nl/img/p/lp-pr188-2-l.webp,2,
lp-pr189,"Wandcontactdoos zonder randaarde, zand","<p>Betrouwbaar basisschakelmateriaal voor de bouw en renovatie. Leverbaar met en zonder afdekraam, in wit en zand, inclusief opbouwvarianten. Scherp geprijsd bij afname per 10 stuks.</p><ul><li>CE-gecertificeerd</li><li>Schroefklem</li><li>Past in standaard inbouwdoos</li></ul><h3>Specificaties</h3><table><tr><td>Nominale stroom</td><td>16 A</td></tr><tr><td>Montage</td><td>Inbouw</td></tr><tr><td>IP-klasse</td><td>IP20</td></tr><tr><td>Afdekraam</td><td>Inclusief afdekraam</td></tr><tr><td>Aansluitklem</td><td>Schroefklem</td></tr><tr><td>Kleur</td><td>zand</td></tr><tr><td>Spanning</td><td>230 V</td></tr></table><p>Minimale afname 10 stuks. Projectprijs vanaf 100 stuks op aanvraag. Levering binnen 5 werkdagen.</p>",Lichtplein,PRIMA,"PRIMA,B2B,Wandcontactdozen",TRUE,Title,Default Title,LP-PR189,7.29,continue,manual,TRUE,TRUE,https://lichtplein.nl/img/p/lp-pr189-1-l.webp,1,active
lp-pr190,"Wandcontactdoos zonder randaarde, zand","<p>Betrouwbaar basisschakelmateriaal voor de bouw en renovatie. Leverbaar met en zonder afdekraam, in wit en zand, inclusief opbouwvarianten. Scherp geprijsd bij afname per 10 stuks.</p><ul><li>CE-gecertificeerd</li><li>Schroefklem</li><li>Past in standaard inbouwdoos</li></ul><h3>Specificaties</h3><table><tr><td>Nominale stroom</td><td>16 A</td></tr><tr><td>Montage</td><td>Inbouw</td></tr><tr><td>IP-klasse</td><td>IP20</td></tr><tr><td>Afdekraam</td><td>Zonder afdekraam (apart bestellen)</td></tr><tr><td>Aansluitklem</td><td>Schroefklem</td></tr><tr><td>Kleur</td><td>zand</td></tr><tr><td>Spanning</td><td>230 V</td></tr></table><p>Minimale afname 10 stuks. Projectprijs vanaf 100 stuks op aanvraag. Levering binnen 5 werkdagen.</p>",Lichtplein,PRIMA,"PRIMA,B2B,Wandcontactdozen",TRUE,Title,Default Title,LP-PR190,6.05,continue,manual,TRUE,TRUE,https://lichtplein.nl/img/p/lp-pr190-1-l.webp,1,active
lp-pr191,"Dubbele wandcontactdoos zonder randaarde, zand","<p>Betrouwbaar basisschakelmateriaal voor de bouw en renovatie. Leverbaar met en zonder afdekraam, in wit en zand, inclusief opbouwvarianten. Scherp geprijsd bij afname per 10 stuks.</p><ul><li>CE-gecertificeerd</li><li>Schroefklem</li><li>Past in standaard inbouwdoos</li></ul><h3>Specificaties</h3><table><tr><td>Nominale stroom</td><td>16 A</td></tr><tr><td>Montage</td><td>Inbouw</td></tr><tr><td>IP-klasse</td><td>IP20</td></tr><tr><td>Afdekraam</td><td>Inclusief afdekraam</td></tr><tr><td>Aansluitklem</td><td>Schroefklem</td></tr><tr><td>Kleur</td><td>zand</td></tr><tr><td>Spanning</td><td>230 V</td></tr></table><p>Minimale afname 10 stuks. Projectprijs vanaf 100 stuks op aanvraag. Levering binnen 5 werkdagen.</p>",Lichtplein,PRIMA,"PRIMA,B2B,Wandcontactdozen",TRUE,Title,Default Title,LP-PR191,10.05,continue,manual,TRUE,TRUE,https://lichtplein.nl/img/p/lp-pr191-1-l.webp,1,active
lp-pr192,"Dubbele wandcontactdoos met randaarde, zand","<p>Betrouwbaar basisschakelmateriaal voor de bouw en renovatie. Leverbaar met en zonder afdekraam, in wit en zand, inclusief opbouwvarianten. Scherp geprijsd bij afname per 10 stuks.</p><ul><li>CE-gecertificeerd</li><li>Schroefklem</li><li>Past in standaard inbouwdoos</li></ul><h3>Specificaties</h3><table><tr><td>Nominale stroom</td><td>16 A</td></tr><tr><td>Montage</td><td>Inbouw</td></tr><tr><td>IP-klasse</td><td>IP20</td></tr><tr><td>Afdekraam</td><td>Zonder afdekraam (apart bestellen)</td></tr><tr><td>Aansluitklem</td><td>Schroefklem</td></tr><tr><td>Kleur</td><td>zand</td></tr><tr><td>Spanning</td><td>230 V</td></tr></table><p>Minimale afname 10 stuks. Projectprijs vanaf 100 stuks op aanvraag. Levering binnen 5 werkdagen.</p>",Lichtplein,PRIMA,"PRIMA,B2B,Wandcontactdozen",TRUE,Title,Default Title,LP-PR192,8.49,continue,manual,TRUE,TRUE,https://lichtplein.nl/img/p/lp-pr192-1-l.webp,1,active
lp-pr193,"Wandcontactdoos met randaarde, zand","<p>Betrouwbaar basisschakelmateriaal voor de bouw en renovatie. Leverbaar met en zonder afdekraam, in wit en zand, inclusief opbouwvarianten. Scherp geprijsd bij afname per 10 stuks.</p><ul><li>CE-gecertificeerd</li><li>Schroefklem</li><li>Past in standaard inbouwdoos</li></ul><h3>Specificaties</h3><table><tr><td>Nominale stroom</td><td>16 A</td></tr><tr><td>Montage</td><td>Inbouw</td></tr><tr><td>IP-klasse</td><td>IP20</td></tr><tr><td>Afdekraam</td><td>Zonder afdekraam (apart bestellen)</td></tr><tr><td>Aansluitklem</td><td>Schroefklem</td></tr><tr><td>Kleur</td><td>zand</td></tr><tr><td>Spanning</td><td>230 V</td></tr></table><p>Minimale afname 10 stuks. Projectprijs vanaf 100 stuks op aanvraag. Levering binnen 5 werkdagen.</p>",Lichtplein,PRIMA,"PRIMA,B2B,Wandcontactdozen",TRUE,Title,Default Title,LP-PR193,7.35,continue,manual,TRUE,TRUE,https://lichtplein.nl/img/p/lp-pr193-1-l.webp,1,active
lp-pr193,,,,,,,,,,,,,,,https://lichtplein.nl/img/p/lp-pr193-2-l.webp,2,
lp-pr194,"Wandcontactdoos met randaarde, zand, set van 10","<p>Betrouwbaar basisschakelmateriaal voor de bouw en renovatie. Leverbaar met en zonder afdekraam, in wit en zand, inclusief opbouwvarianten. Scherp geprijsd bij afname per 10 stuks.</p><ul><li>CE-gecertificeerd</li><li>Schroefklem</li><li>Past in standaard inbouwdoos</li></ul><h3>Specificaties</h3><table><tr><td>Nominale stroom</td><td>16 A</td></tr><tr><td>Montage</td><td>Inbouw</td></tr><tr><td>IP-klasse</td><td>IP20</td></tr><tr><td>Afdekraam</td><td>Zonder afdekraam (apart bestellen)</td></tr><tr><td>Aansluitklem</td><td>Schroefklem</td></tr><tr><td>Kleur</td><td>zand</td></tr><tr><td>Spanning</td><td>230 V</td></tr><tr><td>Verpakking</td><td>10 stuks</td></tr></table><p>Minimale afname 1 set. Projectprijs vanaf 100 stuks op aanvraag. Levering binnen 5 werkdagen.</p>",Lichtplein,PRIMA,"PRIMA,B2B,Wandcontactdozen",TRUE,Title,Default Title,LP-PR194,70.75,continue,manual,TRUE,TRUE,https://lichtplein.nl/img/p/lp-pr194-1-l.webp,1,active
lp-pr194,,,,,,,,,,,,,,,https://lichtplein.nl/img/p/lp-pr194-2-l.webp,2,
lp-pr195,"Dubbele wandcontactdoos met randaarde, zand","<p>Betrouwbaar basisschakelmateriaal voor de bouw en renovatie. Leverbaar met en zonder afdekraam, in wit en zand, inclusief opbouwvarianten. Scherp geprijsd bij afname per 10 stuks.</p><ul><li>CE-gecertificeerd</li><li>Schroefklem</li><li>Past in standaard inbouwdoos</li></ul><h3>Specificaties</h3><table><tr><td>Nominale stroom</td><td>16 A</td></tr><tr><td>Montage</td><td>Inbouw</td></tr><tr><td>IP-klasse</td><td>IP20</td></tr><tr><td>Afdekraam</td><td>Inclusief afdekraam</td></tr><tr><td>Aansluitklem</td><td>Schroefklem</td></tr><tr><td>Kleur</td><td>zand</td></tr><tr><td>Spanning</td><td>230 V</td></tr></table><p>Minimale afname 10 stuks. Projectprijs vanaf 100 stuks op aanvraag. Levering binnen 5 werkdagen.</p>",Lichtplein,PRIMA,"PRIMA,B2B,Wandcontactdozen",TRUE,Title,Default Title,LP-PR195,12.15,continue,manual,TRUE,TRUE,https://lichtplein.nl/img/p/lp-pr195-1-l.webp,1,active
lp-pr196,"Wandcontactdoos met randaarde met klapdeksel, zand","<p>Betrouwbaar basisschakelmateriaal voor de bouw en renovatie. Leverbaar met en zonder afdekraam, in wit en zand, inclusief opbouwvarianten. Scherp geprijsd bij afname per 10 stuks.</p><ul><li>CE-gecertificeerd</li><li>Schroefklem</li><li>Past in standaard inbouwdoos</li></ul><h3>Specificaties</h3><table><tr><td>Nominale stroom</td><td>16 A</td></tr><tr><td>Montage</td><td>Inbouw</td></tr><tr><td>IP-klasse</td><td>IP44</td></tr><tr><td>Afdekraam</td><td>Inclusief afdekraam</td></tr><tr><td>Aansluitklem</td><td>Schroefklem</td></tr><tr><td>Kleur</td><td>zand</td></tr><tr><td>Spanning</td><td>230 V</td></tr></table><p>Minimale afname 10 stuks. Projectprijs vanaf 100 stuks op aanvraag. Levering binnen 5 werkdagen.</p>",Lichtplein,PRIMA,"PRIMA,B2B,Wandcontactdozen",TRUE,Title,Default Title,LP-PR196,11.69,continue,manual,TRUE,TRUE,https://lichtplein.nl/img/p/lp-pr196-1-l.webp,1,active
lp-pr197,"Wandcontactdoos met randaarde met klapdeksel, zand","<p>Betrouwbaar basisschakelmateriaal voor de bouw en renovatie. Leverbaar met en zonder afdekraam, in wit en zand, inclusief opbouwvarianten. Scherp geprijsd bij afname per 10 stuks.</p><ul><li>CE-gecertificeerd</li><li>Schroefklem</li><li>Past in standaard inbouwdoos</li></ul><h3>Specificaties</h3><table><tr><td>Nominale stroom</td><td>16 A</td></tr><tr><td>Montage</td><td>Inbouw</td></tr><tr><td>IP-klasse</td><td>IP44</td></tr><tr><td>Afdekraam</td><td>Zonder afdekraam (apart bestellen)</td></tr><tr><td>Aansluitklem</td><td>Schroefklem</td></tr><tr><td>Kleur</td><td>zand</td></tr><tr><td>Spanning</td><td>230 V</td></tr></table><p>Minimale afname 10 stuks. Projectprijs vanaf 100 stuks op aanvraag. Levering binnen 5 werkdagen.</p>",Lichtplein,PRIMA,"PRIMA,B2B,Wandcontactdozen",TRUE,Title,Default Title,LP-PR197,10.49,continue,manual,TRUE,TRUE,https://lichtplein.nl/img/p/lp-pr197-1-l.webp,1,active
lp-pr198,"Wandcontactdoos met randaarde, spreidklauwen, zand","<p>Betrouwbaar basisschakelmateriaal voor de bouw en renovatie. Leverbaar met en zonder afdekraam, in wit en zand, inclusief opbouwvarianten. Scherp geprijsd bij afname per 10 stuks.</p><ul><li>CE-gecertificeerd</li><li>Schroefklem</li><li>Past in standaard inbouwdoos</li></ul><h3>Specificaties</h3><table><tr><td>Nominale stroom</td><td>16 A</td></tr><tr><td>Montage</td><td>Inbouw</td></tr><tr><td>IP-klasse</td><td>IP20</td></tr><tr><td>Afdekraam</td><td>Zonder afdekraam (apart bestellen)</td></tr><tr><td>Aansluitklem</td><td>Schroefklem</td></tr><tr><td>Kleur</td><td>zand</td></tr><tr><td>Spanning</td><td>230 V</td></tr></table><p>Minimale afname 10 stuks. Projectprijs vanaf 100 stuks op aanvraag. Levering binnen 5 werkdagen.</p>",Lichtplein,PRIMA,"PRIMA,B2B,Wandcontactdozen",TRUE,Title,Default Title,LP-PR198,8.05,continue,manual,TRUE,TRUE,https://lichtplein.nl/img/p/lp-pr198-1-l.webp,1,active
lp-pr199,"Combi-aansluiting TV en RJ45 CAT6, zand","<p>Betrouwbaar basisschakelmateriaal voor de bouw en renovatie. Leverbaar met en zonder afdekraam, in wit en zand, inclusief opbouwvarianten. Scherp geprijsd bij afname per 10 stuks.</p><ul><li>CE-gecertificeerd</li><li>Schroefklem</li><li>Past in standaard inbouwdoos</li></ul><h3>Specificaties</h3><table><tr><td>Montage</td><td>Inbouw</td></tr><tr><td>IP-klasse</td><td>IP20</td></tr><tr><td>Kleur</td><td>zand</td></tr></table><p>Minimale afname 10 stuks. Projectprijs vanaf 100 stuks op aanvraag. Levering binnen 5 werkdagen.</p>",Lichtplein,PRIMA,"PRIMA,B2B,Data en media",TRUE,Title,Default Title,LP-PR199,23.05,continue,manual,TRUE,TRUE,https://lichtplein.nl/img/p/lp-pr199-1-l.webp,1,active
lp-pr199,,,,,,,,,,,,,,,https://lichtplein.nl/img/p/lp-pr199-2-l.webp,2,
lp-pr200,"TV-aansluiting F-connector, zand","<p>Betrouwbaar basisschakelmateriaal voor de bouw en renovatie. Leverbaar met en zonder afdekraam, in wit en zand, inclusief opbouwvarianten. Scherp geprijsd bij afname per 10 stuks.</p><ul><li>CE-gecertificeerd</li><li>Schroefklem</li><li>Past in standaard inbouwdoos</li></ul><h3>Specificaties</h3><table><tr><td>Montage</td><td>Inbouw</td></tr><tr><td>IP-klasse</td><td>IP20</td></tr><tr><td>Kleur</td><td>zand</td></tr></table><p>Minimale afname 10 stuks. Projectprijs vanaf 100 stuks op aanvraag. Levering binnen 5 werkdagen.</p>",Lichtplein,PRIMA,"PRIMA,B2B,Data en media",TRUE,Title,Default Title,LP-PR200,10.05,continue,manual,TRUE,TRUE,https://lichtplein.nl/img/p/lp-pr200-1-l.webp,1,active
lp-pr200,,,,,,,,,,,,,,,https://lichtplein.nl/img/p/lp-pr200-2-l.webp,2,
lp-pr200,,,,,,,,,,,,,,,https://lichtplein.nl/img/p/lp-pr200-3-l.webp,3,
lp-pr200,,,,,,,,,,,,,,,https://lichtplein.nl/img/p/lp-pr200-4-l.webp,4,
lp-pr201,"Netwerkaansluiting RJ45 CAT5e, zand","<p>Betrouwbaar basisschakelmateriaal voor de bouw en renovatie. Leverbaar met en zonder afdekraam, in wit en zand, inclusief opbouwvarianten. Scherp geprijsd bij afname per 10 stuks.</p><ul><li>CE-gecertificeerd</li><li>Schroefklem</li><li>Past in standaard inbouwdoos</li></ul><h3>Specificaties</h3><table><tr><td>Montage</td><td>Inbouw</td></tr><tr><td>IP-klasse</td><td>IP20</td></tr><tr><td>Kleur</td><td>zand</td></tr></table><p>Minimale afname 10 stuks. Projectprijs vanaf 100 stuks op aanvraag. Levering binnen 5 werkdagen.</p>",Lichtplein,PRIMA,"PRIMA,B2B,Data en media",TRUE,Title,Default Title,LP-PR201,14.15,continue,manual,TRUE,TRUE,https://lichtplein.nl/img/p/lp-pr201-1-l.webp,1,active
lp-pr202,"Netwerkaansluiting 2x RJ45 CAT6, zand","<p>Betrouwbaar basisschakelmateriaal voor de bouw en renovatie. Leverbaar met en zonder afdekraam, in wit en zand, inclusief opbouwvarianten. Scherp geprijsd bij afname per 10 stuks.</p><ul><li>CE-gecertificeerd</li><li>Schroefklem</li><li>Past in standaard inbouwdoos</li></ul><h3>Specificaties</h3><table><tr><td>Montage</td><td>Inbouw</td></tr><tr><td>IP-klasse</td><td>IP20</td></tr><tr><td>Kleur</td><td>zand</td></tr></table><p>Minimale afname 10 stuks. Projectprijs vanaf 100 stuks op aanvraag. Levering binnen 5 werkdagen.</p>",Lichtplein,PRIMA,"PRIMA,B2B,Data en media",TRUE,Title,Default Title,LP-PR202,23.45,continue,manual,TRUE,TRUE,https://lichtplein.nl/img/p/lp-pr202-1-l.webp,1,active
lp-pr203,"Afdekraam 1-voudig, zand","<p>Betrouwbaar basisschakelmateriaal voor de bouw en renovatie. Leverbaar met en zonder afdekraam, in wit en zand, inclusief opbouwvarianten. Scherp geprijsd bij afname per 10 stuks.</p><ul><li>CE-gecertificeerd</li><li>Standaard Europese maatvoering</li><li>Direct uit voorraad</li></ul><h3>Specificaties</h3><table><tr><td>Kleur</td><td>zand</td></tr></table><p>Minimale afname 10 stuks. Projectprijs vanaf 100 stuks op aanvraag. Levering binnen 5 werkdagen.</p>",Lichtplein,PRIMA,"PRIMA,B2B,Afdekramen",TRUE,Title,Default Title,LP-PR203,1.35,continue,manual,TRUE,TRUE,https://lichtplein.nl/img/p/lp-pr203-1-l.webp,1,active
lp-pr204,"Afdekraam 2-voudig, zand","<p>Betrouwbaar basisschakelmateriaal voor de bouw en renovatie. Leverbaar met en zonder afdekraam, in wit en zand, inclusief opbouwvarianten. Scherp geprijsd bij afname per 10 stuks.</p><ul><li>CE-gecertificeerd</li><li>Standaard Europese maatvoering</li><li>Direct uit voorraad</li></ul><h3>Specificaties</h3><table><tr><td>Kleur</td><td>zand</td></tr></table><p>Minimale afname 10 stuks. Projectprijs vanaf 100 stuks op aanvraag. Levering binnen 5 werkdagen.</p>",Lichtplein,PRIMA,"PRIMA,B2B,Afdekramen",TRUE,Title,Default Title,LP-PR204,2.45,continue,manual,TRUE,TRUE,https://lichtplein.nl/img/p/lp-pr204-1-l.webp,1,active
lp-pr205,"Afdekraam 3-voudig, zand","<p>Betrouwbaar basisschakelmateriaal voor de bouw en renovatie. Leverbaar met en zonder afdekraam, in wit en zand, inclusief opbouwvarianten. Scherp geprijsd bij afname per 10 stuks.</p><ul><li>CE-gecertificeerd</li><li>Standaard Europese maatvoering</li><li>Direct uit voorraad</li></ul><h3>Specificaties</h3><table><tr><td>Kleur</td><td>zand</td></tr></table><p>Minimale afname 10 stuks. Projectprijs vanaf 100 stuks op aanvraag. Levering binnen 5 werkdagen.</p>",Lichtplein,PRIMA,"PRIMA,B2B,Afdekramen",TRUE,Title,Default Title,LP-PR205,4.39,continue,manual,TRUE,TRUE,https://lichtplein.nl/img/p/lp-pr205-1-l.webp,1,active
lp-pr206,"Afdekraam 4-voudig, zand","<p>Betrouwbaar basisschakelmateriaal voor de bouw en renovatie. Leverbaar met en zonder afdekraam, in wit en zand, inclusief opbouwvarianten. Scherp geprijsd bij afname per 10 stuks.</p><ul><li>CE-gecertificeerd</li><li>Standaard Europese maatvoering</li><li>Direct uit voorraad</li></ul><h3>Specificaties</h3><table><tr><td>Kleur</td><td>zand</td></tr></table><p>Minimale afname 10 stuks. Projectprijs vanaf 100 stuks op aanvraag. Levering binnen 5 werkdagen.</p>",Lichtplein,PRIMA,"PRIMA,B2B,Afdekramen",TRUE,Title,Default Title,LP-PR206,6.05,continue,manual,TRUE,TRUE,https://lichtplein.nl/img/p/lp-pr206-1-l.webp,1,active
lp-pr207,"Afdekraam 5-voudig, zand","<p>Betrouwbaar basisschakelmateriaal voor de bouw en renovatie. Leverbaar met en zonder afdekraam, in wit en zand, inclusief opbouwvarianten. Scherp geprijsd bij afname per 10 stuks.</p><ul><li>CE-gecertificeerd</li><li>Standaard Europese maatvoering</li><li>Direct uit voorraad</li></ul><h3>Specificaties</h3><table><tr><td>Kleur</td><td>zand</td></tr></table><p>Minimale afname 10 stuks. Projectprijs vanaf 100 stuks op aanvraag. Levering binnen 5 werkdagen.</p>",Lichtplein,PRIMA,"PRIMA,B2B,Afdekramen",TRUE,Title,Default Title,LP-PR207,9.25,continue,manual,TRUE,TRUE,https://lichtplein.nl/img/p/lp-pr207-1-l.webp,1,active
lp-pr208,"Blindplaat, zand","<p>Betrouwbaar basisschakelmateriaal voor de bouw en renovatie. Leverbaar met en zonder afdekraam, in wit en zand, inclusief opbouwvarianten. Scherp geprijsd bij afname per 10 stuks.</p><ul><li>CE-gecertificeerd</li><li>Standaard Europese maatvoering</li><li>Direct uit voorraad</li></ul><h3>Specificaties</h3><table><tr><td>Montage</td><td>Inbouw</td></tr><tr><td>IP-klasse</td><td>IP20</td></tr><tr><td>Kleur</td><td>zand</td></tr></table><p>Minimale afname 10 stuks. Projectprijs vanaf 100 stuks op aanvraag. Levering binnen 5 werkdagen.</p>",Lichtplein,PRIMA,"PRIMA,B2B,Afwerking",TRUE,Title,Default Title,LP-PR208,4.85,continue,manual,TRUE,TRUE,https://lichtplein.nl/img/p/lp-pr208-1-l.webp,1,active
lp-pr208,,,,,,,,,,,,,,,https://lichtplein.nl/img/p/lp-pr208-2-l.webp,2,
lp-pr209,"Opbouw enkelpolige schakelaar, zand","<p>Betrouwbaar basisschakelmateriaal voor de bouw en renovatie. Leverbaar met en zonder afdekraam, in wit en zand, inclusief opbouwvarianten. Scherp geprijsd bij afname per 10 stuks.</p><ul><li>CE-gecertificeerd</li><li>Schroefklem</li><li>Past in standaard inbouwdoos</li></ul><h3>Specificaties</h3><table><tr><td>Montage</td><td>Opbouw</td></tr><tr><td>IP-klasse</td><td>IP20</td></tr><tr><td>Nominale stroom</td><td>10 A</td></tr><tr><td>Aansluitklem</td><td>Schroefklem</td></tr><tr><td>Kleur</td><td>zand</td></tr><tr><td>Spanning</td><td>230 V</td></tr></table><p>Minimale afname 10 stuks. Projectprijs vanaf 100 stuks op aanvraag. Levering binnen 5 werkdagen.</p>",Lichtplein,PRIMA,"PRIMA,B2B,Schakelaars",TRUE,Title,Default Title,LP-PR209,7.65,continue,manual,TRUE,TRUE,https://lichtplein.nl/img/p/lp-pr209-1-l.webp,1,active
lp-pr210,"Opbouw serieschakelaar (2-voudig), zand","<p>Betrouwbaar basisschakelmateriaal voor de bouw en renovatie. Leverbaar met en zonder afdekraam, in wit en zand, inclusief opbouwvarianten. Scherp geprijsd bij afname per 10 stuks.</p><ul><li>CE-gecertificeerd</li><li>Schroefklem</li><li>Past in standaard inbouwdoos</li></ul><h3>Specificaties</h3><table><tr><td>Montage</td><td>Opbouw</td></tr><tr><td>IP-klasse</td><td>IP20</td></tr><tr><td>Nominale stroom</td><td>10 A</td></tr><tr><td>Aansluitklem</td><td>Schroefklem</td></tr><tr><td>Kleur</td><td>zand</td></tr><tr><td>Spanning</td><td>230 V</td></tr></table><p>Minimale afname 10 stuks. Projectprijs vanaf 100 stuks op aanvraag. Levering binnen 5 werkdagen.</p>",Lichtplein,PRIMA,"PRIMA,B2B,Schakelaars",TRUE,Title,Default Title,LP-PR210,8.49,continue,manual,TRUE,TRUE,https://lichtplein.nl/img/p/lp-pr210-1-l.webp,1,active
lp-pr211,"Opbouw wisselschakelaar, zand","<p>Betrouwbaar basisschakelmateriaal voor de bouw en renovatie. Leverbaar met en zonder afdekraam, in wit en zand, inclusief opbouwvarianten. Scherp geprijsd bij afname per 10 stuks.</p><ul><li>CE-gecertificeerd</li><li>Schroefklem</li><li>Past in standaard inbouwdoos</li></ul><h3>Specificaties</h3><table><tr><td>Montage</td><td>Opbouw</td></tr><tr><td>IP-klasse</td><td>IP20</td></tr><tr><td>Nominale stroom</td><td>10 A</td></tr><tr><td>Aansluitklem</td><td>Schroefklem</td></tr><tr><td>Kleur</td><td>zand</td></tr><tr><td>Spanning</td><td>230 V</td></tr></table><p>Minimale afname 10 stuks. Projectprijs vanaf 100 stuks op aanvraag. Levering binnen 5 werkdagen.</p>",Lichtplein,PRIMA,"PRIMA,B2B,Schakelaars",TRUE,Title,Default Title,LP-PR211,9.25,continue,manual,TRUE,TRUE,https://lichtplein.nl/img/p/lp-pr211-1-l.webp,1,active
lp-pr212,"Opbouw wandcontactdoos zonder randaarde, zand","<p>Betrouwbaar basisschakelmateriaal voor de bouw en renovatie. Leverbaar met en zonder afdekraam, in wit en zand, inclusief opbouwvarianten. Scherp geprijsd bij afname per 10 stuks.</p><ul><li>CE-gecertificeerd</li><li>Schroefklem</li><li>Past in standaard inbouwdoos</li></ul><h3>Specificaties</h3><table><tr><td>Nominale stroom</td><td>16 A</td></tr><tr><td>Montage</td><td>Opbouw</td></tr><tr><td>IP-klasse</td><td>IP20</td></tr><tr><td>Aansluitklem</td><td>Schroefklem</td></tr><tr><td>Kleur</td><td>zand</td></tr><tr><td>Spanning</td><td>230 V</td></tr></table><p>Minimale afname 10 stuks. Projectprijs vanaf 100 stuks op aanvraag. Levering binnen 5 werkdagen.</p>",Lichtplein,PRIMA,"PRIMA,B2B,Wandcontactdozen",TRUE,Title,Default Title,LP-PR212,5.65,continue,manual,TRUE,TRUE,https://lichtplein.nl/img/p/lp-pr212-1-l.webp,1,active
lp-pr213,"Opbouw dubbele wandcontactdoos zonder randaarde, zand","<p>Betrouwbaar basisschakelmateriaal voor de bouw en renovatie. Leverbaar met en zonder afdekraam, in wit en zand, inclusief opbouwvarianten. Scherp geprijsd bij afname per 10 stuks.</p><ul><li>CE-gecertificeerd</li><li>Schroefklem</li><li>Past in standaard inbouwdoos</li></ul><h3>Specificaties</h3><table><tr><td>Nominale stroom</td><td>16 A</td></tr><tr><td>Montage</td><td>Opbouw</td></tr><tr><td>IP-klasse</td><td>IP20</td></tr><tr><td>Aansluitklem</td><td>Schroefklem</td></tr><tr><td>Kleur</td><td>zand</td></tr><tr><td>Spanning</td><td>230 V</td></tr></table><p>Minimale afname 10 stuks. Projectprijs vanaf 100 stuks op aanvraag. Levering binnen 5 werkdagen.</p>",Lichtplein,PRIMA,"PRIMA,B2B,Wandcontactdozen",TRUE,Title,Default Title,LP-PR213,7.65,continue,manual,TRUE,TRUE,https://lichtplein.nl/img/p/lp-pr213-1-l.webp,1,active
lp-pr214,"Opbouw wandcontactdoos met randaarde, zand","<p>Betrouwbaar basisschakelmateriaal voor de bouw en renovatie. Leverbaar met en zonder afdekraam, in wit en zand, inclusief opbouwvarianten. Scherp geprijsd bij afname per 10 stuks.</p><ul><li>CE-gecertificeerd</li><li>Schroefklem</li><li>Past in standaard inbouwdoos</li></ul><h3>Specificaties</h3><table><tr><td>Nominale stroom</td><td>16 A</td></tr><tr><td>Montage</td><td>Opbouw</td></tr><tr><td>IP-klasse</td><td>IP20</td></tr><tr><td>Aansluitklem</td><td>Schroefklem</td></tr><tr><td>Kleur</td><td>zand</td></tr><tr><td>Spanning</td><td>230 V</td></tr></table><p>Minimale afname 10 stuks. Projectprijs vanaf 100 stuks op aanvraag. Levering binnen 5 werkdagen.</p>",Lichtplein,PRIMA,"PRIMA,B2B,Wandcontactdozen",TRUE,Title,Default Title,LP-PR214,6.39,continue,manual,TRUE,TRUE,https://lichtplein.nl/img/p/lp-pr214-1-l.webp,1,active
lp-pr215,"Opbouw dubbele wandcontactdoos met randaarde, zand","<p>Betrouwbaar basisschakelmateriaal voor de bouw en renovatie. Leverbaar met en zonder afdekraam, in wit en zand, inclusief opbouwvarianten. Scherp geprijsd bij afname per 10 stuks.</p><ul><li>CE-gecertificeerd</li><li>Schroefklem</li><li>Past in standaard inbouwdoos</li></ul><h3>Specificaties</h3><table><tr><td>Nominale stroom</td><td>16 A</td></tr><tr><td>Montage</td><td>Opbouw</td></tr><tr><td>IP-klasse</td><td>IP20</td></tr><tr><td>Aansluitklem</td><td>Schroefklem</td></tr><tr><td>Kleur</td><td>zand</td></tr><tr><td>Spanning</td><td>230 V</td></tr></table><p>Minimale afname 10 stuks. Projectprijs vanaf 100 stuks op aanvraag. Levering binnen 5 werkdagen.</p>",Lichtplein,PRIMA,"PRIMA,B2B,Wandcontactdozen",TRUE,Title,Default Title,LP-PR215,10.49,continue,manual,TRUE,TRUE,https://lichtplein.nl/img/p/lp-pr215-1-l.webp,1,active
lp-tr101,LED waterdichte lijnarmatuur 20W 2.800 lm 4000K,"<p>Waterdichte LED lijnarmatuur (IP65) in polycarbonaat met aluminium koellichaam. Schroefloos te openen en doorlusbaar, zodat lange lijnen snel gemonteerd zijn. Uitvoeringen met vast vermogen, instelbaar vermogen en kleurtemperatuur, DALI-2 of ingebouwde microgolfsensor. Voor parkeergarages, stallen, wasstraten en koelcellen.</p><ul><li>IP65 waterdicht</li><li>Doorlusbaar</li><li>Schroefloze montage</li><li>Ook DALI-2 en sensorversies</li><li>5 jaar garantie</li></ul><h3>Specificaties</h3><table><tr><td>Vermogen</td><td>20W</td></tr><tr><td>Lichtstroom</td><td>2.800 lm</td></tr><tr><td>Lichtrendement</td><td>140 lm/W</td></tr><tr><td>Kleurtemperatuur</td><td>4000K</td></tr><tr><td>Kleurweergave (CRI)</td><td>&gt; 80</td></tr><tr><td>Driver</td><td>Tridonic</td></tr><tr><td>LED-chip</td><td>Bridgelux</td></tr><tr><td>Dimming en besturing</td><td>niet dimbaar</td></tr><tr><td>Lengte</td><td>0.6 m</td></tr><tr><td>Doorlusbekabeling</td><td>3x1.5 mm²</td></tr><tr><td>Koppeling</td><td>Doorlusbaar</td></tr><tr><td>IP-klasse</td><td>IP65</td></tr><tr><td>Garantie</td><td>5 jaar</td></tr></table><p>Minimale afname 6 stuks. Projectprijs vanaf 100 stuks op aanvraag. Levering binnen 5 werkdagen.</p>",Lichtplein,TRIVO,"TRIVO,B2B,Lijnarmaturen koppelbaar",TRUE,Title,Default Title,LP-TR101,46.45,continue,manual,TRUE,TRUE,https://lichtplein.nl/img/p/lp-tr101-1-l.webp,1,active
lp-tr101,,,,,,,,,,,,,,,https://lichtplein.nl/img/p/lp-tr101-2-l.webp,2,
lp-tr101,,,,,,,,,,,,,,,https://lichtplein.nl/img/p/lp-tr101-3-l.webp,3,
lp-tr101,,,,,,,,,,,,,,,https://lichtplein.nl/img/p/lp-tr101-4-l.webp,4,
lp-tr102,"LED waterdichte lijnarmatuur 40W 5.600 lm 4000K, Tridonic-driver","<p>Waterdichte LED lijnarmatuur (IP65) in polycarbonaat met aluminium koellichaam. Schroefloos te openen en doorlusbaar, zodat lange lijnen snel gemonteerd zijn. Uitvoeringen met vast vermogen, instelbaar vermogen en kleurtemperatuur, DALI-2 of ingebouwde microgolfsensor. Voor parkeergarages, stallen, wasstraten en koelcellen.</p><ul><li>IP65 waterdicht</li><li>Doorlusbaar</li><li>Schroefloze montage</li><li>Ook DALI-2 en sensorversies</li><li>5 jaar garantie</li></ul><h3>Specificaties</h3><table><tr><td>Vermogen</td><td>40W</td></tr><tr><td>Lichtstroom</td><td>5.600 lm</td></tr><tr><td>Lichtrendement</td><td>140 lm/W</td></tr><tr><td>Kleurtemperatuur</td><td>4000K</td></tr><tr><td>Kleurweergave (CRI)</td><td>&gt; 80</td></tr><tr><td>Driver</td><td>Tridonic</td></tr><tr><td>LED-chip</td><td>Bridgelux</td></tr><tr><td>Dimming en besturing</td><td>niet dimbaar</td></tr><tr><td>Lengte</td><td>1.2 m</td></tr><tr><td>Doorlusbekabeling</td><td>3x1.5 mm²</td></tr><tr><td>Koppeling</td><td>Doorlusbaar</td></tr><tr><td>IP-klasse</td><td>IP65</td></tr><tr><td>Garantie</td><td>5 jaar</td></tr></table><p>Minimale afname 6 stuks. Projectprijs vanaf 100 stuks op aanvraag. Levering binnen 5 werkdagen.</p>",Lichtplein,TRIVO,"TRIVO,B2B,Lijnarmaturen koppelbaar",TRUE,Title,Default Title,LP-TR102,56.89,continue,manual,TRUE,TRUE,https://lichtplein.nl/img/p/lp-tr102-1-l.webp,1,active
lp-tr102,,,,,,,,,,,,,,,https://lichtplein.nl/img/p/lp-tr102-2-l.webp,2,
lp-tr102,,,,,,,,,,,,,,,https://lichtplein.nl/img/p/lp-tr102-3-l.webp,3,
lp-tr102,,,,,,,,,,,,,,,https://lichtplein.nl/img/p/lp-tr102-4-l.webp,4,
lp-tr103,"LED waterdichte lijnarmatuur 60W 8.400 lm 4000K, Tridonic-driver","<p>Waterdichte LED lijnarmatuur (IP65) in polycarbonaat met aluminium koellichaam. Schroefloos te openen en doorlusbaar, zodat lange lijnen snel gemonteerd zijn. Uitvoeringen met vast vermogen, instelbaar vermogen en kleurtemperatuur, DALI-2 of ingebouwde microgolfsensor. Voor parkeergarages, stallen, wasstraten en koelcellen.</p><ul><li>IP65 waterdicht</li><li>Doorlusbaar</li><li>Schroefloze montage</li><li>Ook DALI-2 en sensorversies</li><li>5 jaar garantie</li></ul><h3>Specificaties</h3><table><tr><td>Vermogen</td><td>60W</td></tr><tr><td>Lichtstroom</td><td>8.400 lm</td></tr><tr><td>Lichtrendement</td><td>140 lm/W</td></tr><tr><td>Kleurtemperatuur</td><td>4000K</td></tr><tr><td>Kleurweergave (CRI)</td><td>&gt; 80</td></tr><tr><td>Driver</td><td>Tridonic</td></tr><tr><td>LED-chip</td><td>Bridgelux</td></tr><tr><td>Dimming en besturing</td><td>niet dimbaar</td></tr><tr><td>Lengte</td><td>1.5 m</td></tr><tr><td>Doorlusbekabeling</td><td>3x1.5 mm²</td></tr><tr><td>Koppeling</td><td>Doorlusbaar</td></tr><tr><td>IP-klasse</td><td>IP65</td></tr><tr><td>Garantie</td><td>5 jaar</td></tr></table><p>Minimale afname 6 stuks. Projectprijs vanaf 100 stuks op aanvraag. Levering binnen 5 werkdagen.</p>",Lichtplein,TRIVO,"TRIVO,B2B,Lijnarmaturen koppelbaar",TRUE,Title,Default Title,LP-TR103,65.55,continue,manual,TRUE,TRUE,https://lichtplein.nl/img/p/lp-tr103-1-l.webp,1,active
lp-tr103,,,,,,,,,,,,,,,https://lichtplein.nl/img/p/lp-tr103-2-l.webp,2,
lp-tr103,,,,,,,,,,,,,,,https://lichtplein.nl/img/p/lp-tr103-3-l.webp,3,
lp-tr103,,,,,,,,,,,,,,,https://lichtplein.nl/img/p/lp-tr103-4-l.webp,4,
lp-tr104,LED waterdichte lijnarmatuur 20W 2.800 lm 5000K,"<p>Waterdichte LED lijnarmatuur (IP65) in polycarbonaat met aluminium koellichaam. Schroefloos te openen en doorlusbaar, zodat lange lijnen snel gemonteerd zijn. Uitvoeringen met vast vermogen, instelbaar vermogen en kleurtemperatuur, DALI-2 of ingebouwde microgolfsensor. Voor parkeergarages, stallen, wasstraten en koelcellen.</p><ul><li>IP65 waterdicht</li><li>Doorlusbaar</li><li>Schroefloze montage</li><li>Ook DALI-2 en sensorversies</li><li>5 jaar garantie</li></ul><h3>Specificaties</h3><table><tr><td>Vermogen</td><td>20W</td></tr><tr><td>Lichtstroom</td><td>2.800 lm</td></tr><tr><td>Lichtrendement</td><td>140 lm/W</td></tr><tr><td>Kleurtemperatuur</td><td>5000K</td></tr><tr><td>Kleurweergave (CRI)</td><td>&gt; 80</td></tr><tr><td>Driver</td><td>Tridonic</td></tr><tr><td>LED-chip</td><td>Bridgelux</td></tr><tr><td>Dimming en besturing</td><td>niet dimbaar</td></tr><tr><td>Lengte</td><td>0.6 m</td></tr><tr><td>Doorlusbekabeling</td><td>3x1.5 mm²</td></tr><tr><td>Koppeling</td><td>Doorlusbaar</td></tr><tr><td>IP-klasse</td><td>IP65</td></tr><tr><td>Garantie</td><td>5 jaar</td></tr></table><p>Minimale afname 6 stuks. Projectprijs vanaf 100 stuks op aanvraag. Levering binnen 5 werkdagen.</p>",Lichtplein,TRIVO,"TRIVO,B2B,Lijnarmaturen koppelbaar",TRUE,Title,Default Title,LP-TR104,46.45,continue,manual,TRUE,TRUE,https://lichtplein.nl/img/p/lp-tr104-1-l.webp,1,active
lp-tr104,,,,,,,,,,,,,,,https://lichtplein.nl/img/p/lp-tr104-2-l.webp,2,
lp-tr104,,,,,,,,,,,,,,,https://lichtplein.nl/img/p/lp-tr104-3-l.webp,3,
lp-tr104,,,,,,,,,,,,,,,https://lichtplein.nl/img/p/lp-tr104-4-l.webp,4,
lp-tr105,LED waterdichte lijnarmatuur 30W 4.200 lm 5000K,"<p>Waterdichte LED lijnarmatuur (IP65) in polycarbonaat met aluminium koellichaam. Schroefloos te openen en doorlusbaar, zodat lange lijnen snel gemonteerd zijn. Uitvoeringen met vast vermogen, instelbaar vermogen en kleurtemperatuur, DALI-2 of ingebouwde microgolfsensor. Voor parkeergarages, stallen, wasstraten en koelcellen.</p><ul><li>IP65 waterdicht</li><li>Doorlusbaar</li><li>Schroefloze montage</li><li>Ook DALI-2 en sensorversies</li><li>5 jaar garantie</li></ul><h3>Specificaties</h3><table><tr><td>Vermogen</td><td>30W</td></tr><tr><td>Lichtstroom</td><td>4.200 lm</td></tr><tr><td>Lichtrendement</td><td>140 lm/W</td></tr><tr><td>Kleurtemperatuur</td><td>5000K</td></tr><tr><td>Kleurweergave (CRI)</td><td>&gt; 80</td></tr><tr><td>Driver</td><td>Tridonic</td></tr><tr><td>LED-chip</td><td>Bridgelux</td></tr><tr><td>Dimming en besturing</td><td>niet dimbaar</td></tr><tr><td>Lengte</td><td>1.2 m</td></tr><tr><td>Doorlusbekabeling</td><td>3x1.5 mm²</td></tr><tr><td>Koppeling</td><td>Doorlusbaar</td></tr><tr><td>IP-klasse</td><td>IP65</td></tr><tr><td>Garantie</td><td>5 jaar</td></tr></table><p>Minimale afname 6 stuks. Projectprijs vanaf 100 stuks op aanvraag. Levering binnen 5 werkdagen.</p>",Lichtplein,TRIVO,"TRIVO,B2B,Lijnarmaturen koppelbaar",TRUE,Title,Default Title,LP-TR105,56.19,continue,manual,TRUE,TRUE,https://lichtplein.nl/img/p/lp-tr105-1-l.webp,1,active
lp-tr105,,,,,,,,,,,,,,,https://lichtplein.nl/img/p/lp-tr105-2-l.webp,2,
lp-tr105,,,,,,,,,,,,,,,https://lichtplein.nl/img/p/lp-tr105-3-l.webp,3,
lp-tr105,,,,,,,,,,,,,,,https://lichtplein.nl/img/p/lp-tr105-4-l.webp,4,
lp-tr106,"LED waterdichte lijnarmatuur 40W 5.600 lm 5000K, Tridonic-driver","<p>Waterdichte LED lijnarmatuur (IP65) in polycarbonaat met aluminium koellichaam. Schroefloos te openen en doorlusbaar, zodat lange lijnen snel gemonteerd zijn. Uitvoeringen met vast vermogen, instelbaar vermogen en kleurtemperatuur, DALI-2 of ingebouwde microgolfsensor. Voor parkeergarages, stallen, wasstraten en koelcellen.</p><ul><li>IP65 waterdicht</li><li>Doorlusbaar</li><li>Schroefloze montage</li><li>Ook DALI-2 en sensorversies</li><li>5 jaar garantie</li></ul><h3>Specificaties</h3><table><tr><td>Vermogen</td><td>40W</td></tr><tr><td>Lichtstroom</td><td>5.600 lm</td></tr><tr><td>Lichtrendement</td><td>140 lm/W</td></tr><tr><td>Kleurtemperatuur</td><td>5000K</td></tr><tr><td>Kleurweergave (CRI)</td><td>&gt; 80</td></tr><tr><td>Driver</td><td>Tridonic</td></tr><tr><td>LED-chip</td><td>Bridgelux</td></tr><tr><td>Dimming en besturing</td><td>niet dimbaar</td></tr><tr><td>Lengte</td><td>1.2 m</td></tr><tr><td>Doorlusbekabeling</td><td>3x1.5 mm²</td></tr><tr><td>Koppeling</td><td>Doorlusbaar</td></tr><tr><td>IP-klasse</td><td>IP65</td></tr><tr><td>Garantie</td><td>5 jaar</td></tr></table><p>Minimale afname 6 stuks. Projectprijs vanaf 100 stuks op aanvraag. Levering binnen 5 werkdagen.</p>",Lichtplein,TRIVO,"TRIVO,B2B,Lijnarmaturen koppelbaar",TRUE,Title,Default Title,LP-TR106,56.89,continue,manual,TRUE,TRUE,https://lichtplein.nl/img/p/lp-tr106-1-l.webp,1,active
lp-tr106,,,,,,,,,,,,,,,https://lichtplein.nl/img/p/lp-tr106-2-l.webp,2,
lp-tr106,,,,,,,,,,,,,,,https://lichtplein.nl/img/p/lp-tr106-3-l.webp,3,
lp-tr106,,,,,,,,,,,,,,,https://lichtplein.nl/img/p/lp-tr106-4-l.webp,4,
lp-tr107,"LED waterdichte lijnarmatuur 60W 8.400 lm 5000K, Tridonic-driver","<p>Waterdichte LED lijnarmatuur (IP65) in polycarbonaat met aluminium koellichaam. Schroefloos te openen en doorlusbaar, zodat lange lijnen snel gemonteerd zijn. Uitvoeringen met vast vermogen, instelbaar vermogen en kleurtemperatuur, DALI-2 of ingebouwde microgolfsensor. Voor parkeergarages, stallen, wasstraten en koelcellen.</p><ul><li>IP65 waterdicht</li><li>Doorlusbaar</li><li>Schroefloze montage</li><li>Ook DALI-2 en sensorversies</li><li>5 jaar garantie</li></ul><h3>Specificaties</h3><table><tr><td>Vermogen</td><td>60W</td></tr><tr><td>Lichtstroom</td><td>8.400 lm</td></tr><tr><td>Lichtrendement</td><td>140 lm/W</td></tr><tr><td>Kleurtemperatuur</td><td>5000K</td></tr><tr><td>Kleurweergave (CRI)</td><td>&gt; 80</td></tr><tr><td>Driver</td><td>Tridonic</td></tr><tr><td>LED-chip</td><td>Bridgelux</td></tr><tr><td>Dimming en besturing</td><td>niet dimbaar</td></tr><tr><td>Lengte</td><td>1.5 m</td></tr><tr><td>Doorlusbekabeling</td><td>3x1.5 mm²</td></tr><tr><td>Koppeling</td><td>Doorlusbaar</td></tr><tr><td>IP-klasse</td><td>IP65</td></tr><tr><td>Garantie</td><td>5 jaar</td></tr></table><p>Minimale afname 6 stuks. Projectprijs vanaf 100 stuks op aanvraag. Levering binnen 5 werkdagen.</p>",Lichtplein,TRIVO,"TRIVO,B2B,Lijnarmaturen koppelbaar",TRUE,Title,Default Title,LP-TR107,65.55,continue,manual,TRUE,TRUE,https://lichtplein.nl/img/p/lp-tr107-1-l.webp,1,active
lp-tr107,,,,,,,,,,,,,,,https://lichtplein.nl/img/p/lp-tr107-2-l.webp,2,
lp-tr107,,,,,,,,,,,,,,,https://lichtplein.nl/img/p/lp-tr107-3-l.webp,3,
lp-tr107,,,,,,,,,,,,,,,https://lichtplein.nl/img/p/lp-tr107-4-l.webp,4,
lp-tr108,"LED waterdichte lijnarmatuur 40W 5.600 lm 4000K, Inventronic-driver","<p>Waterdichte LED lijnarmatuur (IP65) in polycarbonaat met aluminium koellichaam. Schroefloos te openen en doorlusbaar, zodat lange lijnen snel gemonteerd zijn. Uitvoeringen met vast vermogen, instelbaar vermogen en kleurtemperatuur, DALI-2 of ingebouwde microgolfsensor. Voor parkeergarages, stallen, wasstraten en koelcellen.</p><ul><li>IP65 waterdicht</li><li>Doorlusbaar</li><li>Schroefloze montage</li><li>Ook DALI-2 en sensorversies</li><li>5 jaar garantie</li></ul><h3>Specificaties</h3><table><tr><td>Vermogen</td><td>40W</td></tr><tr><td>Lichtstroom</td><td>5.600 lm</td></tr><tr><td>Lichtrendement</td><td>140 lm/W</td></tr><tr><td>Kleurtemperatuur</td><td>4000K</td></tr><tr><td>Kleurweergave (CRI)</td><td>&gt; 80</td></tr><tr><td>Driver</td><td>Inventronic</td></tr><tr><td>LED-chip</td><td>Bridgelux</td></tr><tr><td>Dimming en besturing</td><td>niet dimbaar</td></tr><tr><td>Lengte</td><td>1.2 m</td></tr><tr><td>Doorlusbekabeling</td><td>3x1.5 mm²</td></tr><tr><td>Koppeling</td><td>Doorlusbaar</td></tr><tr><td>IP-klasse</td><td>IP65</td></tr><tr><td>Garantie</td><td>5 jaar</td></tr></table><p>Minimale afname 6 stuks. Projectprijs vanaf 100 stuks op aanvraag. Levering binnen 5 werkdagen.</p>",Lichtplein,TRIVO,"TRIVO,B2B,Lijnarmaturen koppelbaar",TRUE,Title,Default Title,LP-TR108,51.85,continue,manual,TRUE,TRUE,https://lichtplein.nl/img/p/lp-tr108-1-l.webp,1,active
lp-tr108,,,,,,,,,,,,,,,https://lichtplein.nl/img/p/lp-tr108-2-l.webp,2,
lp-tr108,,,,,,,,,,,,,,,https://lichtplein.nl/img/p/lp-tr108-3-l.webp,3,
lp-tr108,,,,,,,,,,,,,,,https://lichtplein.nl/img/p/lp-tr108-4-l.webp,4,
lp-tr109,"LED waterdichte lijnarmatuur 60W 8.400 lm 4000K, Inventronic-driver","<p>Waterdichte LED lijnarmatuur (IP65) in polycarbonaat met aluminium koellichaam. Schroefloos te openen en doorlusbaar, zodat lange lijnen snel gemonteerd zijn. Uitvoeringen met vast vermogen, instelbaar vermogen en kleurtemperatuur, DALI-2 of ingebouwde microgolfsensor. Voor parkeergarages, stallen, wasstraten en koelcellen.</p><ul><li>IP65 waterdicht</li><li>Doorlusbaar</li><li>Schroefloze montage</li><li>Ook DALI-2 en sensorversies</li><li>5 jaar garantie</li></ul><h3>Specificaties</h3><table><tr><td>Vermogen</td><td>60W</td></tr><tr><td>Lichtstroom</td><td>8.400 lm</td></tr><tr><td>Lichtrendement</td><td>140 lm/W</td></tr><tr><td>Kleurtemperatuur</td><td>4000K</td></tr><tr><td>Kleurweergave (CRI)</td><td>&gt; 80</td></tr><tr><td>Driver</td><td>Inventronic</td></tr><tr><td>LED-chip</td><td>Bridgelux</td></tr><tr><td>Dimming en besturing</td><td>niet dimbaar</td></tr><tr><td>Lengte</td><td>1.5 m</td></tr><tr><td>Doorlusbekabeling</td><td>3x1.5 mm²</td></tr><tr><td>Koppeling</td><td>Doorlusbaar</td></tr><tr><td>IP-klasse</td><td>IP65</td></tr><tr><td>Garantie</td><td>5 jaar</td></tr></table><p>Minimale afname 6 stuks. Projectprijs vanaf 100 stuks op aanvraag. Levering binnen 5 werkdagen.</p>",Lichtplein,TRIVO,"TRIVO,B2B,Lijnarmaturen koppelbaar",TRUE,Title,Default Title,LP-TR109,60.49,continue,manual,TRUE,TRUE,https://lichtplein.nl/img/p/lp-tr109-1-l.webp,1,active
lp-tr109,,,,,,,,,,,,,,,https://lichtplein.nl/img/p/lp-tr109-2-l.webp,2,
lp-tr109,,,,,,,,,,,,,,,https://lichtplein.nl/img/p/lp-tr109-3-l.webp,3,
lp-tr109,,,,,,,,,,,,,,,https://lichtplein.nl/img/p/lp-tr109-4-l.webp,4,
lp-tr110,"LED waterdichte lijnarmatuur 40W 5.600 lm 5000K, Inventronic-driver","<p>Waterdichte LED lijnarmatuur (IP65) in polycarbonaat met aluminium koellichaam. Schroefloos te openen en doorlusbaar, zodat lange lijnen snel gemonteerd zijn. Uitvoeringen met vast vermogen, instelbaar vermogen en kleurtemperatuur, DALI-2 of ingebouwde microgolfsensor. Voor parkeergarages, stallen, wasstraten en koelcellen.</p><ul><li>IP65 waterdicht</li><li>Doorlusbaar</li><li>Schroefloze montage</li><li>Ook DALI-2 en sensorversies</li><li>5 jaar garantie</li></ul><h3>Specificaties</h3><table><tr><td>Vermogen</td><td>40W</td></tr><tr><td>Lichtstroom</td><td>5.600 lm</td></tr><tr><td>Lichtrendement</td><td>140 lm/W</td></tr><tr><td>Kleurtemperatuur</td><td>5000K</td></tr><tr><td>Kleurweergave (CRI)</td><td>&gt; 80</td></tr><tr><td>Driver</td><td>Inventronic</td></tr><tr><td>LED-chip</td><td>Bridgelux</td></tr><tr><td>Dimming en besturing</td><td>niet dimbaar</td></tr><tr><td>Lengte</td><td>1.2 m</td></tr><tr><td>Doorlusbekabeling</td><td>3x1.5 mm²</td></tr><tr><td>Koppeling</td><td>Doorlusbaar</td></tr><tr><td>IP-klasse</td><td>IP65</td></tr><tr><td>Garantie</td><td>5 jaar</td></tr></table><p>Minimale afname 6 stuks. Projectprijs vanaf 100 stuks op aanvraag. Levering binnen 5 werkdagen.</p>",Lichtplein,TRIVO,"TRIVO,B2B,Lijnarmaturen koppelbaar",TRUE,Title,Default Title,LP-TR110,51.85,continue,manual,TRUE,TRUE,https://lichtplein.nl/img/p/lp-tr110-1-l.webp,1,active
lp-tr110,,,,,,,,,,,,,,,https://lichtplein.nl/img/p/lp-tr110-2-l.webp,2,
lp-tr110,,,,,,,,,,,,,,,https://lichtplein.nl/img/p/lp-tr110-3-l.webp,3,
lp-tr110,,,,,,,,,,,,,,,https://lichtplein.nl/img/p/lp-tr110-4-l.webp,4,
lp-tr111,"LED waterdichte lijnarmatuur 60W 8.400 lm 5000K, Inventronic-driver","<p>Waterdichte LED lijnarmatuur (IP65) in polycarbonaat met aluminium koellichaam. Schroefloos te openen en doorlusbaar, zodat lange lijnen snel gemonteerd zijn. Uitvoeringen met vast vermogen, instelbaar vermogen en kleurtemperatuur, DALI-2 of ingebouwde microgolfsensor. Voor parkeergarages, stallen, wasstraten en koelcellen.</p><ul><li>IP65 waterdicht</li><li>Doorlusbaar</li><li>Schroefloze montage</li><li>Ook DALI-2 en sensorversies</li><li>5 jaar garantie</li></ul><h3>Specificaties</h3><table><tr><td>Vermogen</td><td>60W</td></tr><tr><td>Lichtstroom</td><td>8.400 lm</td></tr><tr><td>Lichtrendement</td><td>140 lm/W</td></tr><tr><td>Kleurtemperatuur</td><td>5000K</td></tr><tr><td>Kleurweergave (CRI)</td><td>&gt; 80</td></tr><tr><td>Driver</td><td>Inventronic</td></tr><tr><td>LED-chip</td><td>Bridgelux</td></tr><tr><td>Dimming en besturing</td><td>niet dimbaar</td></tr><tr><td>Lengte</td><td>1.5 m</td></tr><tr><td>Doorlusbekabeling</td><td>3x1.5 mm²</td></tr><tr><td>Koppeling</td><td>Doorlusbaar</td></tr><tr><td>IP-klasse</td><td>IP65</td></tr><tr><td>Garantie</td><td>5 jaar</td></tr></table><p>Minimale afname 6 stuks. Projectprijs vanaf 100 stuks op aanvraag. Levering binnen 5 werkdagen.</p>",Lichtplein,TRIVO,"TRIVO,B2B,Lijnarmaturen koppelbaar",TRUE,Title,Default Title,LP-TR111,60.49,continue,manual,TRUE,TRUE,https://lichtplein.nl/img/p/lp-tr111-1-l.webp,1,active
lp-tr111,,,,,,,,,,,,,,,https://lichtplein.nl/img/p/lp-tr111-2-l.webp,2,
lp-tr111,,,,,,,,,,,,,,,https://lichtplein.nl/img/p/lp-tr111-3-l.webp,3,
lp-tr111,,,,,,,,,,,,,,,https://lichtplein.nl/img/p/lp-tr111-4-l.webp,4,
lp-tr112,"LED waterdichte lijnarmatuur 40W 3000-5000K, CCT instelbaar","<p>Waterdichte LED lijnarmatuur (IP65) in polycarbonaat met aluminium koellichaam. Schroefloos te openen en doorlusbaar, zodat lange lijnen snel gemonteerd zijn. Uitvoeringen met vast vermogen, instelbaar vermogen en kleurtemperatuur, DALI-2 of ingebouwde microgolfsensor. Voor parkeergarages, stallen, wasstraten en koelcellen.</p><ul><li>IP65 waterdicht</li><li>Doorlusbaar</li><li>Schroefloze montage</li><li>Ook DALI-2 en sensorversies</li><li>5 jaar garantie</li></ul><h3>Specificaties</h3><table><tr><td>Vermogen</td><td>40W</td></tr><tr><td>Lichtrendement</td><td>tot 160 lm/W</td></tr><tr><td>Kleurtemperatuur</td><td>5000K / 4000K / 3000K</td></tr><tr><td>Kleurweergave (CRI)</td><td>&gt; 80</td></tr><tr><td>Driver</td><td>Philips</td></tr><tr><td>LED-chip</td><td>Bridgelux</td></tr><tr><td>Dimming en besturing</td><td>niet dimbaar</td></tr><tr><td>Lengte</td><td>1.2 m</td></tr><tr><td>Doorlusbekabeling</td><td>5x2.5 mm²</td></tr><tr><td>Koppeling</td><td>Doorlusbaar</td></tr><tr><td>IP-klasse</td><td>IP65</td></tr><tr><td>Garantie</td><td>5 jaar</td></tr></table><p>Minimale afname 6 stuks. Projectprijs vanaf 100 stuks op aanvraag. Levering binnen 5 werkdagen.</p>",Lichtplein,TRIVO,"TRIVO,B2B,Lijnarmaturen koppelbaar",TRUE,Title,Default Title,LP-TR112,68.45,continue,manual,TRUE,TRUE,https://lichtplein.nl/img/p/lp-tr112-1-l.webp,1,active
lp-tr112,,,,,,,,,,,,,,,https://lichtplein.nl/img/p/lp-tr112-2-l.webp,2,
lp-tr112,,,,,,,,,,,,,,,https://lichtplein.nl/img/p/lp-tr112-3-l.webp,3,
lp-tr112,,,,,,,,,,,,,,,https://lichtplein.nl/img/p/lp-tr112-4-l.webp,4,
lp-tr113,"LED waterdichte lijnarmatuur 40W 3000-5000K, CCT instelbaar","<p>Waterdichte LED lijnarmatuur (IP65) in polycarbonaat met aluminium koellichaam. Schroefloos te openen en doorlusbaar, zodat lange lijnen snel gemonteerd zijn. Uitvoeringen met vast vermogen, instelbaar vermogen en kleurtemperatuur, DALI-2 of ingebouwde microgolfsensor. Voor parkeergarages, stallen, wasstraten en koelcellen.</p><ul><li>IP65 waterdicht</li><li>Doorlusbaar</li><li>Schroefloze montage</li><li>Ook DALI-2 en sensorversies</li><li>5 jaar garantie</li></ul><h3>Specificaties</h3><table><tr><td>Vermogen</td><td>40W</td></tr><tr><td>Lichtrendement</td><td>tot 170 lm/W</td></tr><tr><td>Kleurtemperatuur</td><td>5000K / 4000K / 3000K</td></tr><tr><td>Kleurweergave (CRI)</td><td>&gt; 80</td></tr><tr><td>Driver</td><td>Philips</td></tr><tr><td>LED-chip</td><td>Bridgelux</td></tr><tr><td>Dimming en besturing</td><td>niet dimbaar</td></tr><tr><td>Lengte</td><td>1.2 m</td></tr><tr><td>Doorlusbekabeling</td><td>5x2.5 mm²</td></tr><tr><td>Koppeling</td><td>Doorlusbaar</td></tr><tr><td>IP-klasse</td><td>IP65</td></tr><tr><td>Garantie</td><td>5 jaar</td></tr></table><p>Minimale afname 6 stuks. Projectprijs vanaf 100 stuks op aanvraag. Levering binnen 5 werkdagen.</p>",Lichtplein,TRIVO,"TRIVO,B2B,Lijnarmaturen koppelbaar",TRUE,Title,Default Title,LP-TR113,84.65,continue,manual,TRUE,TRUE,https://lichtplein.nl/img/p/lp-tr113-1-l.webp,1,active
lp-tr113,,,,,,,,,,,,,,,https://lichtplein.nl/img/p/lp-tr113-2-l.webp,2,
lp-tr113,,,,,,,,,,,,,,,https://lichtplein.nl/img/p/lp-tr113-3-l.webp,3,
lp-tr113,,,,,,,,,,,,,,,https://lichtplein.nl/img/p/lp-tr113-4-l.webp,4,
lp-tr114,"LED waterdichte lijnarmatuur 40W 6.800 lm 4000K, DALI, CCT instelbaar","<p>Waterdichte LED lijnarmatuur (IP65) in polycarbonaat met aluminium koellichaam. Schroefloos te openen en doorlusbaar, zodat lange lijnen snel gemonteerd zijn. Uitvoeringen met vast vermogen, instelbaar vermogen en kleurtemperatuur, DALI-2 of ingebouwde microgolfsensor. Voor parkeergarages, stallen, wasstraten en koelcellen.</p><ul><li>IP65 waterdicht</li><li>Doorlusbaar</li><li>Schroefloze montage</li><li>Ook DALI-2 en sensorversies</li><li>5 jaar garantie</li></ul><h3>Specificaties</h3><table><tr><td>Vermogen</td><td>40W</td></tr><tr><td>Lichtstroom</td><td>6.800 lm</td></tr><tr><td>Lichtrendement</td><td>170 lm/W</td></tr><tr><td>Kleurtemperatuur</td><td>4000K</td></tr><tr><td>Kleurweergave (CRI)</td><td>&gt; 80</td></tr><tr><td>Driver</td><td>Lifud</td></tr><tr><td>LED-chip</td><td>Bridgelux</td></tr><tr><td>Dimming en besturing</td><td>DALI</td></tr><tr><td>Lengte</td><td>1.2 m</td></tr><tr><td>Doorlusbekabeling</td><td>5x2.5 mm²</td></tr><tr><td>Koppeling</td><td>Doorlusbaar</td></tr><tr><td>IP-klasse</td><td>IP65</td></tr><tr><td>Garantie</td><td>5 jaar</td></tr></table><p>Minimale afname 6 stuks. Projectprijs vanaf 100 stuks op aanvraag. Levering binnen 5 werkdagen.</p>",Lichtplein,TRIVO,"TRIVO,B2B,Lijnarmaturen koppelbaar",TRUE,Title,Default Title,LP-TR114,96.49,continue,manual,TRUE,TRUE,https://lichtplein.nl/img/p/lp-tr114-1-l.webp,1,active
lp-tr114,,,,,,,,,,,,,,,https://lichtplein.nl/img/p/lp-tr114-2-l.webp,2,
lp-tr114,,,,,,,,,,,,,,,https://lichtplein.nl/img/p/lp-tr114-3-l.webp,3,
lp-tr114,,,,,,,,,,,,,,,https://lichtplein.nl/img/p/lp-tr114-4-l.webp,4,
lp-tr115,"LED waterdichte lijnarmatuur 60W 10.200 lm 4000K, DALI, CCT instelbaar","<p>Waterdichte LED lijnarmatuur (IP65) in polycarbonaat met aluminium koellichaam. Schroefloos te openen en doorlusbaar, zodat lange lijnen snel gemonteerd zijn. Uitvoeringen met vast vermogen, instelbaar vermogen en kleurtemperatuur, DALI-2 of ingebouwde microgolfsensor. Voor parkeergarages, stallen, wasstraten en koelcellen.</p><ul><li>IP65 waterdicht</li><li>Doorlusbaar</li><li>Schroefloze montage</li><li>Ook DALI-2 en sensorversies</li><li>5 jaar garantie</li></ul><h3>Specificaties</h3><table><tr><td>Vermogen</td><td>60W</td></tr><tr><td>Lichtstroom</td><td>10.200 lm</td></tr><tr><td>Lichtrendement</td><td>170 lm/W</td></tr><tr><td>Kleurtemperatuur</td><td>4000K</td></tr><tr><td>Kleurweergave (CRI)</td><td>&gt; 80</td></tr><tr><td>Driver</td><td>Lifud</td></tr><tr><td>LED-chip</td><td>Bridgelux</td></tr><tr><td>Dimming en besturing</td><td>DALI</td></tr><tr><td>Lengte</td><td>1.5 m</td></tr><tr><td>Doorlusbekabeling</td><td>5x2.5 mm²</td></tr><tr><td>Koppeling</td><td>Doorlusbaar</td></tr><tr><td>IP-klasse</td><td>IP65</td></tr><tr><td>Garantie</td><td>5 jaar</td></tr></table><p>Minimale afname 6 stuks. Projectprijs vanaf 100 stuks op aanvraag. Levering binnen 5 werkdagen.</p>",Lichtplein,TRIVO,"TRIVO,B2B,Lijnarmaturen koppelbaar",TRUE,Title,Default Title,LP-TR115,115.00,continue,manual,TRUE,TRUE,https://lichtplein.nl/img/p/lp-tr115-1-l.webp,1,active
lp-tr115,,,,,,,,,,,,,,,https://lichtplein.nl/img/p/lp-tr115-2-l.webp,2,
lp-tr115,,,,,,,,,,,,,,,https://lichtplein.nl/img/p/lp-tr115-3-l.webp,3,
lp-tr115,,,,,,,,,,,,,,,https://lichtplein.nl/img/p/lp-tr115-4-l.webp,4,
lp-tr116,"LED waterdichte lijnarmatuur 40W 5.600 lm 4000K, met sensor","<p>Waterdichte LED lijnarmatuur (IP65) in polycarbonaat met aluminium koellichaam. Schroefloos te openen en doorlusbaar, zodat lange lijnen snel gemonteerd zijn. Uitvoeringen met vast vermogen, instelbaar vermogen en kleurtemperatuur, DALI-2 of ingebouwde microgolfsensor. Voor parkeergarages, stallen, wasstraten en koelcellen.</p><ul><li>IP65 waterdicht</li><li>Doorlusbaar</li><li>Schroefloze montage</li><li>Ook DALI-2 en sensorversies</li><li>5 jaar garantie</li></ul><h3>Specificaties</h3><table><tr><td>Vermogen</td><td>40W</td></tr><tr><td>Lichtstroom</td><td>5.600 lm</td></tr><tr><td>Lichtrendement</td><td>140 lm/W</td></tr><tr><td>Kleurtemperatuur</td><td>4000K</td></tr><tr><td>Kleurweergave (CRI)</td><td>&gt; 80</td></tr><tr><td>Driver</td><td>Lifud</td></tr><tr><td>LED-chip</td><td>Bridgelux</td></tr><tr><td>Dimming en besturing</td><td>niet dimbaar</td></tr><tr><td>Lengte</td><td>1.2 m</td></tr><tr><td>Doorlusbekabeling</td><td>3x1.5 mm²</td></tr><tr><td>Koppeling</td><td>Doorlusbaar</td></tr><tr><td>IP-klasse</td><td>IP65</td></tr><tr><td>Garantie</td><td>5 jaar</td></tr></table><p>Minimale afname 6 stuks. Projectprijs vanaf 100 stuks op aanvraag. Levering binnen 5 werkdagen.</p>",Lichtplein,TRIVO,"TRIVO,B2B,Lijnarmaturen koppelbaar",TRUE,Title,Default Title,LP-TR116,96.49,continue,manual,TRUE,TRUE,https://lichtplein.nl/img/p/lp-tr116-1-l.webp,1,active
lp-tr116,,,,,,,,,,,,,,,https://lichtplein.nl/img/p/lp-tr116-2-l.webp,2,
lp-tr116,,,,,,,,,,,,,,,https://lichtplein.nl/img/p/lp-tr116-3-l.webp,3,
lp-tr116,,,,,,,,,,,,,,,https://lichtplein.nl/img/p/lp-tr116-4-l.webp,4,
lp-tr117,"LED waterdichte lijnarmatuur 60W 8.400 lm 4000K, met sensor","<p>Waterdichte LED lijnarmatuur (IP65) in polycarbonaat met aluminium koellichaam. Schroefloos te openen en doorlusbaar, zodat lange lijnen snel gemonteerd zijn. Uitvoeringen met vast vermogen, instelbaar vermogen en kleurtemperatuur, DALI-2 of ingebouwde microgolfsensor. Voor parkeergarages, stallen, wasstraten en koelcellen.</p><ul><li>IP65 waterdicht</li><li>Doorlusbaar</li><li>Schroefloze montage</li><li>Ook DALI-2 en sensorversies</li><li>5 jaar garantie</li></ul><h3>Specificaties</h3><table><tr><td>Vermogen</td><td>60W</td></tr><tr><td>Lichtstroom</td><td>8.400 lm</td></tr><tr><td>Lichtrendement</td><td>140 lm/W</td></tr><tr><td>Kleurtemperatuur</td><td>4000K</td></tr><tr><td>Kleurweergave (CRI)</td><td>&gt; 80</td></tr><tr><td>Driver</td><td>Lifud</td></tr><tr><td>LED-chip</td><td>Bridgelux</td></tr><tr><td>Dimming en besturing</td><td>niet dimbaar</td></tr><tr><td>Lengte</td><td>1.5 m</td></tr><tr><td>Doorlusbekabeling</td><td>3x1.5 mm²</td></tr><tr><td>Koppeling</td><td>Doorlusbaar</td></tr><tr><td>IP-klasse</td><td>IP65</td></tr><tr><td>Garantie</td><td>5 jaar</td></tr></table><p>Minimale afname 6 stuks. Projectprijs vanaf 100 stuks op aanvraag. Levering binnen 5 werkdagen.</p>",Lichtplein,TRIVO,"TRIVO,B2B,Lijnarmaturen koppelbaar",TRUE,Title,Default Title,LP-TR117,119.00,continue,manual,TRUE,TRUE,https://lichtplein.nl/img/p/lp-tr117-1-l.webp,1,active
lp-tr117,,,,,,,,,,,,,,,https://lichtplein.nl/img/p/lp-tr117-2-l.webp,2,
lp-tr117,,,,,,,,,,,,,,,https://lichtplein.nl/img/p/lp-tr117-3-l.webp,3,
lp-tr117,,,,,,,,,,,,,,,https://lichtplein.nl/img/p/lp-tr117-4-l.webp,4,
lp-tr118,Afstandsbediening sensorinstellingen,<p>Afstandsbediening sensorinstellingen. Toebehoren voor de led waterdichte lijnarmatuur uit de serie TRIVO.</p><ul><li>Past op de armaturen uit deze serie</li><li>Direct uit voorraad</li></ul><h3>Specificaties</h3><table><tr><td>Garantie</td><td>5 jaar</td></tr></table><p>Minimale afname 2 stuks. Projectprijs vanaf 100 stuks op aanvraag. Levering binnen 5 werkdagen.</p>,Lichtplein,TRIVO,"TRIVO,B2B,Toebehoren",TRUE,Title,Default Title,LP-TR118,61.25,continue,manual,TRUE,TRUE,https://lichtplein.nl/img/p/lp-tr118-1-l.webp,1,active
lp-tr119,LED waterdichte lijnarmatuur IP69K 40W 6.000 lm 4000K,"<p>Waterdichte LED lijnarmatuur met IP69K: bestand tegen hogedrukreiniging en chemicaliën. PMMA-behuizing met roestvrijstalen eindkappen, Tridonic-driver en 150 lm/W. Voor voedingsindustrie, slachterijen, wasplaatsen en zwembaden.</p><ul><li>IP69K hogedrukbestendig</li><li>PMMA met RVS eindkappen</li><li>Tridonic-driver</li><li>150 lm/W</li><li>5 jaar garantie</li></ul><h3>Specificaties</h3><table><tr><td>Vermogen</td><td>40W</td></tr><tr><td>Lichtstroom</td><td>6.000 lm</td></tr><tr><td>Lichtrendement</td><td>150 lm/W</td></tr><tr><td>Kleurtemperatuur</td><td>4000K</td></tr><tr><td>Kleurweergave (CRI)</td><td>&gt; 80</td></tr><tr><td>Driver</td><td>Tridonic</td></tr><tr><td>LED-chip</td><td>Bridgelux</td></tr><tr><td>Dimming en besturing</td><td>niet dimbaar</td></tr><tr><td>Lengte</td><td>1.2 m</td></tr><tr><td>Koppeling</td><td>Niet doorlusbaar</td></tr><tr><td>Aansluitkabel</td><td>1 m</td></tr><tr><td>IP-klasse</td><td>IP69K</td></tr><tr><td>Garantie</td><td>5 jaar</td></tr></table><p>Minimale afname 6 stuks. Projectprijs vanaf 100 stuks op aanvraag. Levering binnen 5 werkdagen.</p>",Lichtplein,TRIVO,"TRIVO,B2B,Lijnarmaturen IP69K",TRUE,Title,Default Title,LP-TR119,93.25,continue,manual,TRUE,TRUE,https://lichtplein.nl/img/p/lp-tr119-1-l.webp,1,active
lp-tr119,,,,,,,,,,,,,,,https://lichtplein.nl/img/p/lp-tr119-2-l.webp,2,
lp-tr119,,,,,,,,,,,,,,,https://lichtplein.nl/img/p/lp-tr119-3-l.webp,3,
lp-tr119,,,,,,,,,,,,,,,https://lichtplein.nl/img/p/lp-tr119-4-l.webp,4,
lp-tr120,LED waterdichte lijnarmatuur IP69K 60W 9.000 lm 4000K,"<p>Waterdichte LED lijnarmatuur met IP69K: bestand tegen hogedrukreiniging en chemicaliën. PMMA-behuizing met roestvrijstalen eindkappen, Tridonic-driver en 150 lm/W. Voor voedingsindustrie, slachterijen, wasplaatsen en zwembaden.</p><ul><li>IP69K hogedrukbestendig</li><li>PMMA met RVS eindkappen</li><li>Tridonic-driver</li><li>150 lm/W</li><li>5 jaar garantie</li></ul><h3>Specificaties</h3><table><tr><td>Vermogen</td><td>60W</td></tr><tr><td>Lichtstroom</td><td>9.000 lm</td></tr><tr><td>Lichtrendement</td><td>150 lm/W</td></tr><tr><td>Kleurtemperatuur</td><td>4000K</td></tr><tr><td>Kleurweergave (CRI)</td><td>&gt; 80</td></tr><tr><td>Driver</td><td>Tridonic</td></tr><tr><td>LED-chip</td><td>Bridgelux</td></tr><tr><td>Dimming en besturing</td><td>niet dimbaar</td></tr><tr><td>Lengte</td><td>1.5 m</td></tr><tr><td>Koppeling</td><td>Niet doorlusbaar</td></tr><tr><td>Aansluitkabel</td><td>1 m</td></tr><tr><td>IP-klasse</td><td>IP69K</td></tr><tr><td>Garantie</td><td>5 jaar</td></tr></table><p>Minimale afname 6 stuks. Projectprijs vanaf 100 stuks op aanvraag. Levering binnen 5 werkdagen.</p>",Lichtplein,TRIVO,"TRIVO,B2B,Lijnarmaturen IP69K",TRUE,Title,Default Title,LP-TR120,129.00,continue,manual,TRUE,TRUE,https://lichtplein.nl/img/p/lp-tr120-1-l.webp,1,active
lp-tr120,,,,,,,,,,,,,,,https://lichtplein.nl/img/p/lp-tr120-2-l.webp,2,
lp-tr120,,,,,,,,,,,,,,,https://lichtplein.nl/img/p/lp-tr120-3-l.webp,3,
lp-tr120,,,,,,,,,,,,,,,https://lichtplein.nl/img/p/lp-tr120-4-l.webp,4,
lp-vi101,"LED straatarmatuur tot 40W 2700K, driver apart","<p>LED straatarmatuur met CREE-leds, gereedschapsloos te openen behuizing en elektrische scheider. Driver apart te kiezen (Sosen AstroDIM 1-10V of Moso DALI-2/D4i), 10 kV overspanningsbeveiliging. Horizontale of verticale montage op 60 mm mast, kantelbaar.</p><ul><li>CREE-leds tot 180 lm/W</li><li>Driver naar keuze</li><li>10 kV overspanningsbeveiliging</li><li>Gereedschapsloos te openen</li><li>5 jaar garantie</li></ul><h3>Specificaties</h3><table><tr><td>Vermogen</td><td>0-40W</td></tr><tr><td>Lichtrendement</td><td>160 lm/W</td></tr><tr><td>Kleurtemperatuur</td><td>2700K</td></tr><tr><td>Kleurweergave (CRI)</td><td>&gt; 70</td></tr><tr><td>Lichtverdeling</td><td>TP III</td></tr><tr><td>Driver</td><td>extern (apart bestellen)</td></tr><tr><td>LED-chip</td><td>CREE</td></tr><tr><td>Mastopname</td><td>Ø 60 mm</td></tr><tr><td>IP-klasse</td><td>IP66</td></tr><tr><td>Garantie</td><td>5 jaar</td></tr></table><p>Minimale afname 8 stuks. Projectprijs vanaf 100 stuks op aanvraag. Levering binnen 5 werkdagen.</p>",Lichtplein,VIA,"VIA,B2B,Straatarmaturen, driver apart",TRUE,Title,Default Title,LP-VI101,119.00,continue,manual,TRUE,TRUE,https://lichtplein.nl/img/p/lp-vi101-1-l.webp,1,active
lp-vi101,,,,,,,,,,,,,,,https://lichtplein.nl/img/p/lp-vi101-2-l.webp,2,
lp-vi101,,,,,,,,,,,,,,,https://lichtplein.nl/img/p/lp-vi101-3-l.webp,3,
lp-vi101,,,,,,,,,,,,,,,https://lichtplein.nl/img/p/lp-vi101-4-l.webp,4,
lp-vi102,"LED straatarmatuur tot 80W 2700K, driver apart","<p>LED straatarmatuur met CREE-leds, gereedschapsloos te openen behuizing en elektrische scheider. Driver apart te kiezen (Sosen AstroDIM 1-10V of Moso DALI-2/D4i), 10 kV overspanningsbeveiliging. Horizontale of verticale montage op 60 mm mast, kantelbaar.</p><ul><li>CREE-leds tot 180 lm/W</li><li>Driver naar keuze</li><li>10 kV overspanningsbeveiliging</li><li>Gereedschapsloos te openen</li><li>5 jaar garantie</li></ul><h3>Specificaties</h3><table><tr><td>Vermogen</td><td>0-80W</td></tr><tr><td>Lichtrendement</td><td>160 lm/W</td></tr><tr><td>Kleurtemperatuur</td><td>2700K</td></tr><tr><td>Kleurweergave (CRI)</td><td>&gt; 70</td></tr><tr><td>Lichtverdeling</td><td>TP III</td></tr><tr><td>Driver</td><td>extern (apart bestellen)</td></tr><tr><td>LED-chip</td><td>CREE</td></tr><tr><td>Mastopname</td><td>Ø 60 mm</td></tr><tr><td>IP-klasse</td><td>IP66</td></tr><tr><td>Garantie</td><td>5 jaar</td></tr></table><p>Minimale afname 6 stuks. Projectprijs vanaf 100 stuks op aanvraag. Levering binnen 5 werkdagen.</p>",Lichtplein,VIA,"VIA,B2B,Straatarmaturen, driver apart",TRUE,Title,Default Title,LP-VI102,145.00,continue,manual,TRUE,TRUE,https://lichtplein.nl/img/p/lp-vi102-1-l.webp,1,active
lp-vi102,,,,,,,,,,,,,,,https://lichtplein.nl/img/p/lp-vi102-2-l.webp,2,
lp-vi102,,,,,,,,,,,,,,,https://lichtplein.nl/img/p/lp-vi102-3-l.webp,3,
lp-vi102,,,,,,,,,,,,,,,https://lichtplein.nl/img/p/lp-vi102-4-l.webp,4,
lp-vi103,"LED straatarmatuur tot 40W 4000K, driver apart","<p>LED straatarmatuur met CREE-leds, gereedschapsloos te openen behuizing en elektrische scheider. Driver apart te kiezen (Sosen AstroDIM 1-10V of Moso DALI-2/D4i), 10 kV overspanningsbeveiliging. Horizontale of verticale montage op 60 mm mast, kantelbaar.</p><ul><li>CREE-leds tot 180 lm/W</li><li>Driver naar keuze</li><li>10 kV overspanningsbeveiliging</li><li>Gereedschapsloos te openen</li><li>5 jaar garantie</li></ul><h3>Specificaties</h3><table><tr><td>Vermogen</td><td>0-40W</td></tr><tr><td>Lichtrendement</td><td>180 lm/W</td></tr><tr><td>Kleurtemperatuur</td><td>4000K</td></tr><tr><td>Kleurweergave (CRI)</td><td>&gt; 70</td></tr><tr><td>Lichtverdeling</td><td>TP III</td></tr><tr><td>Driver</td><td>extern (apart bestellen)</td></tr><tr><td>LED-chip</td><td>CREE</td></tr><tr><td>Mastopname</td><td>Ø 60 mm</td></tr><tr><td>IP-klasse</td><td>IP66</td></tr><tr><td>Garantie</td><td>5 jaar</td></tr></table><p>Minimale afname 8 stuks. Projectprijs vanaf 100 stuks op aanvraag. Levering binnen 5 werkdagen.</p>",Lichtplein,VIA,"VIA,B2B,Straatarmaturen, driver apart",TRUE,Title,Default Title,LP-VI103,119.00,continue,manual,TRUE,TRUE,https://lichtplein.nl/img/p/lp-vi103-1-l.webp,1,active
lp-vi103,,,,,,,,,,,,,,,https://lichtplein.nl/img/p/lp-vi103-2-l.webp,2,
lp-vi103,,,,,,,,,,,,,,,https://lichtplein.nl/img/p/lp-vi103-3-l.webp,3,
lp-vi103,,,,,,,,,,,,,,,https://lichtplein.nl/img/p/lp-vi103-4-l.webp,4,
lp-vi104,"LED straatarmatuur tot 80W 4000K, driver apart","<p>LED straatarmatuur met CREE-leds, gereedschapsloos te openen behuizing en elektrische scheider. Driver apart te kiezen (Sosen AstroDIM 1-10V of Moso DALI-2/D4i), 10 kV overspanningsbeveiliging. Horizontale of verticale montage op 60 mm mast, kantelbaar.</p><ul><li>CREE-leds tot 180 lm/W</li><li>Driver naar keuze</li><li>10 kV overspanningsbeveiliging</li><li>Gereedschapsloos te openen</li><li>5 jaar garantie</li></ul><h3>Specificaties</h3><table><tr><td>Vermogen</td><td>0-80W</td></tr><tr><td>Lichtrendement</td><td>180 lm/W</td></tr><tr><td>Kleurtemperatuur</td><td>4000K</td></tr><tr><td>Kleurweergave (CRI)</td><td>&gt; 70</td></tr><tr><td>Lichtverdeling</td><td>TP III</td></tr><tr><td>Driver</td><td>extern (apart bestellen)</td></tr><tr><td>LED-chip</td><td>CREE</td></tr><tr><td>Mastopname</td><td>Ø 60 mm</td></tr><tr><td>IP-klasse</td><td>IP66</td></tr><tr><td>Garantie</td><td>5 jaar</td></tr></table><p>Minimale afname 6 stuks. Projectprijs vanaf 100 stuks op aanvraag. Levering binnen 5 werkdagen.</p>",Lichtplein,VIA,"VIA,B2B,Straatarmaturen, driver apart",TRUE,Title,Default Title,LP-VI104,145.00,continue,manual,TRUE,TRUE,https://lichtplein.nl/img/p/lp-vi104-1-l.webp,1,active
lp-vi104,,,,,,,,,,,,,,,https://lichtplein.nl/img/p/lp-vi104-2-l.webp,2,
lp-vi104,,,,,,,,,,,,,,,https://lichtplein.nl/img/p/lp-vi104-3-l.webp,3,
lp-vi104,,,,,,,,,,,,,,,https://lichtplein.nl/img/p/lp-vi104-4-l.webp,4,
lp-vi105,LED-driver 40 W AstroDIM 1-10V voor straatarmatuur,<p>LED-driver 40 W AstroDIM 1-10V voor straatarmatuur. Toebehoren voor de led straatarmatuur uit de serie VIA.</p><ul><li>Past op de armaturen uit deze serie</li><li>Direct uit voorraad</li></ul><h3>Specificaties</h3><table><tr><td>Garantie</td><td>5 jaar</td></tr></table><p>Minimale afname 8 stuks. Projectprijs vanaf 100 stuks op aanvraag. Levering binnen 5 werkdagen.</p>,Lichtplein,VIA,"VIA,B2B,Toebehoren",TRUE,Title,Default Title,LP-VI105,28.85,continue,manual,TRUE,TRUE,https://lichtplein.nl/img/p/lp-vi105-1-l.webp,1,active
lp-vi106,LED-driver 75 W AstroDIM 1-10V voor straatarmatuur,<p>LED-driver 75 W AstroDIM 1-10V voor straatarmatuur. Toebehoren voor de led straatarmatuur uit de serie VIA.</p><ul><li>Past op de armaturen uit deze serie</li><li>Direct uit voorraad</li></ul><h3>Specificaties</h3><table><tr><td>Garantie</td><td>5 jaar</td></tr></table><p>Minimale afname 6 stuks. Projectprijs vanaf 100 stuks op aanvraag. Levering binnen 5 werkdagen.</p>,Lichtplein,VIA,"VIA,B2B,Toebehoren",TRUE,Title,Default Title,LP-VI106,43.25,continue,manual,TRUE,TRUE,https://lichtplein.nl/img/p/lp-vi106-1-l.webp,1,active
lp-vi107,LED-driver 40 W DALI-2 en D4i voor straatarmatuur,<p>LED-driver 40 W DALI-2 en D4i voor straatarmatuur. Toebehoren voor de led straatarmatuur uit de serie VIA.</p><ul><li>Past op de armaturen uit deze serie</li><li>Direct uit voorraad</li></ul><h3>Specificaties</h3><table><tr><td>Garantie</td><td>5 jaar</td></tr></table><p>Minimale afname 8 stuks. Projectprijs vanaf 100 stuks op aanvraag. Levering binnen 5 werkdagen.</p>,Lichtplein,VIA,"VIA,B2B,Toebehoren",TRUE,Title,Default Title,LP-VI107,60.85,continue,manual,TRUE,TRUE,https://lichtplein.nl/img/p/lp-vi107-1-l.webp,1,active
lp-vi108,LED-driver 80 W DALI-2 en D4i voor straatarmatuur,<p>LED-driver 80 W DALI-2 en D4i voor straatarmatuur. Toebehoren voor de led straatarmatuur uit de serie VIA.</p><ul><li>Past op de armaturen uit deze serie</li><li>Direct uit voorraad</li></ul><h3>Specificaties</h3><table><tr><td>Garantie</td><td>5 jaar</td></tr></table><p>Minimale afname 6 stuks. Projectprijs vanaf 100 stuks op aanvraag. Levering binnen 5 werkdagen.</p>,Lichtplein,VIA,"VIA,B2B,Toebehoren",TRUE,Title,Default Title,LP-VI108,68.05,continue,manual,TRUE,TRUE,https://lichtplein.nl/img/p/lp-vi108-1-l.webp,1,active
lp-vi109,Programmeerunit voor LED-driver,<p>Programmeerunit voor LED-driver. Toebehoren voor de led straatarmatuur uit de serie VIA.</p><ul><li>Past op de armaturen uit deze serie</li><li>Direct uit voorraad</li></ul><h3>Specificaties</h3><table><tr><td>Garantie</td><td>5 jaar</td></tr></table><p>Minimale afname 1 stuk. Projectprijs vanaf 100 stuks op aanvraag. Levering binnen 5 werkdagen.</p>,Lichtplein,VIA,"VIA,B2B,Toebehoren",TRUE,Title,Default Title,LP-VI109,109.00,continue,manual,TRUE,TRUE,,,active
lp-vi110,LED straatarmatuur DALI-2 tot 40W 2700K,"<p>LED straatarmatuur met CREE-leds en ingebouwde Moso-driver met DALI-2, D4i en AstroDIM. Elektrische scheider, 10 kV overspanningsbeveiliging, horizontale of verticale montage op 60 mm mast.</p><ul><li>DALI-2 en D4i</li><li>AstroDIM nachtverlaging</li><li>CREE-leds</li><li>10 kV overspanningsbeveiliging</li><li>5 jaar garantie</li></ul><h3>Specificaties</h3><table><tr><td>Vermogen</td><td>0-40W</td></tr><tr><td>Lichtrendement</td><td>160 lm/W</td></tr><tr><td>Kleurtemperatuur</td><td>2700K</td></tr><tr><td>Kleurweergave (CRI)</td><td>&gt; 70</td></tr><tr><td>Lichtverdeling</td><td>TP III</td></tr><tr><td>Driver</td><td>Moso</td></tr><tr><td>LED-chip</td><td>CREE</td></tr><tr><td>Dimming en besturing</td><td>DALI-2, D4i, AstroDIM</td></tr><tr><td>Mastopname</td><td>Ø 60 mm</td></tr><tr><td>IP-klasse</td><td>IP66</td></tr><tr><td>Garantie</td><td>5 jaar</td></tr></table><p>Minimale afname 8 stuks. Projectprijs vanaf 100 stuks op aanvraag. Levering binnen 5 werkdagen.</p>",Lichtplein,VIA,"VIA,B2B,Straatarmaturen DALI-2",TRUE,Title,Default Title,LP-VI110,205.00,continue,manual,TRUE,TRUE,https://lichtplein.nl/img/p/lp-vi110-1-l.webp,1,active
lp-vi110,,,,,,,,,,,,,,,https://lichtplein.nl/img/p/lp-vi110-2-l.webp,2,
lp-vi110,,,,,,,,,,,,,,,https://lichtplein.nl/img/p/lp-vi110-3-l.webp,3,
lp-vi110,,,,,,,,,,,,,,,https://lichtplein.nl/img/p/lp-vi110-4-l.webp,4,
lp-vi111,LED straatarmatuur DALI-2 tot 80W 4000K,"<p>LED straatarmatuur met CREE-leds en ingebouwde Moso-driver met DALI-2, D4i en AstroDIM. Elektrische scheider, 10 kV overspanningsbeveiliging, horizontale of verticale montage op 60 mm mast.</p><ul><li>DALI-2 en D4i</li><li>AstroDIM nachtverlaging</li><li>CREE-leds</li><li>10 kV overspanningsbeveiliging</li><li>5 jaar garantie</li></ul><h3>Specificaties</h3><table><tr><td>Vermogen</td><td>0-80W</td></tr><tr><td>Lichtrendement</td><td>180 lm/W</td></tr><tr><td>Kleurtemperatuur</td><td>4000K</td></tr><tr><td>Kleurweergave (CRI)</td><td>&gt; 70</td></tr><tr><td>Lichtverdeling</td><td>TP III</td></tr><tr><td>Driver</td><td>Moso</td></tr><tr><td>LED-chip</td><td>CREE</td></tr><tr><td>Mastopname</td><td>Ø 60 mm</td></tr><tr><td>IP-klasse</td><td>IP66</td></tr><tr><td>Garantie</td><td>5 jaar</td></tr></table><p>Minimale afname 6 stuks. Projectprijs vanaf 100 stuks op aanvraag. Levering binnen 5 werkdagen.</p>",Lichtplein,VIA,"VIA,B2B,Straatarmaturen DALI-2",TRUE,Title,Default Title,LP-VI111,235.00,continue,manual,TRUE,TRUE,https://lichtplein.nl/img/p/lp-vi111-1-l.webp,1,active
lp-vi111,,,,,,,,,,,,,,,https://lichtplein.nl/img/p/lp-vi111-2-l.webp,2,
lp-vi111,,,,,,,,,,,,,,,https://lichtplein.nl/img/p/lp-vi111-3-l.webp,3,
lp-vi111,,,,,,,,,,,,,,,https://lichtplein.nl/img/p/lp-vi111-4-l.webp,4,
lp-vi112,LED straatarmatuur 20-50W instelbaar 6.750 lm 2700K,"<p>LED straatarmatuur met 150 lm/W en vermogen instelbaar via dipswitch: één artikel voor vier lichtniveaus. Horizontale en verticale montage, kantelbaar, IP66 en 10 kV overspanningsbeveiliging. Voor woonstraten, parkeerterreinen en bedrijventerreinen.</p><ul><li>150 lm/W</li><li>Vermogen instelbaar</li><li>Horizontaal en verticaal</li><li>IP66, 10 kV SPD</li><li>5 jaar garantie</li></ul><h3>Specificaties</h3><table><tr><td>Vermogen</td><td>20-50W</td></tr><tr><td>Lichtstroom</td><td>6.750 lm</td></tr><tr><td>Lichtrendement</td><td>150 lm/W</td></tr><tr><td>Kleurtemperatuur</td><td>2700K</td></tr><tr><td>Kleurweergave (CRI)</td><td>&gt; 70</td></tr><tr><td>Lichtverdeling</td><td>TP II</td></tr><tr><td>Driver</td><td>Sosen</td></tr><tr><td>LED-chip</td><td>Lumileds</td></tr><tr><td>Dimming en besturing</td><td>niet dimbaar</td></tr><tr><td>Aansluitkabel</td><td>1 m</td></tr><tr><td>Mastopname</td><td>Ø 60 mm</td></tr><tr><td>IP-klasse</td><td>IP66</td></tr><tr><td>Garantie</td><td>5 jaar</td></tr></table><p>Minimale afname 4 stuks. Projectprijs vanaf 100 stuks op aanvraag. Levering binnen 5 werkdagen.</p>",Lichtplein,VIA,"VIA,B2B,Straatarmaturen 50-100W",TRUE,Title,Default Title,LP-VI112,155.00,continue,manual,TRUE,TRUE,https://lichtplein.nl/img/p/lp-vi112-1-l.webp,1,active
lp-vi112,,,,,,,,,,,,,,,https://lichtplein.nl/img/p/lp-vi112-2-l.webp,2,
lp-vi112,,,,,,,,,,,,,,,https://lichtplein.nl/img/p/lp-vi112-3-l.webp,3,
lp-vi112,,,,,,,,,,,,,,,https://lichtplein.nl/img/p/lp-vi112-4-l.webp,4,
lp-vi113,LED straatarmatuur 40-100W instelbaar 13.500 lm 2700K,"<p>LED straatarmatuur met 150 lm/W en vermogen instelbaar via dipswitch: één artikel voor vier lichtniveaus. Horizontale en verticale montage, kantelbaar, IP66 en 10 kV overspanningsbeveiliging. Voor woonstraten, parkeerterreinen en bedrijventerreinen.</p><ul><li>150 lm/W</li><li>Vermogen instelbaar</li><li>Horizontaal en verticaal</li><li>IP66, 10 kV SPD</li><li>5 jaar garantie</li></ul><h3>Specificaties</h3><table><tr><td>Vermogen</td><td>40-100W</td></tr><tr><td>Lichtstroom</td><td>13.500 lm</td></tr><tr><td>Lichtrendement</td><td>150 lm/W</td></tr><tr><td>Kleurtemperatuur</td><td>2700K</td></tr><tr><td>Kleurweergave (CRI)</td><td>&gt; 70</td></tr><tr><td>Lichtverdeling</td><td>TP II</td></tr><tr><td>Driver</td><td>Sosen</td></tr><tr><td>LED-chip</td><td>Lumileds</td></tr><tr><td>Dimming en besturing</td><td>niet dimbaar</td></tr><tr><td>Aansluitkabel</td><td>1 m</td></tr><tr><td>Mastopname</td><td>Ø 60 mm</td></tr><tr><td>IP-klasse</td><td>IP66</td></tr><tr><td>Garantie</td><td>5 jaar</td></tr></table><p>Minimale afname 3 stuks. Projectprijs vanaf 100 stuks op aanvraag. Levering binnen 5 werkdagen.</p>",Lichtplein,VIA,"VIA,B2B,Straatarmaturen 50-100W",TRUE,Title,Default Title,LP-VI113,205.00,continue,manual,TRUE,TRUE,https://lichtplein.nl/img/p/lp-vi113-1-l.webp,1,active
lp-vi113,,,,,,,,,,,,,,,https://lichtplein.nl/img/p/lp-vi113-2-l.webp,2,
lp-vi113,,,,,,,,,,,,,,,https://lichtplein.nl/img/p/lp-vi113-3-l.webp,3,
lp-vi113,,,,,,,,,,,,,,,https://lichtplein.nl/img/p/lp-vi113-4-l.webp,4,
lp-vi114,LED straatarmatuur 20-50W instelbaar 7.500 lm 4000K,"<p>LED straatarmatuur met 150 lm/W en vermogen instelbaar via dipswitch: één artikel voor vier lichtniveaus. Horizontale en verticale montage, kantelbaar, IP66 en 10 kV overspanningsbeveiliging. Voor woonstraten, parkeerterreinen en bedrijventerreinen.</p><ul><li>150 lm/W</li><li>Vermogen instelbaar</li><li>Horizontaal en verticaal</li><li>IP66, 10 kV SPD</li><li>5 jaar garantie</li></ul><h3>Specificaties</h3><table><tr><td>Vermogen</td><td>20-50W</td></tr><tr><td>Lichtstroom</td><td>7.500 lm</td></tr><tr><td>Lichtrendement</td><td>150 lm/W</td></tr><tr><td>Kleurtemperatuur</td><td>4000K</td></tr><tr><td>Kleurweergave (CRI)</td><td>&gt; 70</td></tr><tr><td>Lichtverdeling</td><td>TP II</td></tr><tr><td>Driver</td><td>Sosen</td></tr><tr><td>LED-chip</td><td>Lumileds</td></tr><tr><td>Dimming en besturing</td><td>niet dimbaar</td></tr><tr><td>Aansluitkabel</td><td>1 m</td></tr><tr><td>Mastopname</td><td>Ø 60 mm</td></tr><tr><td>IP-klasse</td><td>IP66</td></tr><tr><td>Garantie</td><td>5 jaar</td></tr></table><p>Minimale afname 4 stuks. Projectprijs vanaf 100 stuks op aanvraag. Levering binnen 5 werkdagen.</p>",Lichtplein,VIA,"VIA,B2B,Straatarmaturen 50-100W",TRUE,Title,Default Title,LP-VI114,155.00,continue,manual,TRUE,TRUE,https://lichtplein.nl/img/p/lp-vi114-1-l.webp,1,active
lp-vi114,,,,,,,,,,,,,,,https://lichtplein.nl/img/p/lp-vi114-2-l.webp,2,
lp-vi114,,,,,,,,,,,,,,,https://lichtplein.nl/img/p/lp-vi114-3-l.webp,3,
lp-vi114,,,,,,,,,,,,,,,https://lichtplein.nl/img/p/lp-vi114-4-l.webp,4,
lp-vi115,LED straatarmatuur 30-80W instelbaar 12.000 lm 4000K,"<p>LED straatarmatuur met 150 lm/W en vermogen instelbaar via dipswitch: één artikel voor vier lichtniveaus. Horizontale en verticale montage, kantelbaar, IP66 en 10 kV overspanningsbeveiliging. Voor woonstraten, parkeerterreinen en bedrijventerreinen.</p><ul><li>150 lm/W</li><li>Vermogen instelbaar</li><li>Horizontaal en verticaal</li><li>IP66, 10 kV SPD</li><li>5 jaar garantie</li></ul><h3>Specificaties</h3><table><tr><td>Vermogen</td><td>30-80W</td></tr><tr><td>Lichtstroom</td><td>12.000 lm</td></tr><tr><td>Lichtrendement</td><td>150 lm/W</td></tr><tr><td>Kleurtemperatuur</td><td>4000K</td></tr><tr><td>Kleurweergave (CRI)</td><td>&gt; 70</td></tr><tr><td>Lichtverdeling</td><td>TP II</td></tr><tr><td>Driver</td><td>Sosen</td></tr><tr><td>LED-chip</td><td>Lumileds</td></tr><tr><td>Dimming en besturing</td><td>niet dimbaar</td></tr><tr><td>Aansluitkabel</td><td>1 m</td></tr><tr><td>Mastopname</td><td>Ø 60 mm</td></tr><tr><td>IP-klasse</td><td>IP66</td></tr><tr><td>Garantie</td><td>5 jaar</td></tr></table><p>Minimale afname 3 stuks. Projectprijs vanaf 100 stuks op aanvraag. Levering binnen 5 werkdagen.</p>",Lichtplein,VIA,"VIA,B2B,Straatarmaturen 50-100W",TRUE,Title,Default Title,LP-VI115,189.00,continue,manual,TRUE,TRUE,https://lichtplein.nl/img/p/lp-vi115-1-l.webp,1,active
lp-vi115,,,,,,,,,,,,,,,https://lichtplein.nl/img/p/lp-vi115-2-l.webp,2,
lp-vi115,,,,,,,,,,,,,,,https://lichtplein.nl/img/p/lp-vi115-3-l.webp,3,
lp-vi115,,,,,,,,,,,,,,,https://lichtplein.nl/img/p/lp-vi115-4-l.webp,4,
lp-vi116,LED straatarmatuur 40-100W instelbaar 15.000 lm 4000K,"<p>LED straatarmatuur met 150 lm/W en vermogen instelbaar via dipswitch: één artikel voor vier lichtniveaus. Horizontale en verticale montage, kantelbaar, IP66 en 10 kV overspanningsbeveiliging. Voor woonstraten, parkeerterreinen en bedrijventerreinen.</p><ul><li>150 lm/W</li><li>Vermogen instelbaar</li><li>Horizontaal en verticaal</li><li>IP66, 10 kV SPD</li><li>5 jaar garantie</li></ul><h3>Specificaties</h3><table><tr><td>Vermogen</td><td>40-100W</td></tr><tr><td>Lichtstroom</td><td>15.000 lm</td></tr><tr><td>Lichtrendement</td><td>150 lm/W</td></tr><tr><td>Kleurtemperatuur</td><td>4000K</td></tr><tr><td>Kleurweergave (CRI)</td><td>&gt; 70</td></tr><tr><td>Lichtverdeling</td><td>TP II</td></tr><tr><td>Driver</td><td>Sosen</td></tr><tr><td>LED-chip</td><td>Lumileds</td></tr><tr><td>Dimming en besturing</td><td>niet dimbaar</td></tr><tr><td>Aansluitkabel</td><td>1 m</td></tr><tr><td>Mastopname</td><td>Ø 60 mm</td></tr><tr><td>IP-klasse</td><td>IP66</td></tr><tr><td>Garantie</td><td>5 jaar</td></tr></table><p>Minimale afname 3 stuks. Projectprijs vanaf 100 stuks op aanvraag. Levering binnen 5 werkdagen.</p>",Lichtplein,VIA,"VIA,B2B,Straatarmaturen 50-100W",TRUE,Title,Default Title,LP-VI116,205.00,continue,manual,TRUE,TRUE,https://lichtplein.nl/img/p/lp-vi116-1-l.webp,1,active
lp-vi116,,,,,,,,,,,,,,,https://lichtplein.nl/img/p/lp-vi116-2-l.webp,2,
lp-vi116,,,,,,,,,,,,,,,https://lichtplein.nl/img/p/lp-vi116-3-l.webp,3,
lp-vi116,,,,,,,,,,,,,,,https://lichtplein.nl/img/p/lp-vi116-4-l.webp,4,
lp-vo101,"Enkelpolige schakelaar, wit","<p>Schakelmateriaal met een tijdloos design en ruime keuze in afwerkingen, van wit en zand tot antraciet, metallic, glas en hout. Mechanismen en afdekramen apart leverbaar zodat u per project combineert. CE-gecertificeerd, geschikt voor de standaard Europese inbouwdoos.</p><ul><li>CE-gecertificeerd</li><li>Schroefklem</li><li>Past in standaard inbouwdoos</li></ul><h3>Specificaties</h3><table><tr><td>Montage</td><td>Inbouw</td></tr><tr><td>IP-klasse</td><td>IP20</td></tr><tr><td>Afdekraam</td><td>Zonder afdekraam (apart bestellen)</td></tr><tr><td>Nominale stroom</td><td>10 A</td></tr><tr><td>Aansluitklem</td><td>Schroefklem</td></tr><tr><td>Kleur</td><td>wit</td></tr><tr><td>Spanning</td><td>230 V</td></tr></table><p>Minimale afname 10 stuks. Projectprijs vanaf 100 stuks op aanvraag. Levering binnen 5 werkdagen.</p>",Lichtplein,VOLTA,"VOLTA,B2B,Schakelaars",TRUE,Title,Default Title,LP-VO101,10.05,continue,manual,TRUE,TRUE,https://lichtplein.nl/img/p/lp-vo101-1-l.webp,1,active
lp-vo102,"Enkelpolige schakelaar, wit, set van 10","<p>Schakelmateriaal met een tijdloos design en ruime keuze in afwerkingen, van wit en zand tot antraciet, metallic, glas en hout. Mechanismen en afdekramen apart leverbaar zodat u per project combineert. CE-gecertificeerd, geschikt voor de standaard Europese inbouwdoos.</p><ul><li>CE-gecertificeerd</li><li>Schroefklem</li><li>Past in standaard inbouwdoos</li></ul><h3>Specificaties</h3><table><tr><td>Montage</td><td>Inbouw</td></tr><tr><td>IP-klasse</td><td>IP20</td></tr><tr><td>Afdekraam</td><td>Zonder afdekraam (apart bestellen)</td></tr><tr><td>Nominale stroom</td><td>10 A</td></tr><tr><td>Aansluitklem</td><td>Schroefklem</td></tr><tr><td>Kleur</td><td>wit</td></tr><tr><td>Spanning</td><td>230 V</td></tr><tr><td>Verpakking</td><td>10 stuks</td></tr></table><p>Minimale afname 1 set. Projectprijs vanaf 100 stuks op aanvraag. Levering binnen 5 werkdagen.</p>",Lichtplein,VOLTA,"VOLTA,B2B,Schakelaars",TRUE,Title,Default Title,LP-VO102,96.69,continue,manual,TRUE,TRUE,https://lichtplein.nl/img/p/lp-vo102-1-l.webp,1,active
lp-vo103,"Enkelpolige schakelaar IP44, wit","<p>Schakelmateriaal met een tijdloos design en ruime keuze in afwerkingen, van wit en zand tot antraciet, metallic, glas en hout. Mechanismen en afdekramen apart leverbaar zodat u per project combineert. CE-gecertificeerd, geschikt voor de standaard Europese inbouwdoos.</p><ul><li>CE-gecertificeerd</li><li>Schroefklem</li><li>Past in standaard inbouwdoos</li></ul><h3>Specificaties</h3><table><tr><td>Montage</td><td>Inbouw</td></tr><tr><td>IP-klasse</td><td>IP44</td></tr><tr><td>Afdekraam</td><td>Zonder afdekraam (apart bestellen)</td></tr><tr><td>Nominale stroom</td><td>10 A</td></tr><tr><td>Aansluitklem</td><td>Schroefklem</td></tr><tr><td>Kleur</td><td>wit</td></tr><tr><td>Spanning</td><td>230 V</td></tr></table><p>Minimale afname 10 stuks. Projectprijs vanaf 100 stuks op aanvraag. Levering binnen 5 werkdagen.</p>",Lichtplein,VOLTA,"VOLTA,B2B,Schakelaars",TRUE,Title,Default Title,LP-VO103,15.89,continue,manual,TRUE,TRUE,https://lichtplein.nl/img/p/lp-vo103-1-l.webp,1,active
lp-vo104,"Enkelpolige schakelaar, wit","<p>Schakelmateriaal met een tijdloos design en ruime keuze in afwerkingen, van wit en zand tot antraciet, metallic, glas en hout. Mechanismen en afdekramen apart leverbaar zodat u per project combineert. CE-gecertificeerd, geschikt voor de standaard Europese inbouwdoos.</p><ul><li>CE-gecertificeerd</li><li>Veerklem, snelle montage</li><li>Past in standaard inbouwdoos</li></ul><h3>Specificaties</h3><table><tr><td>Montage</td><td>Inbouw</td></tr><tr><td>IP-klasse</td><td>IP20</td></tr><tr><td>Afdekraam</td><td>Zonder afdekraam (apart bestellen)</td></tr><tr><td>Nominale stroom</td><td>10 A</td></tr><tr><td>Aansluitklem</td><td>Veerklem (snelaansluiting)</td></tr><tr><td>Kleur</td><td>wit</td></tr><tr><td>Spanning</td><td>230 V</td></tr></table><p>Minimale afname 10 stuks. Projectprijs vanaf 100 stuks op aanvraag. Levering binnen 5 werkdagen.</p>",Lichtplein,VOLTA,"VOLTA,B2B,Schakelaars",TRUE,Title,Default Title,LP-VO104,10.85,continue,manual,TRUE,TRUE,https://lichtplein.nl/img/p/lp-vo104-1-l.webp,1,active
lp-vo104,,,,,,,,,,,,,,,https://lichtplein.nl/img/p/lp-vo104-2-l.webp,2,
lp-vo105,"Enkelpolige schakelaar, wit, set van 10","<p>Schakelmateriaal met een tijdloos design en ruime keuze in afwerkingen, van wit en zand tot antraciet, metallic, glas en hout. Mechanismen en afdekramen apart leverbaar zodat u per project combineert. CE-gecertificeerd, geschikt voor de standaard Europese inbouwdoos.</p><ul><li>CE-gecertificeerd</li><li>Veerklem, snelle montage</li><li>Past in standaard inbouwdoos</li></ul><h3>Specificaties</h3><table><tr><td>Montage</td><td>Inbouw</td></tr><tr><td>IP-klasse</td><td>IP20</td></tr><tr><td>Afdekraam</td><td>Zonder afdekraam (apart bestellen)</td></tr><tr><td>Nominale stroom</td><td>10 A</td></tr><tr><td>Aansluitklem</td><td>Veerklem (snelaansluiting)</td></tr><tr><td>Kleur</td><td>wit</td></tr><tr><td>Spanning</td><td>230 V</td></tr><tr><td>Verpakking</td><td>10 stuks</td></tr></table><p>Minimale afname 1 set. Projectprijs vanaf 100 stuks op aanvraag. Levering binnen 5 werkdagen.</p>",Lichtplein,VOLTA,"VOLTA,B2B,Schakelaars",TRUE,Title,Default Title,LP-VO105,105.00,continue,manual,TRUE,TRUE,https://lichtplein.nl/img/p/lp-vo105-1-l.webp,1,active
lp-vo105,,,,,,,,,,,,,,,https://lichtplein.nl/img/p/lp-vo105-2-l.webp,2,
lp-vo106,"Enkelpolige schakelaar met controlelampje, wit","<p>Schakelmateriaal met een tijdloos design en ruime keuze in afwerkingen, van wit en zand tot antraciet, metallic, glas en hout. Mechanismen en afdekramen apart leverbaar zodat u per project combineert. CE-gecertificeerd, geschikt voor de standaard Europese inbouwdoos.</p><ul><li>CE-gecertificeerd</li><li>Veerklem, snelle montage</li><li>Past in standaard inbouwdoos</li></ul><h3>Specificaties</h3><table><tr><td>Montage</td><td>Inbouw</td></tr><tr><td>IP-klasse</td><td>IP20</td></tr><tr><td>Afdekraam</td><td>Zonder afdekraam (apart bestellen)</td></tr><tr><td>Nominale stroom</td><td>10 A</td></tr><tr><td>Aansluitklem</td><td>Veerklem (snelaansluiting)</td></tr><tr><td>Kleur</td><td>wit</td></tr><tr><td>Spanning</td><td>230 V</td></tr></table><p>Minimale afname 10 stuks. Projectprijs vanaf 100 stuks op aanvraag. Levering binnen 5 werkdagen.</p>",Lichtplein,VOLTA,"VOLTA,B2B,Schakelaars",TRUE,Title,Default Title,LP-VO106,13.69,continue,manual,TRUE,TRUE,https://lichtplein.nl/img/p/lp-vo106-1-l.webp,1,active
lp-vo106,,,,,,,,,,,,,,,https://lichtplein.nl/img/p/lp-vo106-2-l.webp,2,
lp-vo106,,,,,,,,,,,,,,,https://lichtplein.nl/img/p/lp-vo106-3-l.webp,3,
lp-vo107,"Pulsdrukker enkel, wit","<p>Schakelmateriaal met een tijdloos design en ruime keuze in afwerkingen, van wit en zand tot antraciet, metallic, glas en hout. Mechanismen en afdekramen apart leverbaar zodat u per project combineert. CE-gecertificeerd, geschikt voor de standaard Europese inbouwdoos.</p><ul><li>CE-gecertificeerd</li><li>Veerklem, snelle montage</li><li>Past in standaard inbouwdoos</li></ul><h3>Specificaties</h3><table><tr><td>Montage</td><td>Inbouw</td></tr><tr><td>IP-klasse</td><td>IP20</td></tr><tr><td>Afdekraam</td><td>Zonder afdekraam (apart bestellen)</td></tr><tr><td>Nominale stroom</td><td>10 A</td></tr><tr><td>Aansluitklem</td><td>Veerklem (snelaansluiting)</td></tr><tr><td>Kleur</td><td>wit</td></tr><tr><td>Spanning</td><td>230 V</td></tr></table><p>Minimale afname 10 stuks. Projectprijs vanaf 100 stuks op aanvraag. Levering binnen 5 werkdagen.</p>",Lichtplein,VOLTA,"VOLTA,B2B,Schakelaars",TRUE,Title,Default Title,LP-VO107,12.09,continue,manual,TRUE,TRUE,https://lichtplein.nl/img/p/lp-vo107-1-l.webp,1,active
lp-vo107,,,,,,,,,,,,,,,https://lichtplein.nl/img/p/lp-vo107-2-l.webp,2,
lp-vo107,,,,,,,,,,,,,,,https://lichtplein.nl/img/p/lp-vo107-3-l.webp,3,
lp-vo108,"Tweepolige schakelaar, wit","<p>Schakelmateriaal met een tijdloos design en ruime keuze in afwerkingen, van wit en zand tot antraciet, metallic, glas en hout. Mechanismen en afdekramen apart leverbaar zodat u per project combineert. CE-gecertificeerd, geschikt voor de standaard Europese inbouwdoos.</p><ul><li>CE-gecertificeerd</li><li>Veerklem, snelle montage</li><li>Past in standaard inbouwdoos</li></ul><h3>Specificaties</h3><table><tr><td>Montage</td><td>Inbouw</td></tr><tr><td>IP-klasse</td><td>IP20</td></tr><tr><td>Afdekraam</td><td>Zonder afdekraam (apart bestellen)</td></tr><tr><td>Nominale stroom</td><td>10 A</td></tr><tr><td>Aansluitklem</td><td>Veerklem (snelaansluiting)</td></tr><tr><td>Kleur</td><td>wit</td></tr><tr><td>Spanning</td><td>230 V</td></tr></table><p>Minimale afname 10 stuks. Projectprijs vanaf 100 stuks op aanvraag. Levering binnen 5 werkdagen.</p>",Lichtplein,VOLTA,"VOLTA,B2B,Schakelaars",TRUE,Title,Default Title,LP-VO108,14.55,continue,manual,TRUE,TRUE,https://lichtplein.nl/img/p/lp-vo108-1-l.webp,1,active
lp-vo108,,,,,,,,,,,,,,,https://lichtplein.nl/img/p/lp-vo108-2-l.webp,2,
lp-vo109,"Serieschakelaar (2-voudig), wit","<p>Schakelmateriaal met een tijdloos design en ruime keuze in afwerkingen, van wit en zand tot antraciet, metallic, glas en hout. Mechanismen en afdekramen apart leverbaar zodat u per project combineert. CE-gecertificeerd, geschikt voor de standaard Europese inbouwdoos.</p><ul><li>CE-gecertificeerd</li><li>Schroefklem</li><li>Past in standaard inbouwdoos</li></ul><h3>Specificaties</h3><table><tr><td>Montage</td><td>Inbouw</td></tr><tr><td>IP-klasse</td><td>IP20</td></tr><tr><td>Afdekraam</td><td>Zonder afdekraam (apart bestellen)</td></tr><tr><td>Nominale stroom</td><td>10 A</td></tr><tr><td>Aansluitklem</td><td>Schroefklem</td></tr><tr><td>Kleur</td><td>wit</td></tr><tr><td>Spanning</td><td>230 V</td></tr></table><p>Minimale afname 10 stuks. Projectprijs vanaf 100 stuks op aanvraag. Levering binnen 5 werkdagen.</p>",Lichtplein,VOLTA,"VOLTA,B2B,Schakelaars",TRUE,Title,Default Title,LP-VO109,13.75,continue,manual,TRUE,TRUE,https://lichtplein.nl/img/p/lp-vo109-1-l.webp,1,active
lp-vo110,"Serieschakelaar (2-voudig), wit, set van 10","<p>Schakelmateriaal met een tijdloos design en ruime keuze in afwerkingen, van wit en zand tot antraciet, metallic, glas en hout. Mechanismen en afdekramen apart leverbaar zodat u per project combineert. CE-gecertificeerd, geschikt voor de standaard Europese inbouwdoos.</p><ul><li>CE-gecertificeerd</li><li>Schroefklem</li><li>Past in standaard inbouwdoos</li></ul><h3>Specificaties</h3><table><tr><td>Montage</td><td>Inbouw</td></tr><tr><td>IP-klasse</td><td>IP20</td></tr><tr><td>Afdekraam</td><td>Zonder afdekraam (apart bestellen)</td></tr><tr><td>Nominale stroom</td><td>10 A</td></tr><tr><td>Aansluitklem</td><td>Schroefklem</td></tr><tr><td>Kleur</td><td>wit</td></tr><tr><td>Spanning</td><td>230 V</td></tr><tr><td>Verpakking</td><td>10 stuks</td></tr></table><p>Minimale afname 1 set. Projectprijs vanaf 100 stuks op aanvraag. Levering binnen 5 werkdagen.</p>",Lichtplein,VOLTA,"VOLTA,B2B,Schakelaars",TRUE,Title,Default Title,LP-VO110,135.00,continue,manual,TRUE,TRUE,https://lichtplein.nl/img/p/lp-vo110-1-l.webp,1,active
lp-vo111,"Serieschakelaar (2-voudig) IP44, wit","<p>Schakelmateriaal met een tijdloos design en ruime keuze in afwerkingen, van wit en zand tot antraciet, metallic, glas en hout. Mechanismen en afdekramen apart leverbaar zodat u per project combineert. CE-gecertificeerd, geschikt voor de standaard Europese inbouwdoos.</p><ul><li>CE-gecertificeerd</li><li>Schroefklem</li><li>Past in standaard inbouwdoos</li></ul><h3>Specificaties</h3><table><tr><td>Montage</td><td>Inbouw</td></tr><tr><td>IP-klasse</td><td>IP44</td></tr><tr><td>Afdekraam</td><td>Zonder afdekraam (apart bestellen)</td></tr><tr><td>Nominale stroom</td><td>10 A</td></tr><tr><td>Aansluitklem</td><td>Schroefklem</td></tr><tr><td>Kleur</td><td>wit</td></tr><tr><td>Spanning</td><td>230 V</td></tr></table><p>Minimale afname 10 stuks. Projectprijs vanaf 100 stuks op aanvraag. Levering binnen 5 werkdagen.</p>",Lichtplein,VOLTA,"VOLTA,B2B,Schakelaars",TRUE,Title,Default Title,LP-VO111,18.95,continue,manual,TRUE,TRUE,https://lichtplein.nl/img/p/lp-vo111-1-l.webp,1,active
lp-vo111,,,,,,,,,,,,,,,https://lichtplein.nl/img/p/lp-vo111-2-l.webp,2,
lp-vo112,"Serieschakelaar (2-voudig), wit","<p>Schakelmateriaal met een tijdloos design en ruime keuze in afwerkingen, van wit en zand tot antraciet, metallic, glas en hout. Mechanismen en afdekramen apart leverbaar zodat u per project combineert. CE-gecertificeerd, geschikt voor de standaard Europese inbouwdoos.</p><ul><li>CE-gecertificeerd</li><li>Veerklem, snelle montage</li><li>Past in standaard inbouwdoos</li></ul><h3>Specificaties</h3><table><tr><td>Montage</td><td>Inbouw</td></tr><tr><td>IP-klasse</td><td>IP20</td></tr><tr><td>Afdekraam</td><td>Zonder afdekraam (apart bestellen)</td></tr><tr><td>Nominale stroom</td><td>10 A</td></tr><tr><td>Aansluitklem</td><td>Veerklem (snelaansluiting)</td></tr><tr><td>Kleur</td><td>wit</td></tr><tr><td>Spanning</td><td>230 V</td></tr></table><p>Minimale afname 10 stuks. Projectprijs vanaf 100 stuks op aanvraag. Levering binnen 5 werkdagen.</p>",Lichtplein,VOLTA,"VOLTA,B2B,Schakelaars",TRUE,Title,Default Title,LP-VO112,14.55,continue,manual,TRUE,TRUE,https://lichtplein.nl/img/p/lp-vo112-1-l.webp,1,active
lp-vo112,,,,,,,,,,,,,,,https://lichtplein.nl/img/p/lp-vo112-2-l.webp,2,
lp-vo113,"Serieschakelaar (2-voudig), wit, set van 10","<p>Schakelmateriaal met een tijdloos design en ruime keuze in afwerkingen, van wit en zand tot antraciet, metallic, glas en hout. Mechanismen en afdekramen apart leverbaar zodat u per project combineert. CE-gecertificeerd, geschikt voor de standaard Europese inbouwdoos.</p><ul><li>CE-gecertificeerd</li><li>Veerklem, snelle montage</li><li>Past in standaard inbouwdoos</li></ul><h3>Specificaties</h3><table><tr><td>Montage</td><td>Inbouw</td></tr><tr><td>IP-klasse</td><td>IP20</td></tr><tr><td>Afdekraam</td><td>Zonder afdekraam (apart bestellen)</td></tr><tr><td>Nominale stroom</td><td>10 A</td></tr><tr><td>Aansluitklem</td><td>Veerklem (snelaansluiting)</td></tr><tr><td>Kleur</td><td>wit</td></tr><tr><td>Spanning</td><td>230 V</td></tr><tr><td>Verpakking</td><td>10 stuks</td></tr></table><p>Minimale afname 1 set. Projectprijs vanaf 100 stuks op aanvraag. Levering binnen 5 werkdagen.</p>",Lichtplein,VOLTA,"VOLTA,B2B,Schakelaars",TRUE,Title,Default Title,LP-VO113,145.00,continue,manual,TRUE,TRUE,https://lichtplein.nl/img/p/lp-vo113-1-l.webp,1,active
lp-vo113,,,,,,,,,,,,,,,https://lichtplein.nl/img/p/lp-vo113-2-l.webp,2,
lp-vo114,"Pulsdrukker dubbel, wit","<p>Schakelmateriaal met een tijdloos design en ruime keuze in afwerkingen, van wit en zand tot antraciet, metallic, glas en hout. Mechanismen en afdekramen apart leverbaar zodat u per project combineert. CE-gecertificeerd, geschikt voor de standaard Europese inbouwdoos.</p><ul><li>CE-gecertificeerd</li><li>Veerklem, snelle montage</li><li>Past in standaard inbouwdoos</li></ul><h3>Specificaties</h3><table><tr><td>Montage</td><td>Inbouw</td></tr><tr><td>IP-klasse</td><td>IP20</td></tr><tr><td>Afdekraam</td><td>Zonder afdekraam (apart bestellen)</td></tr><tr><td>Nominale stroom</td><td>10 A</td></tr><tr><td>Aansluitklem</td><td>Veerklem (snelaansluiting)</td></tr><tr><td>Kleur</td><td>wit</td></tr><tr><td>Spanning</td><td>230 V</td></tr></table><p>Minimale afname 10 stuks. Projectprijs vanaf 100 stuks op aanvraag. Levering binnen 5 werkdagen.</p>",Lichtplein,VOLTA,"VOLTA,B2B,Schakelaars",TRUE,Title,Default Title,LP-VO114,15.79,continue,manual,TRUE,TRUE,https://lichtplein.nl/img/p/lp-vo114-1-l.webp,1,active
lp-vo114,,,,,,,,,,,,,,,https://lichtplein.nl/img/p/lp-vo114-2-l.webp,2,
lp-vo115,"Serieschakelaar (2-voudig) met controlelampje, wit","<p>Schakelmateriaal met een tijdloos design en ruime keuze in afwerkingen, van wit en zand tot antraciet, metallic, glas en hout. Mechanismen en afdekramen apart leverbaar zodat u per project combineert. CE-gecertificeerd, geschikt voor de standaard Europese inbouwdoos.</p><ul><li>CE-gecertificeerd</li><li>Veerklem, snelle montage</li><li>Past in standaard inbouwdoos</li></ul><h3>Specificaties</h3><table><tr><td>Montage</td><td>Inbouw</td></tr><tr><td>IP-klasse</td><td>IP20</td></tr><tr><td>Afdekraam</td><td>Zonder afdekraam (apart bestellen)</td></tr><tr><td>Nominale stroom</td><td>10 A</td></tr><tr><td>Aansluitklem</td><td>Veerklem (snelaansluiting)</td></tr><tr><td>Kleur</td><td>wit</td></tr><tr><td>Spanning</td><td>230 V</td></tr></table><p>Minimale afname 10 stuks. Projectprijs vanaf 100 stuks op aanvraag. Levering binnen 5 werkdagen.</p>",Lichtplein,VOLTA,"VOLTA,B2B,Schakelaars",TRUE,Title,Default Title,LP-VO115,17.45,continue,manual,TRUE,TRUE,https://lichtplein.nl/img/p/lp-vo115-1-l.webp,1,active
lp-vo116,"Drievoudige schakelaar, wit","<p>Schakelmateriaal met een tijdloos design en ruime keuze in afwerkingen, van wit en zand tot antraciet, metallic, glas en hout. Mechanismen en afdekramen apart leverbaar zodat u per project combineert. CE-gecertificeerd, geschikt voor de standaard Europese inbouwdoos.</p><ul><li>CE-gecertificeerd</li><li>Schroefklem</li><li>Past in standaard inbouwdoos</li></ul><h3>Specificaties</h3><table><tr><td>Montage</td><td>Inbouw</td></tr><tr><td>IP-klasse</td><td>IP20</td></tr><tr><td>Afdekraam</td><td>Zonder afdekraam (apart bestellen)</td></tr><tr><td>Nominale stroom</td><td>16 A</td></tr><tr><td>Aansluitklem</td><td>Schroefklem</td></tr><tr><td>Kleur</td><td>wit</td></tr><tr><td>Spanning</td><td>230 V</td></tr></table><p>Minimale afname 10 stuks. Projectprijs vanaf 100 stuks op aanvraag. Levering binnen 5 werkdagen.</p>",Lichtplein,VOLTA,"VOLTA,B2B,Schakelaars",TRUE,Title,Default Title,LP-VO116,19.59,continue,manual,TRUE,TRUE,https://lichtplein.nl/img/p/lp-vo116-1-l.webp,1,active
lp-vo117,"Wisselschakelaar, wit","<p>Schakelmateriaal met een tijdloos design en ruime keuze in afwerkingen, van wit en zand tot antraciet, metallic, glas en hout. Mechanismen en afdekramen apart leverbaar zodat u per project combineert. CE-gecertificeerd, geschikt voor de standaard Europese inbouwdoos.</p><ul><li>CE-gecertificeerd</li><li>Schroefklem</li><li>Past in standaard inbouwdoos</li></ul><h3>Specificaties</h3><table><tr><td>Montage</td><td>Inbouw</td></tr><tr><td>IP-klasse</td><td>IP20</td></tr><tr><td>Afdekraam</td><td>Zonder afdekraam (apart bestellen)</td></tr><tr><td>Nominale stroom</td><td>10 A</td></tr><tr><td>Aansluitklem</td><td>Schroefklem</td></tr><tr><td>Kleur</td><td>wit</td></tr><tr><td>Spanning</td><td>230 V</td></tr></table><p>Minimale afname 10 stuks. Projectprijs vanaf 100 stuks op aanvraag. Levering binnen 5 werkdagen.</p>",Lichtplein,VOLTA,"VOLTA,B2B,Schakelaars",TRUE,Title,Default Title,LP-VO117,10.85,continue,manual,TRUE,TRUE,https://lichtplein.nl/img/p/lp-vo117-1-l.webp,1,active
lp-vo117,,,,,,,,,,,,,,,https://lichtplein.nl/img/p/lp-vo117-2-l.webp,2,
lp-vo117,,,,,,,,,,,,,,,https://lichtplein.nl/img/p/lp-vo117-3-l.webp,3,
lp-vo118,"Wisselschakelaar IP44, wit","<p>Schakelmateriaal met een tijdloos design en ruime keuze in afwerkingen, van wit en zand tot antraciet, metallic, glas en hout. Mechanismen en afdekramen apart leverbaar zodat u per project combineert. CE-gecertificeerd, geschikt voor de standaard Europese inbouwdoos.</p><ul><li>CE-gecertificeerd</li><li>Schroefklem</li><li>Past in standaard inbouwdoos</li></ul><h3>Specificaties</h3><table><tr><td>Montage</td><td>Inbouw</td></tr><tr><td>IP-klasse</td><td>IP44</td></tr><tr><td>Afdekraam</td><td>Zonder afdekraam (apart bestellen)</td></tr><tr><td>Nominale stroom</td><td>10 A</td></tr><tr><td>Aansluitklem</td><td>Schroefklem</td></tr><tr><td>Kleur</td><td>wit</td></tr><tr><td>Spanning</td><td>230 V</td></tr></table><p>Minimale afname 10 stuks. Projectprijs vanaf 100 stuks op aanvraag. Levering binnen 5 werkdagen.</p>",Lichtplein,VOLTA,"VOLTA,B2B,Schakelaars",TRUE,Title,Default Title,LP-VO118,18.05,continue,manual,TRUE,TRUE,https://lichtplein.nl/img/p/lp-vo118-1-l.webp,1,active
lp-vo119,"Wisselschakelaar, wit","<p>Schakelmateriaal met een tijdloos design en ruime keuze in afwerkingen, van wit en zand tot antraciet, metallic, glas en hout. Mechanismen en afdekramen apart leverbaar zodat u per project combineert. CE-gecertificeerd, geschikt voor de standaard Europese inbouwdoos.</p><ul><li>CE-gecertificeerd</li><li>Veerklem, snelle montage</li><li>Past in standaard inbouwdoos</li></ul><h3>Specificaties</h3><table><tr><td>Montage</td><td>Inbouw</td></tr><tr><td>IP-klasse</td><td>IP20</td></tr><tr><td>Afdekraam</td><td>Zonder afdekraam (apart bestellen)</td></tr><tr><td>Nominale stroom</td><td>10 A</td></tr><tr><td>Aansluitklem</td><td>Veerklem (snelaansluiting)</td></tr><tr><td>Kleur</td><td>wit</td></tr><tr><td>Spanning</td><td>230 V</td></tr></table><p>Minimale afname 10 stuks. Projectprijs vanaf 100 stuks op aanvraag. Levering binnen 5 werkdagen.</p>",Lichtplein,VOLTA,"VOLTA,B2B,Schakelaars",TRUE,Title,Default Title,LP-VO119,12.09,continue,manual,TRUE,TRUE,https://lichtplein.nl/img/p/lp-vo119-1-l.webp,1,active
lp-vo119,,,,,,,,,,,,,,,https://lichtplein.nl/img/p/lp-vo119-2-l.webp,2,
lp-vo120,"Wisselschakelaar, wit, set van 10","<p>Schakelmateriaal met een tijdloos design en ruime keuze in afwerkingen, van wit en zand tot antraciet, metallic, glas en hout. Mechanismen en afdekramen apart leverbaar zodat u per project combineert. CE-gecertificeerd, geschikt voor de standaard Europese inbouwdoos.</p><ul><li>CE-gecertificeerd</li><li>Veerklem, snelle montage</li><li>Past in standaard inbouwdoos</li></ul><h3>Specificaties</h3><table><tr><td>Montage</td><td>Inbouw</td></tr><tr><td>IP-klasse</td><td>IP20</td></tr><tr><td>Afdekraam</td><td>Zonder afdekraam (apart bestellen)</td></tr><tr><td>Nominale stroom</td><td>10 A</td></tr><tr><td>Aansluitklem</td><td>Veerklem (snelaansluiting)</td></tr><tr><td>Kleur</td><td>wit</td></tr><tr><td>Spanning</td><td>230 V</td></tr><tr><td>Verpakking</td><td>10 stuks</td></tr></table><p>Minimale afname 1 set. Projectprijs vanaf 100 stuks op aanvraag. Levering binnen 5 werkdagen.</p>",Lichtplein,VOLTA,"VOLTA,B2B,Schakelaars",TRUE,Title,Default Title,LP-VO120,119.00,continue,manual,TRUE,TRUE,https://lichtplein.nl/img/p/lp-vo120-1-l.webp,1,active
lp-vo120,,,,,,,,,,,,,,,https://lichtplein.nl/img/p/lp-vo120-2-l.webp,2,
lp-vo121,"Wisselschakelaar met controlelampje, wit","<p>Schakelmateriaal met een tijdloos design en ruime keuze in afwerkingen, van wit en zand tot antraciet, metallic, glas en hout. Mechanismen en afdekramen apart leverbaar zodat u per project combineert. CE-gecertificeerd, geschikt voor de standaard Europese inbouwdoos.</p><ul><li>CE-gecertificeerd</li><li>Veerklem, snelle montage</li><li>Past in standaard inbouwdoos</li></ul><h3>Specificaties</h3><table><tr><td>Montage</td><td>Inbouw</td></tr><tr><td>IP-klasse</td><td>IP20</td></tr><tr><td>Afdekraam</td><td>Zonder afdekraam (apart bestellen)</td></tr><tr><td>Nominale stroom</td><td>10 A</td></tr><tr><td>Aansluitklem</td><td>Veerklem (snelaansluiting)</td></tr><tr><td>Kleur</td><td>wit</td></tr><tr><td>Spanning</td><td>230 V</td></tr></table><p>Minimale afname 10 stuks. Projectprijs vanaf 100 stuks op aanvraag. Levering binnen 5 werkdagen.</p>",Lichtplein,VOLTA,"VOLTA,B2B,Schakelaars",TRUE,Title,Default Title,LP-VO121,14.95,continue,manual,TRUE,TRUE,https://lichtplein.nl/img/p/lp-vo121-1-l.webp,1,active
lp-vo121,,,,,,,,,,,,,,,https://lichtplein.nl/img/p/lp-vo121-2-l.webp,2,
lp-vo122,"Kruisschakelaar, wit","<p>Schakelmateriaal met een tijdloos design en ruime keuze in afwerkingen, van wit en zand tot antraciet, metallic, glas en hout. Mechanismen en afdekramen apart leverbaar zodat u per project combineert. CE-gecertificeerd, geschikt voor de standaard Europese inbouwdoos.</p><ul><li>CE-gecertificeerd</li><li>Schroefklem</li><li>Past in standaard inbouwdoos</li></ul><h3>Specificaties</h3><table><tr><td>Montage</td><td>Inbouw</td></tr><tr><td>IP-klasse</td><td>IP20</td></tr><tr><td>Afdekraam</td><td>Zonder afdekraam (apart bestellen)</td></tr><tr><td>Nominale stroom</td><td>10 A</td></tr><tr><td>Aansluitklem</td><td>Schroefklem</td></tr><tr><td>Kleur</td><td>wit</td></tr><tr><td>Spanning</td><td>230 V</td></tr></table><p>Minimale afname 10 stuks. Projectprijs vanaf 100 stuks op aanvraag. Levering binnen 5 werkdagen.</p>",Lichtplein,VOLTA,"VOLTA,B2B,Schakelaars",TRUE,Title,Default Title,LP-VO122,15.55,continue,manual,TRUE,TRUE,https://lichtplein.nl/img/p/lp-vo122-1-l.webp,1,active
lp-vo123,"Kruisschakelaar, wit","<p>Schakelmateriaal met een tijdloos design en ruime keuze in afwerkingen, van wit en zand tot antraciet, metallic, glas en hout. Mechanismen en afdekramen apart leverbaar zodat u per project combineert. CE-gecertificeerd, geschikt voor de standaard Europese inbouwdoos.</p><ul><li>CE-gecertificeerd</li><li>Veerklem, snelle montage</li><li>Past in standaard inbouwdoos</li></ul><h3>Specificaties</h3><table><tr><td>Montage</td><td>Inbouw</td></tr><tr><td>IP-klasse</td><td>IP20</td></tr><tr><td>Afdekraam</td><td>Zonder afdekraam (apart bestellen)</td></tr><tr><td>Nominale stroom</td><td>10 A</td></tr><tr><td>Aansluitklem</td><td>Veerklem (snelaansluiting)</td></tr><tr><td>Kleur</td><td>wit</td></tr><tr><td>Spanning</td><td>230 V</td></tr></table><p>Minimale afname 10 stuks. Projectprijs vanaf 100 stuks op aanvraag. Levering binnen 5 werkdagen.</p>",Lichtplein,VOLTA,"VOLTA,B2B,Schakelaars",TRUE,Title,Default Title,LP-VO123,17.05,continue,manual,TRUE,TRUE,https://lichtplein.nl/img/p/lp-vo123-1-l.webp,1,active
lp-vo123,,,,,,,,,,,,,,,https://lichtplein.nl/img/p/lp-vo123-2-l.webp,2,
lp-vo124,"Kruisschakelaar, wit, set van 10","<p>Schakelmateriaal met een tijdloos design en ruime keuze in afwerkingen, van wit en zand tot antraciet, metallic, glas en hout. Mechanismen en afdekramen apart leverbaar zodat u per project combineert. CE-gecertificeerd, geschikt voor de standaard Europese inbouwdoos.</p><ul><li>CE-gecertificeerd</li><li>Veerklem, snelle montage</li><li>Past in standaard inbouwdoos</li></ul><h3>Specificaties</h3><table><tr><td>Montage</td><td>Inbouw</td></tr><tr><td>IP-klasse</td><td>IP20</td></tr><tr><td>Afdekraam</td><td>Zonder afdekraam (apart bestellen)</td></tr><tr><td>Nominale stroom</td><td>10 A</td></tr><tr><td>Aansluitklem</td><td>Veerklem (snelaansluiting)</td></tr><tr><td>Kleur</td><td>wit</td></tr><tr><td>Spanning</td><td>230 V</td></tr><tr><td>Verpakking</td><td>10 stuks</td></tr></table><p>Minimale afname 1 set. Projectprijs vanaf 100 stuks op aanvraag. Levering binnen 5 werkdagen.</p>",Lichtplein,VOLTA,"VOLTA,B2B,Schakelaars",TRUE,Title,Default Title,LP-VO124,159.00,continue,manual,TRUE,TRUE,https://lichtplein.nl/img/p/lp-vo124-1-l.webp,1,active
lp-vo124,,,,,,,,,,,,,,,https://lichtplein.nl/img/p/lp-vo124-2-l.webp,2,
lp-vo125,"Dubbele wisselpulsdrukker, wit","<p>Schakelmateriaal met een tijdloos design en ruime keuze in afwerkingen, van wit en zand tot antraciet, metallic, glas en hout. Mechanismen en afdekramen apart leverbaar zodat u per project combineert. CE-gecertificeerd, geschikt voor de standaard Europese inbouwdoos.</p><ul><li>CE-gecertificeerd</li><li>Veerklem, snelle montage</li><li>Past in standaard inbouwdoos</li></ul><h3>Specificaties</h3><table><tr><td>Montage</td><td>Inbouw</td></tr><tr><td>IP-klasse</td><td>IP20</td></tr><tr><td>Afdekraam</td><td>Zonder afdekraam (apart bestellen)</td></tr><tr><td>Nominale stroom</td><td>16 A</td></tr><tr><td>Aansluitklem</td><td>Veerklem (snelaansluiting)</td></tr><tr><td>Kleur</td><td>wit</td></tr><tr><td>Spanning</td><td>230 V</td></tr></table><p>Minimale afname 10 stuks. Projectprijs vanaf 100 stuks op aanvraag. Levering binnen 5 werkdagen.</p>",Lichtplein,VOLTA,"VOLTA,B2B,Schakelaars",TRUE,Title,Default Title,LP-VO125,23.05,continue,manual,TRUE,TRUE,https://lichtplein.nl/img/p/lp-vo125-1-l.webp,1,active
lp-vo126,"Dubbele wisselschakelaar, wit","<p>Schakelmateriaal met een tijdloos design en ruime keuze in afwerkingen, van wit en zand tot antraciet, metallic, glas en hout. Mechanismen en afdekramen apart leverbaar zodat u per project combineert. CE-gecertificeerd, geschikt voor de standaard Europese inbouwdoos.</p><ul><li>CE-gecertificeerd</li><li>Schroefklem</li><li>Past in standaard inbouwdoos</li></ul><h3>Specificaties</h3><table><tr><td>Montage</td><td>Inbouw</td></tr><tr><td>IP-klasse</td><td>IP20</td></tr><tr><td>Afdekraam</td><td>Zonder afdekraam (apart bestellen)</td></tr><tr><td>Nominale stroom</td><td>16 A</td></tr><tr><td>Aansluitklem</td><td>Schroefklem</td></tr><tr><td>Kleur</td><td>wit</td></tr><tr><td>Spanning</td><td>230 V</td></tr></table><p>Minimale afname 10 stuks. Projectprijs vanaf 100 stuks op aanvraag. Levering binnen 5 werkdagen.</p>",Lichtplein,VOLTA,"VOLTA,B2B,Schakelaars",TRUE,Title,Default Title,LP-VO126,17.25,continue,manual,TRUE,TRUE,https://lichtplein.nl/img/p/lp-vo126-1-l.webp,1,active
lp-vo126,,,,,,,,,,,,,,,https://lichtplein.nl/img/p/lp-vo126-2-l.webp,2,
lp-vo127,"Dubbele wisselschakelaar, wit","<p>Schakelmateriaal met een tijdloos design en ruime keuze in afwerkingen, van wit en zand tot antraciet, metallic, glas en hout. Mechanismen en afdekramen apart leverbaar zodat u per project combineert. CE-gecertificeerd, geschikt voor de standaard Europese inbouwdoos.</p><ul><li>CE-gecertificeerd</li><li>Veerklem, snelle montage</li><li>Past in standaard inbouwdoos</li></ul><h3>Specificaties</h3><table><tr><td>Montage</td><td>Inbouw</td></tr><tr><td>IP-klasse</td><td>IP20</td></tr><tr><td>Afdekraam</td><td>Zonder afdekraam (apart bestellen)</td></tr><tr><td>Nominale stroom</td><td>16 A</td></tr><tr><td>Aansluitklem</td><td>Veerklem (snelaansluiting)</td></tr><tr><td>Kleur</td><td>wit</td></tr><tr><td>Spanning</td><td>230 V</td></tr></table><p>Minimale afname 10 stuks. Projectprijs vanaf 100 stuks op aanvraag. Levering binnen 5 werkdagen.</p>",Lichtplein,VOLTA,"VOLTA,B2B,Schakelaars",TRUE,Title,Default Title,LP-VO127,19.59,continue,manual,TRUE,TRUE,https://lichtplein.nl/img/p/lp-vo127-1-l.webp,1,active
lp-vo128,"Dubbele wisselschakelaar, wit, set van 10","<p>Schakelmateriaal met een tijdloos design en ruime keuze in afwerkingen, van wit en zand tot antraciet, metallic, glas en hout. Mechanismen en afdekramen apart leverbaar zodat u per project combineert. CE-gecertificeerd, geschikt voor de standaard Europese inbouwdoos.</p><ul><li>CE-gecertificeerd</li><li>Veerklem, snelle montage</li><li>Past in standaard inbouwdoos</li></ul><h3>Specificaties</h3><table><tr><td>Montage</td><td>Inbouw</td></tr><tr><td>IP-klasse</td><td>IP20</td></tr><tr><td>Afdekraam</td><td>Zonder afdekraam (apart bestellen)</td></tr><tr><td>Nominale stroom</td><td>16 A</td></tr><tr><td>Aansluitklem</td><td>Veerklem (snelaansluiting)</td></tr><tr><td>Kleur</td><td>wit</td></tr><tr><td>Spanning</td><td>230 V</td></tr><tr><td>Verpakking</td><td>10 stuks</td></tr></table><p>Minimale afname 1 set. Projectprijs vanaf 100 stuks op aanvraag. Levering binnen 5 werkdagen.</p>",Lichtplein,VOLTA,"VOLTA,B2B,Schakelaars",TRUE,Title,Default Title,LP-VO128,179.00,continue,manual,TRUE,TRUE,https://lichtplein.nl/img/p/lp-vo128-1-l.webp,1,active
lp-vo129,"Jaloezieschakelaar, wit","<p>Schakelmateriaal met een tijdloos design en ruime keuze in afwerkingen, van wit en zand tot antraciet, metallic, glas en hout. Mechanismen en afdekramen apart leverbaar zodat u per project combineert. CE-gecertificeerd, geschikt voor de standaard Europese inbouwdoos.</p><ul><li>CE-gecertificeerd</li><li>Schroefklem</li><li>Past in standaard inbouwdoos</li></ul><h3>Specificaties</h3><table><tr><td>Montage</td><td>Inbouw</td></tr><tr><td>IP-klasse</td><td>IP20</td></tr><tr><td>Afdekraam</td><td>Zonder afdekraam (apart bestellen)</td></tr><tr><td>Nominale stroom</td><td>10 A</td></tr><tr><td>Aansluitklem</td><td>Schroefklem</td></tr><tr><td>Kleur</td><td>wit</td></tr><tr><td>Spanning</td><td>230 V</td></tr></table><p>Minimale afname 10 stuks. Projectprijs vanaf 100 stuks op aanvraag. Levering binnen 5 werkdagen.</p>",Lichtplein,VOLTA,"VOLTA,B2B,Schakelaars",TRUE,Title,Default Title,LP-VO129,15.09,continue,manual,TRUE,TRUE,https://lichtplein.nl/img/p/lp-vo129-1-l.webp,1,active
lp-vo129,,,,,,,,,,,,,,,https://lichtplein.nl/img/p/lp-vo129-2-l.webp,2,
lp-vo129,,,,,,,,,,,,,,,https://lichtplein.nl/img/p/lp-vo129-3-l.webp,3,
lp-vo130,"Hotelkaartschakelaar met pulsdrukker, wit","<p>Schakelmateriaal met een tijdloos design en ruime keuze in afwerkingen, van wit en zand tot antraciet, metallic, glas en hout. Mechanismen en afdekramen apart leverbaar zodat u per project combineert. CE-gecertificeerd, geschikt voor de standaard Europese inbouwdoos.</p><ul><li>CE-gecertificeerd</li><li>Veerklem, snelle montage</li><li>Past in standaard inbouwdoos</li></ul><h3>Specificaties</h3><table><tr><td>Montage</td><td>Inbouw</td></tr><tr><td>IP-klasse</td><td>IP20</td></tr><tr><td>Afdekraam</td><td>Zonder afdekraam (apart bestellen)</td></tr><tr><td>Nominale stroom</td><td>10 A</td></tr><tr><td>Aansluitklem</td><td>Veerklem (snelaansluiting)</td></tr><tr><td>Kleur</td><td>wit</td></tr><tr><td>Spanning</td><td>230 V</td></tr></table><p>Minimale afname 10 stuks. Projectprijs vanaf 100 stuks op aanvraag. Levering binnen 5 werkdagen.</p>",Lichtplein,VOLTA,"VOLTA,B2B,Schakelaars",TRUE,Title,Default Title,LP-VO130,23.05,continue,manual,TRUE,TRUE,https://lichtplein.nl/img/p/lp-vo130-1-l.webp,1,active
lp-vo130,,,,,,,,,,,,,,,https://lichtplein.nl/img/p/lp-vo130-2-l.webp,2,
lp-vo130,,,,,,,,,,,,,,,https://lichtplein.nl/img/p/lp-vo130-3-l.webp,3,
lp-vo131,"Beldrukker, wit","<p>Schakelmateriaal met een tijdloos design en ruime keuze in afwerkingen, van wit en zand tot antraciet, metallic, glas en hout. Mechanismen en afdekramen apart leverbaar zodat u per project combineert. CE-gecertificeerd, geschikt voor de standaard Europese inbouwdoos.</p><ul><li>CE-gecertificeerd</li><li>Veerklem, snelle montage</li><li>Past in standaard inbouwdoos</li></ul><h3>Specificaties</h3><table><tr><td>Montage</td><td>Inbouw</td></tr><tr><td>IP-klasse</td><td>IP20</td></tr><tr><td>Afdekraam</td><td>Zonder afdekraam (apart bestellen)</td></tr><tr><td>Nominale stroom</td><td>10 A</td></tr><tr><td>Aansluitklem</td><td>Veerklem (snelaansluiting)</td></tr><tr><td>Kleur</td><td>wit</td></tr><tr><td>Spanning</td><td>230 V</td></tr></table><p>Minimale afname 10 stuks. Projectprijs vanaf 100 stuks op aanvraag. Levering binnen 5 werkdagen.</p>",Lichtplein,VOLTA,"VOLTA,B2B,Schakelaars",TRUE,Title,Default Title,LP-VO131,12.55,continue,manual,TRUE,TRUE,https://lichtplein.nl/img/p/lp-vo131-1-l.webp,1,active
lp-vo132,"Draadloze schakelset, zender en ontvanger, wit","<p>Schakelmateriaal met een tijdloos design en ruime keuze in afwerkingen, van wit en zand tot antraciet, metallic, glas en hout. Mechanismen en afdekramen apart leverbaar zodat u per project combineert. CE-gecertificeerd, geschikt voor de standaard Europese inbouwdoos.</p><ul><li>CE-gecertificeerd</li><li>Schroefklem</li><li>Past in standaard inbouwdoos</li></ul><h3>Specificaties</h3><table><tr><td>Montage</td><td>Inbouw</td></tr><tr><td>IP-klasse</td><td>IP20</td></tr><tr><td>Kleur</td><td>wit</td></tr></table><p>Minimale afname 10 stuks. Projectprijs vanaf 100 stuks op aanvraag. Levering binnen 5 werkdagen.</p>",Lichtplein,VOLTA,"VOLTA,B2B,Draadloos schakelen",TRUE,Title,Default Title,LP-VO132,139.00,continue,manual,TRUE,TRUE,https://lichtplein.nl/img/p/lp-vo132-1-l.webp,1,active
lp-vo132,,,,,,,,,,,,,,,https://lichtplein.nl/img/p/lp-vo132-2-l.webp,2,
lp-vo133,"Zender voor draadloze schakelset, wit","<p>Schakelmateriaal met een tijdloos design en ruime keuze in afwerkingen, van wit en zand tot antraciet, metallic, glas en hout. Mechanismen en afdekramen apart leverbaar zodat u per project combineert. CE-gecertificeerd, geschikt voor de standaard Europese inbouwdoos.</p><ul><li>CE-gecertificeerd</li><li>Schroefklem</li><li>Past in standaard inbouwdoos</li></ul><h3>Specificaties</h3><table><tr><td>Montage</td><td>Inbouw</td></tr><tr><td>IP-klasse</td><td>IP20</td></tr><tr><td>Kleur</td><td>wit</td></tr></table><p>Minimale afname 10 stuks. Projectprijs vanaf 100 stuks op aanvraag. Levering binnen 5 werkdagen.</p>",Lichtplein,VOLTA,"VOLTA,B2B,Draadloos schakelen",TRUE,Title,Default Title,LP-VO133,38.95,continue,manual,TRUE,TRUE,https://lichtplein.nl/img/p/lp-vo133-1-l.webp,1,active
lp-vo133,,,,,,,,,,,,,,,https://lichtplein.nl/img/p/lp-vo133-2-l.webp,2,
lp-vo134,Ontvanger voor draadloze schakelset,"<p>Schakelmateriaal met een tijdloos design en ruime keuze in afwerkingen, van wit en zand tot antraciet, metallic, glas en hout. Mechanismen en afdekramen apart leverbaar zodat u per project combineert. CE-gecertificeerd, geschikt voor de standaard Europese inbouwdoos.</p><ul><li>CE-gecertificeerd</li><li>Schroefklem</li><li>Past in standaard inbouwdoos</li></ul><h3>Specificaties</h3><table><tr><td>Montage</td><td>Inbouw</td></tr><tr><td>IP-klasse</td><td>IP20</td></tr></table><p>Minimale afname 10 stuks. Projectprijs vanaf 100 stuks op aanvraag. Levering binnen 5 werkdagen.</p>",Lichtplein,VOLTA,"VOLTA,B2B,Draadloos schakelen",TRUE,Title,Default Title,LP-VO134,105.00,continue,manual,TRUE,TRUE,,,active
lp-vo135,"Draaidimmer 40-400W, wit","<p>Schakelmateriaal met een tijdloos design en ruime keuze in afwerkingen, van wit en zand tot antraciet, metallic, glas en hout. Mechanismen en afdekramen apart leverbaar zodat u per project combineert. CE-gecertificeerd, geschikt voor de standaard Europese inbouwdoos.</p><ul><li>CE-gecertificeerd</li><li>Schroefklem</li><li>Past in standaard inbouwdoos</li></ul><h3>Specificaties</h3><table><tr><td>Belasting</td><td>40-400W (gloei/halogeen)</td></tr><tr><td>Montage</td><td>Inbouw</td></tr><tr><td>IP-klasse</td><td>IP20</td></tr><tr><td>Kleur</td><td>wit</td></tr><tr><td>Spanning</td><td>230 V</td></tr></table><p>Minimale afname 10 stuks. Projectprijs vanaf 100 stuks op aanvraag. Levering binnen 5 werkdagen.</p>",Lichtplein,VOLTA,"VOLTA,B2B,Dimmers",TRUE,Title,Default Title,LP-VO135,69.45,continue,manual,TRUE,TRUE,https://lichtplein.nl/img/p/lp-vo135-1-l.webp,1,active
lp-vo135,,,,,,,,,,,,,,,https://lichtplein.nl/img/p/lp-vo135-2-l.webp,2,
lp-vo135,,,,,,,,,,,,,,,https://lichtplein.nl/img/p/lp-vo135-3-l.webp,3,
lp-vo136,"LED-draaidimmer 3-100W, wit","<p>Schakelmateriaal met een tijdloos design en ruime keuze in afwerkingen, van wit en zand tot antraciet, metallic, glas en hout. Mechanismen en afdekramen apart leverbaar zodat u per project combineert. CE-gecertificeerd, geschikt voor de standaard Europese inbouwdoos.</p><ul><li>CE-gecertificeerd</li><li>Schroefklem</li><li>Past in standaard inbouwdoos</li></ul><h3>Specificaties</h3><table><tr><td>Belasting</td><td>LED 3-100W</td></tr><tr><td>Montage</td><td>Inbouw</td></tr><tr><td>IP-klasse</td><td>IP20</td></tr><tr><td>Kleur</td><td>wit</td></tr><tr><td>Spanning</td><td>230 V</td></tr></table><p>Minimale afname 10 stuks. Projectprijs vanaf 100 stuks op aanvraag. Levering binnen 5 werkdagen.</p>",Lichtplein,VOLTA,"VOLTA,B2B,Dimmers",TRUE,Title,Default Title,LP-VO136,89.49,continue,manual,TRUE,TRUE,https://lichtplein.nl/img/p/lp-vo136-1-l.webp,1,active
lp-vo136,,,,,,,,,,,,,,,https://lichtplein.nl/img/p/lp-vo136-2-l.webp,2,
lp-vo136,,,,,,,,,,,,,,,https://lichtplein.nl/img/p/lp-vo136-3-l.webp,3,
lp-vo137,"LED-draaidimmer fase-aan/afsnijding 3-100W, wit","<p>Schakelmateriaal met een tijdloos design en ruime keuze in afwerkingen, van wit en zand tot antraciet, metallic, glas en hout. Mechanismen en afdekramen apart leverbaar zodat u per project combineert. CE-gecertificeerd, geschikt voor de standaard Europese inbouwdoos.</p><ul><li>CE-gecertificeerd</li><li>Schroefklem</li><li>Past in standaard inbouwdoos</li></ul><h3>Specificaties</h3><table><tr><td>Belasting</td><td>LED 3-100W</td></tr><tr><td>Montage</td><td>Inbouw</td></tr><tr><td>IP-klasse</td><td>IP20</td></tr><tr><td>Kleur</td><td>wit</td></tr><tr><td>Spanning</td><td>230 V</td></tr></table><p>Minimale afname 10 stuks. Projectprijs vanaf 100 stuks op aanvraag. Levering binnen 5 werkdagen.</p>",Lichtplein,VOLTA,"VOLTA,B2B,Dimmers",TRUE,Title,Default Title,LP-VO137,125.00,continue,manual,TRUE,TRUE,https://lichtplein.nl/img/p/lp-vo137-1-l.webp,1,active
lp-vo137,,,,,,,,,,,,,,,https://lichtplein.nl/img/p/lp-vo137-2-l.webp,2,
lp-vo137,,,,,,,,,,,,,,,https://lichtplein.nl/img/p/lp-vo137-3-l.webp,3,
lp-vo138,"LED-drukdimmer 8-105W, wit","<p>Schakelmateriaal met een tijdloos design en ruime keuze in afwerkingen, van wit en zand tot antraciet, metallic, glas en hout. Mechanismen en afdekramen apart leverbaar zodat u per project combineert. CE-gecertificeerd, geschikt voor de standaard Europese inbouwdoos.</p><ul><li>CE-gecertificeerd</li><li>Schroefklem</li><li>Past in standaard inbouwdoos</li></ul><h3>Specificaties</h3><table><tr><td>Belasting</td><td>LED 8-105W</td></tr><tr><td>Montage</td><td>Inbouw</td></tr><tr><td>IP-klasse</td><td>IP20</td></tr><tr><td>Kleur</td><td>wit</td></tr><tr><td>Spanning</td><td>230 V</td></tr></table><p>Minimale afname 10 stuks. Projectprijs vanaf 100 stuks op aanvraag. Levering binnen 5 werkdagen.</p>",Lichtplein,VOLTA,"VOLTA,B2B,Dimmers",TRUE,Title,Default Title,LP-VO138,135.00,continue,manual,TRUE,TRUE,https://lichtplein.nl/img/p/lp-vo138-1-l.webp,1,active
lp-vo138,,,,,,,,,,,,,,,https://lichtplein.nl/img/p/lp-vo138-2-l.webp,2,
lp-vo138,,,,,,,,,,,,,,,https://lichtplein.nl/img/p/lp-vo138-3-l.webp,3,
lp-vo139,"LED-draaidimmer 5-200W, wit","<p>Schakelmateriaal met een tijdloos design en ruime keuze in afwerkingen, van wit en zand tot antraciet, metallic, glas en hout. Mechanismen en afdekramen apart leverbaar zodat u per project combineert. CE-gecertificeerd, geschikt voor de standaard Europese inbouwdoos.</p><ul><li>CE-gecertificeerd</li><li>Schroefklem</li><li>Past in standaard inbouwdoos</li></ul><h3>Specificaties</h3><table><tr><td>Belasting</td><td>LED 5-200W</td></tr><tr><td>Montage</td><td>Inbouw</td></tr><tr><td>IP-klasse</td><td>IP20</td></tr><tr><td>Kleur</td><td>wit</td></tr><tr><td>Spanning</td><td>230 V</td></tr></table><p>Minimale afname 10 stuks. Projectprijs vanaf 100 stuks op aanvraag. Levering binnen 5 werkdagen.</p>",Lichtplein,VOLTA,"VOLTA,B2B,Dimmers",TRUE,Title,Default Title,LP-VO139,159.00,continue,manual,TRUE,TRUE,https://lichtplein.nl/img/p/lp-vo139-1-l.webp,1,active
lp-vo139,,,,,,,,,,,,,,,https://lichtplein.nl/img/p/lp-vo139-2-l.webp,2,
lp-vo139,,,,,,,,,,,,,,,https://lichtplein.nl/img/p/lp-vo139-3-l.webp,3,
lp-vo140,"Wandcontactdoos met USB-lader 3,4A, wit","<p>Schakelmateriaal met een tijdloos design en ruime keuze in afwerkingen, van wit en zand tot antraciet, metallic, glas en hout. Mechanismen en afdekramen apart leverbaar zodat u per project combineert. CE-gecertificeerd, geschikt voor de standaard Europese inbouwdoos.</p><ul><li>CE-gecertificeerd</li><li>Schroefklem</li><li>Past in standaard inbouwdoos</li></ul><h3>Specificaties</h3><table><tr><td>USB</td><td>2x USB-A, 3,4 A totaal</td></tr><tr><td>Montage</td><td>Inbouw</td></tr><tr><td>IP-klasse</td><td>IP20</td></tr><tr><td>Afdekraam</td><td>Zonder afdekraam (apart bestellen)</td></tr><tr><td>Kleur</td><td>wit</td></tr><tr><td>Spanning</td><td>230 V</td></tr></table><p>Minimale afname 10 stuks. Projectprijs vanaf 100 stuks op aanvraag. Levering binnen 5 werkdagen.</p>",Lichtplein,VOLTA,"VOLTA,B2B,Wandcontactdozen",TRUE,Title,Default Title,LP-VO140,79.95,continue,manual,TRUE,TRUE,https://lichtplein.nl/img/p/lp-vo140-1-l.webp,1,active
lp-vo141,"Wandcontactdoos met randaarde, wit","<p>Schakelmateriaal met een tijdloos design en ruime keuze in afwerkingen, van wit en zand tot antraciet, metallic, glas en hout. Mechanismen en afdekramen apart leverbaar zodat u per project combineert. CE-gecertificeerd, geschikt voor de standaard Europese inbouwdoos.</p><ul><li>CE-gecertificeerd</li><li>Veerklem, snelle montage</li><li>Past in standaard inbouwdoos</li></ul><h3>Specificaties</h3><table><tr><td>Nominale stroom</td><td>16 A</td></tr><tr><td>Montage</td><td>Inbouw</td></tr><tr><td>IP-klasse</td><td>IP20</td></tr><tr><td>Afdekraam</td><td>Zonder afdekraam (apart bestellen)</td></tr><tr><td>Aansluitklem</td><td>Veerklem (snelaansluiting)</td></tr><tr><td>Kleur</td><td>wit</td></tr><tr><td>Spanning</td><td>230 V</td></tr></table><p>Minimale afname 10 stuks. Projectprijs vanaf 100 stuks op aanvraag. Levering binnen 5 werkdagen.</p>",Lichtplein,VOLTA,"VOLTA,B2B,Wandcontactdozen",TRUE,Title,Default Title,LP-VO141,10.65,continue,manual,TRUE,TRUE,https://lichtplein.nl/img/p/lp-vo141-1-l.webp,1,active
lp-vo141,,,,,,,,,,,,,,,https://lichtplein.nl/img/p/lp-vo141-2-l.webp,2,
lp-vo141,,,,,,,,,,,,,,,https://lichtplein.nl/img/p/lp-vo141-3-l.webp,3,
lp-vo142,"Wandcontactdoos met randaarde, wit, set van 10","<p>Schakelmateriaal met een tijdloos design en ruime keuze in afwerkingen, van wit en zand tot antraciet, metallic, glas en hout. Mechanismen en afdekramen apart leverbaar zodat u per project combineert. CE-gecertificeerd, geschikt voor de standaard Europese inbouwdoos.</p><ul><li>CE-gecertificeerd</li><li>Veerklem, snelle montage</li><li>Past in standaard inbouwdoos</li></ul><h3>Specificaties</h3><table><tr><td>Nominale stroom</td><td>16 A</td></tr><tr><td>Montage</td><td>Inbouw</td></tr><tr><td>IP-klasse</td><td>IP20</td></tr><tr><td>Afdekraam</td><td>Zonder afdekraam (apart bestellen)</td></tr><tr><td>Aansluitklem</td><td>Veerklem (snelaansluiting)</td></tr><tr><td>Kleur</td><td>wit</td></tr><tr><td>Spanning</td><td>230 V</td></tr><tr><td>Verpakking</td><td>10 stuks</td></tr></table><p>Minimale afname 1 set. Projectprijs vanaf 100 stuks op aanvraag. Levering binnen 5 werkdagen.</p>",Lichtplein,VOLTA,"VOLTA,B2B,Wandcontactdozen",TRUE,Title,Default Title,LP-VO142,105.00,continue,manual,TRUE,TRUE,https://lichtplein.nl/img/p/lp-vo142-1-l.webp,1,active
lp-vo142,,,,,,,,,,,,,,,https://lichtplein.nl/img/p/lp-vo142-2-l.webp,2,
lp-vo142,,,,,,,,,,,,,,,https://lichtplein.nl/img/p/lp-vo142-3-l.webp,3,
lp-vo143,"Wandcontactdoos met randaarde (data), rood","<p>Schakelmateriaal met een tijdloos design en ruime keuze in afwerkingen, van wit en zand tot antraciet, metallic, glas en hout. Mechanismen en afdekramen apart leverbaar zodat u per project combineert. CE-gecertificeerd, geschikt voor de standaard Europese inbouwdoos.</p><ul><li>CE-gecertificeerd</li><li>Veerklem, snelle montage</li><li>Past in standaard inbouwdoos</li></ul><h3>Specificaties</h3><table><tr><td>Nominale stroom</td><td>16 A</td></tr><tr><td>Montage</td><td>Inbouw</td></tr><tr><td>IP-klasse</td><td>IP20</td></tr><tr><td>Afdekraam</td><td>Zonder afdekraam (apart bestellen)</td></tr><tr><td>Aansluitklem</td><td>Veerklem (snelaansluiting)</td></tr><tr><td>Kleur</td><td>rood</td></tr><tr><td>Spanning</td><td>230 V</td></tr></table><p>Minimale afname 10 stuks. Projectprijs vanaf 100 stuks op aanvraag. Levering binnen 5 werkdagen.</p>",Lichtplein,VOLTA,"VOLTA,B2B,Wandcontactdozen",TRUE,Title,Default Title,LP-VO143,11.05,continue,manual,TRUE,TRUE,https://lichtplein.nl/img/p/lp-vo143-1-l.webp,1,active
lp-vo144,"Wandcontactdoos met randaarde met klapdeksel, wit","<p>Schakelmateriaal met een tijdloos design en ruime keuze in afwerkingen, van wit en zand tot antraciet, metallic, glas en hout. Mechanismen en afdekramen apart leverbaar zodat u per project combineert. CE-gecertificeerd, geschikt voor de standaard Europese inbouwdoos.</p><ul><li>CE-gecertificeerd</li><li>Veerklem, snelle montage</li><li>Past in standaard inbouwdoos</li></ul><h3>Specificaties</h3><table><tr><td>Nominale stroom</td><td>16 A</td></tr><tr><td>Montage</td><td>Inbouw</td></tr><tr><td>IP-klasse</td><td>IP44</td></tr><tr><td>Afdekraam</td><td>Zonder afdekraam (apart bestellen)</td></tr><tr><td>Aansluitklem</td><td>Veerklem (snelaansluiting)</td></tr><tr><td>Kleur</td><td>wit</td></tr><tr><td>Spanning</td><td>230 V</td></tr></table><p>Minimale afname 10 stuks. Projectprijs vanaf 100 stuks op aanvraag. Levering binnen 5 werkdagen.</p>",Lichtplein,VOLTA,"VOLTA,B2B,Wandcontactdozen",TRUE,Title,Default Title,LP-VO144,13.75,continue,manual,TRUE,TRUE,https://lichtplein.nl/img/p/lp-vo144-1-l.webp,1,active
lp-vo145,"Wandcontactdoos met randaarde met klapdeksel, wit, set van 10","<p>Schakelmateriaal met een tijdloos design en ruime keuze in afwerkingen, van wit en zand tot antraciet, metallic, glas en hout. Mechanismen en afdekramen apart leverbaar zodat u per project combineert. CE-gecertificeerd, geschikt voor de standaard Europese inbouwdoos.</p><ul><li>CE-gecertificeerd</li><li>Veerklem, snelle montage</li><li>Past in standaard inbouwdoos</li></ul><h3>Specificaties</h3><table><tr><td>Nominale stroom</td><td>16 A</td></tr><tr><td>Montage</td><td>Inbouw</td></tr><tr><td>IP-klasse</td><td>IP44</td></tr><tr><td>Afdekraam</td><td>Zonder afdekraam (apart bestellen)</td></tr><tr><td>Aansluitklem</td><td>Veerklem (snelaansluiting)</td></tr><tr><td>Kleur</td><td>wit</td></tr><tr><td>Spanning</td><td>230 V</td></tr><tr><td>Verpakking</td><td>10 stuks</td></tr></table><p>Minimale afname 1 set. Projectprijs vanaf 100 stuks op aanvraag. Levering binnen 5 werkdagen.</p>",Lichtplein,VOLTA,"VOLTA,B2B,Wandcontactdozen",TRUE,Title,Default Title,LP-VO145,129.00,continue,manual,TRUE,TRUE,https://lichtplein.nl/img/p/lp-vo145-1-l.webp,1,active
lp-vo146,"Wandcontactdoos met randaarde, spreidklauwen, wit","<p>Schakelmateriaal met een tijdloos design en ruime keuze in afwerkingen, van wit en zand tot antraciet, metallic, glas en hout. Mechanismen en afdekramen apart leverbaar zodat u per project combineert. CE-gecertificeerd, geschikt voor de standaard Europese inbouwdoos.</p><ul><li>CE-gecertificeerd</li><li>Veerklem, snelle montage</li><li>Past in standaard inbouwdoos</li></ul><h3>Specificaties</h3><table><tr><td>Nominale stroom</td><td>16 A</td></tr><tr><td>Montage</td><td>Inbouw</td></tr><tr><td>IP-klasse</td><td>IP20</td></tr><tr><td>Afdekraam</td><td>Zonder afdekraam (apart bestellen)</td></tr><tr><td>Aansluitklem</td><td>Veerklem (snelaansluiting)</td></tr><tr><td>Kleur</td><td>wit</td></tr><tr><td>Spanning</td><td>230 V</td></tr></table><p>Minimale afname 10 stuks. Projectprijs vanaf 100 stuks op aanvraag. Levering binnen 5 werkdagen.</p>",Lichtplein,VOLTA,"VOLTA,B2B,Wandcontactdozen",TRUE,Title,Default Title,LP-VO146,11.85,continue,manual,TRUE,TRUE,https://lichtplein.nl/img/p/lp-vo146-1-l.webp,1,active
lp-vo147,"Dubbele wandcontactdoos zonder randaarde, wit","<p>Schakelmateriaal met een tijdloos design en ruime keuze in afwerkingen, van wit en zand tot antraciet, metallic, glas en hout. Mechanismen en afdekramen apart leverbaar zodat u per project combineert. CE-gecertificeerd, geschikt voor de standaard Europese inbouwdoos.</p><ul><li>CE-gecertificeerd</li><li>Schroefklem</li><li>Past in standaard inbouwdoos</li></ul><h3>Specificaties</h3><table><tr><td>Nominale stroom</td><td>16 A</td></tr><tr><td>Montage</td><td>Inbouw</td></tr><tr><td>IP-klasse</td><td>IP20</td></tr><tr><td>Afdekraam</td><td>Inclusief afdekraam</td></tr><tr><td>Aansluitklem</td><td>Schroefklem</td></tr><tr><td>Kleur</td><td>wit</td></tr><tr><td>Spanning</td><td>230 V</td></tr></table><p>Minimale afname 10 stuks. Projectprijs vanaf 100 stuks op aanvraag. Levering binnen 5 werkdagen.</p>",Lichtplein,VOLTA,"VOLTA,B2B,Wandcontactdozen",TRUE,Title,Default Title,LP-VO147,12.99,continue,manual,TRUE,TRUE,https://lichtplein.nl/img/p/lp-vo147-1-l.webp,1,active
lp-vo148,"Dubbele wandcontactdoos met randaarde, wit","<p>Schakelmateriaal met een tijdloos design en ruime keuze in afwerkingen, van wit en zand tot antraciet, metallic, glas en hout. Mechanismen en afdekramen apart leverbaar zodat u per project combineert. CE-gecertificeerd, geschikt voor de standaard Europese inbouwdoos.</p><ul><li>CE-gecertificeerd</li><li>Schroefklem</li><li>Past in standaard inbouwdoos</li></ul><h3>Specificaties</h3><table><tr><td>Nominale stroom</td><td>16 A</td></tr><tr><td>Montage</td><td>Inbouw</td></tr><tr><td>IP-klasse</td><td>IP20</td></tr><tr><td>Afdekraam</td><td>Inclusief afdekraam</td></tr><tr><td>Aansluitklem</td><td>Schroefklem</td></tr><tr><td>Kleur</td><td>wit</td></tr><tr><td>Spanning</td><td>230 V</td></tr></table><p>Minimale afname 10 stuks. Projectprijs vanaf 100 stuks op aanvraag. Levering binnen 5 werkdagen.</p>",Lichtplein,VOLTA,"VOLTA,B2B,Wandcontactdozen",TRUE,Title,Default Title,LP-VO148,16.45,continue,manual,TRUE,TRUE,https://lichtplein.nl/img/p/lp-vo148-1-l.webp,1,active
lp-vo149,"Wandcontactdoos zonder randaarde, wit","<p>Schakelmateriaal met een tijdloos design en ruime keuze in afwerkingen, van wit en zand tot antraciet, metallic, glas en hout. Mechanismen en afdekramen apart leverbaar zodat u per project combineert. CE-gecertificeerd, geschikt voor de standaard Europese inbouwdoos.</p><ul><li>CE-gecertificeerd</li><li>Schroefklem</li><li>Past in standaard inbouwdoos</li></ul><h3>Specificaties</h3><table><tr><td>Nominale stroom</td><td>16 A</td></tr><tr><td>Montage</td><td>Inbouw</td></tr><tr><td>IP-klasse</td><td>IP20</td></tr><tr><td>Afdekraam</td><td>Zonder afdekraam (apart bestellen)</td></tr><tr><td>Aansluitklem</td><td>Schroefklem</td></tr><tr><td>Kleur</td><td>wit</td></tr><tr><td>Spanning</td><td>230 V</td></tr></table><p>Minimale afname 10 stuks. Projectprijs vanaf 100 stuks op aanvraag. Levering binnen 5 werkdagen.</p>",Lichtplein,VOLTA,"VOLTA,B2B,Wandcontactdozen",TRUE,Title,Default Title,LP-VO149,7.85,continue,manual,TRUE,TRUE,https://lichtplein.nl/img/p/lp-vo149-1-l.webp,1,active
lp-vo150,"Wandcontactdoos met randaarde, wit","<p>Schakelmateriaal met een tijdloos design en ruime keuze in afwerkingen, van wit en zand tot antraciet, metallic, glas en hout. Mechanismen en afdekramen apart leverbaar zodat u per project combineert. CE-gecertificeerd, geschikt voor de standaard Europese inbouwdoos.</p><ul><li>CE-gecertificeerd</li><li>Schroefklem</li><li>Past in standaard inbouwdoos</li></ul><h3>Specificaties</h3><table><tr><td>Nominale stroom</td><td>16 A</td></tr><tr><td>Montage</td><td>Inbouw</td></tr><tr><td>IP-klasse</td><td>IP20</td></tr><tr><td>Afdekraam</td><td>Zonder afdekraam (apart bestellen)</td></tr><tr><td>Aansluitklem</td><td>Schroefklem</td></tr><tr><td>Kleur</td><td>wit</td></tr><tr><td>Spanning</td><td>230 V</td></tr></table><p>Minimale afname 10 stuks. Projectprijs vanaf 100 stuks op aanvraag. Levering binnen 5 werkdagen.</p>",Lichtplein,VOLTA,"VOLTA,B2B,Wandcontactdozen",TRUE,Title,Default Title,LP-VO150,8.45,continue,manual,TRUE,TRUE,https://lichtplein.nl/img/p/lp-vo150-1-l.webp,1,active
lp-vo151,"Wandcontactdoos met randaarde, wit, set van 10","<p>Schakelmateriaal met een tijdloos design en ruime keuze in afwerkingen, van wit en zand tot antraciet, metallic, glas en hout. Mechanismen en afdekramen apart leverbaar zodat u per project combineert. CE-gecertificeerd, geschikt voor de standaard Europese inbouwdoos.</p><ul><li>CE-gecertificeerd</li><li>Schroefklem</li><li>Past in standaard inbouwdoos</li></ul><h3>Specificaties</h3><table><tr><td>Nominale stroom</td><td>16 A</td></tr><tr><td>Montage</td><td>Inbouw</td></tr><tr><td>IP-klasse</td><td>IP20</td></tr><tr><td>Afdekraam</td><td>Zonder afdekraam (apart bestellen)</td></tr><tr><td>Aansluitklem</td><td>Schroefklem</td></tr><tr><td>Kleur</td><td>wit</td></tr><tr><td>Spanning</td><td>230 V</td></tr><tr><td>Verpakking</td><td>10 stuks</td></tr></table><p>Minimale afname 1 set. Projectprijs vanaf 100 stuks op aanvraag. Levering binnen 5 werkdagen.</p>",Lichtplein,VOLTA,"VOLTA,B2B,Wandcontactdozen",TRUE,Title,Default Title,LP-VO151,81.05,continue,manual,TRUE,TRUE,https://lichtplein.nl/img/p/lp-vo151-1-l.webp,1,active
lp-vo152,"Wandcontactdoos met randaarde (data), rood","<p>Schakelmateriaal met een tijdloos design en ruime keuze in afwerkingen, van wit en zand tot antraciet, metallic, glas en hout. Mechanismen en afdekramen apart leverbaar zodat u per project combineert. CE-gecertificeerd, geschikt voor de standaard Europese inbouwdoos.</p><ul><li>CE-gecertificeerd</li><li>Schroefklem</li><li>Past in standaard inbouwdoos</li></ul><h3>Specificaties</h3><table><tr><td>Nominale stroom</td><td>16 A</td></tr><tr><td>Montage</td><td>Inbouw</td></tr><tr><td>IP-klasse</td><td>IP20</td></tr><tr><td>Afdekraam</td><td>Zonder afdekraam (apart bestellen)</td></tr><tr><td>Aansluitklem</td><td>Schroefklem</td></tr><tr><td>Kleur</td><td>rood</td></tr><tr><td>Spanning</td><td>230 V</td></tr></table><p>Minimale afname 10 stuks. Projectprijs vanaf 100 stuks op aanvraag. Levering binnen 5 werkdagen.</p>",Lichtplein,VOLTA,"VOLTA,B2B,Wandcontactdozen",TRUE,Title,Default Title,LP-VO152,9.25,continue,manual,TRUE,TRUE,https://lichtplein.nl/img/p/lp-vo152-1-l.webp,1,active
lp-vo153,"Wandcontactdoos met randaarde met klapdeksel, wit","<p>Schakelmateriaal met een tijdloos design en ruime keuze in afwerkingen, van wit en zand tot antraciet, metallic, glas en hout. Mechanismen en afdekramen apart leverbaar zodat u per project combineert. CE-gecertificeerd, geschikt voor de standaard Europese inbouwdoos.</p><ul><li>CE-gecertificeerd</li><li>Schroefklem</li><li>Past in standaard inbouwdoos</li></ul><h3>Specificaties</h3><table><tr><td>Nominale stroom</td><td>16 A</td></tr><tr><td>Montage</td><td>Inbouw</td></tr><tr><td>IP-klasse</td><td>IP44</td></tr><tr><td>Afdekraam</td><td>Zonder afdekraam (apart bestellen)</td></tr><tr><td>Aansluitklem</td><td>Schroefklem</td></tr><tr><td>Kleur</td><td>wit</td></tr><tr><td>Spanning</td><td>230 V</td></tr></table><p>Minimale afname 10 stuks. Projectprijs vanaf 100 stuks op aanvraag. Levering binnen 5 werkdagen.</p>",Lichtplein,VOLTA,"VOLTA,B2B,Wandcontactdozen",TRUE,Title,Default Title,LP-VO153,12.99,continue,manual,TRUE,TRUE,https://lichtplein.nl/img/p/lp-vo153-1-l.webp,1,active
lp-vo154,"Wandcontactdoos met randaarde, spreidklauwen, wit","<p>Schakelmateriaal met een tijdloos design en ruime keuze in afwerkingen, van wit en zand tot antraciet, metallic, glas en hout. Mechanismen en afdekramen apart leverbaar zodat u per project combineert. CE-gecertificeerd, geschikt voor de standaard Europese inbouwdoos.</p><ul><li>CE-gecertificeerd</li><li>Schroefklem</li><li>Past in standaard inbouwdoos</li></ul><h3>Specificaties</h3><table><tr><td>Nominale stroom</td><td>16 A</td></tr><tr><td>Montage</td><td>Inbouw</td></tr><tr><td>IP-klasse</td><td>IP20</td></tr><tr><td>Afdekraam</td><td>Zonder afdekraam (apart bestellen)</td></tr><tr><td>Aansluitklem</td><td>Schroefklem</td></tr><tr><td>Kleur</td><td>wit</td></tr><tr><td>Spanning</td><td>230 V</td></tr></table><p>Minimale afname 10 stuks. Projectprijs vanaf 100 stuks op aanvraag. Levering binnen 5 werkdagen.</p>",Lichtplein,VOLTA,"VOLTA,B2B,Wandcontactdozen",TRUE,Title,Default Title,LP-VO154,10.05,continue,manual,TRUE,TRUE,https://lichtplein.nl/img/p/lp-vo154-1-l.webp,1,active
lp-vo155,"TV-contactdoos, eind, wit","<p>Schakelmateriaal met een tijdloos design en ruime keuze in afwerkingen, van wit en zand tot antraciet, metallic, glas en hout. Mechanismen en afdekramen apart leverbaar zodat u per project combineert. CE-gecertificeerd, geschikt voor de standaard Europese inbouwdoos.</p><ul><li>CE-gecertificeerd</li><li>Schroefklem</li><li>Past in standaard inbouwdoos</li></ul><h3>Specificaties</h3><table><tr><td>Montage</td><td>Inbouw</td></tr><tr><td>IP-klasse</td><td>IP20</td></tr><tr><td>Kleur</td><td>wit</td></tr></table><p>Minimale afname 10 stuks. Projectprijs vanaf 100 stuks op aanvraag. Levering binnen 5 werkdagen.</p>",Lichtplein,VOLTA,"VOLTA,B2B,Data en media",TRUE,Title,Default Title,LP-VO155,19.05,continue,manual,TRUE,TRUE,,,active
lp-vo156,"TV-contactdoos, doorlus, wit","<p>Schakelmateriaal met een tijdloos design en ruime keuze in afwerkingen, van wit en zand tot antraciet, metallic, glas en hout. Mechanismen en afdekramen apart leverbaar zodat u per project combineert. CE-gecertificeerd, geschikt voor de standaard Europese inbouwdoos.</p><ul><li>CE-gecertificeerd</li><li>Schroefklem</li><li>Past in standaard inbouwdoos</li></ul><h3>Specificaties</h3><table><tr><td>Montage</td><td>Inbouw</td></tr><tr><td>IP-klasse</td><td>IP20</td></tr><tr><td>Kleur</td><td>wit</td></tr></table><p>Minimale afname 10 stuks. Projectprijs vanaf 100 stuks op aanvraag. Levering binnen 5 werkdagen.</p>",Lichtplein,VOLTA,"VOLTA,B2B,Data en media",TRUE,Title,Default Title,LP-VO156,19.05,continue,manual,TRUE,TRUE,,,active
lp-vo157,"TV/radio/SAT-contactdoos, eind, wit","<p>Schakelmateriaal met een tijdloos design en ruime keuze in afwerkingen, van wit en zand tot antraciet, metallic, glas en hout. Mechanismen en afdekramen apart leverbaar zodat u per project combineert. CE-gecertificeerd, geschikt voor de standaard Europese inbouwdoos.</p><ul><li>CE-gecertificeerd</li><li>Schroefklem</li><li>Past in standaard inbouwdoos</li></ul><h3>Specificaties</h3><table><tr><td>Montage</td><td>Inbouw</td></tr><tr><td>IP-klasse</td><td>IP20</td></tr><tr><td>Kleur</td><td>wit</td></tr></table><p>Minimale afname 10 stuks. Projectprijs vanaf 100 stuks op aanvraag. Levering binnen 5 werkdagen.</p>",Lichtplein,VOLTA,"VOLTA,B2B,Data en media",TRUE,Title,Default Title,LP-VO157,35.55,continue,manual,TRUE,TRUE,,,active
lp-vo158,"TV/radio/SAT-contactdoos, doorlus 10 dB, wit","<p>Schakelmateriaal met een tijdloos design en ruime keuze in afwerkingen, van wit en zand tot antraciet, metallic, glas en hout. Mechanismen en afdekramen apart leverbaar zodat u per project combineert. CE-gecertificeerd, geschikt voor de standaard Europese inbouwdoos.</p><ul><li>CE-gecertificeerd</li><li>Schroefklem</li><li>Past in standaard inbouwdoos</li></ul><h3>Specificaties</h3><table><tr><td>Montage</td><td>Inbouw</td></tr><tr><td>IP-klasse</td><td>IP20</td></tr><tr><td>Kleur</td><td>wit</td></tr></table><p>Minimale afname 10 stuks. Projectprijs vanaf 100 stuks op aanvraag. Levering binnen 5 werkdagen.</p>",Lichtplein,VOLTA,"VOLTA,B2B,Data en media",TRUE,Title,Default Title,LP-VO158,35.55,continue,manual,TRUE,TRUE,,,active
lp-vo159,"Netwerkaansluiting RJ45 CAT6, wit","<p>Schakelmateriaal met een tijdloos design en ruime keuze in afwerkingen, van wit en zand tot antraciet, metallic, glas en hout. Mechanismen en afdekramen apart leverbaar zodat u per project combineert. CE-gecertificeerd, geschikt voor de standaard Europese inbouwdoos.</p><ul><li>CE-gecertificeerd</li><li>Schroefklem</li><li>Past in standaard inbouwdoos</li></ul><h3>Specificaties</h3><table><tr><td>Montage</td><td>Inbouw</td></tr><tr><td>IP-klasse</td><td>IP20</td></tr><tr><td>Kleur</td><td>wit</td></tr></table><p>Minimale afname 10 stuks. Projectprijs vanaf 100 stuks op aanvraag. Levering binnen 5 werkdagen.</p>",Lichtplein,VOLTA,"VOLTA,B2B,Data en media",TRUE,Title,Default Title,LP-VO159,15.65,continue,manual,TRUE,TRUE,https://lichtplein.nl/img/p/lp-vo159-1-l.webp,1,active
lp-vo160,"Netwerkaansluiting RJ45 CAT6, wit, set van 10","<p>Schakelmateriaal met een tijdloos design en ruime keuze in afwerkingen, van wit en zand tot antraciet, metallic, glas en hout. Mechanismen en afdekramen apart leverbaar zodat u per project combineert. CE-gecertificeerd, geschikt voor de standaard Europese inbouwdoos.</p><ul><li>CE-gecertificeerd</li><li>Schroefklem</li><li>Past in standaard inbouwdoos</li></ul><h3>Specificaties</h3><table><tr><td>Montage</td><td>Inbouw</td></tr><tr><td>IP-klasse</td><td>IP20</td></tr><tr><td>Kleur</td><td>wit</td></tr><tr><td>Verpakking</td><td>10 stuks</td></tr></table><p>Minimale afname 1 set. Projectprijs vanaf 100 stuks op aanvraag. Levering binnen 5 werkdagen.</p>",Lichtplein,VOLTA,"VOLTA,B2B,Data en media",TRUE,Title,Default Title,LP-VO160,149.00,continue,manual,TRUE,TRUE,https://lichtplein.nl/img/p/lp-vo160-1-l.webp,1,active
lp-vo161,"Netwerkaansluiting 2x RJ45 CAT6, wit","<p>Schakelmateriaal met een tijdloos design en ruime keuze in afwerkingen, van wit en zand tot antraciet, metallic, glas en hout. Mechanismen en afdekramen apart leverbaar zodat u per project combineert. CE-gecertificeerd, geschikt voor de standaard Europese inbouwdoos.</p><ul><li>CE-gecertificeerd</li><li>Schroefklem</li><li>Past in standaard inbouwdoos</li></ul><h3>Specificaties</h3><table><tr><td>Montage</td><td>Inbouw</td></tr><tr><td>IP-klasse</td><td>IP20</td></tr><tr><td>Kleur</td><td>wit</td></tr></table><p>Minimale afname 10 stuks. Projectprijs vanaf 100 stuks op aanvraag. Levering binnen 5 werkdagen.</p>",Lichtplein,VOLTA,"VOLTA,B2B,Data en media",TRUE,Title,Default Title,LP-VO161,25.15,continue,manual,TRUE,TRUE,https://lichtplein.nl/img/p/lp-vo161-1-l.webp,1,active
lp-vo162,"TV-aansluiting F-connector, wit","<p>Schakelmateriaal met een tijdloos design en ruime keuze in afwerkingen, van wit en zand tot antraciet, metallic, glas en hout. Mechanismen en afdekramen apart leverbaar zodat u per project combineert. CE-gecertificeerd, geschikt voor de standaard Europese inbouwdoos.</p><ul><li>CE-gecertificeerd</li><li>Schroefklem</li><li>Past in standaard inbouwdoos</li></ul><h3>Specificaties</h3><table><tr><td>Montage</td><td>Inbouw</td></tr><tr><td>IP-klasse</td><td>IP20</td></tr><tr><td>Kleur</td><td>wit</td></tr></table><p>Minimale afname 10 stuks. Projectprijs vanaf 100 stuks op aanvraag. Levering binnen 5 werkdagen.</p>",Lichtplein,VOLTA,"VOLTA,B2B,Data en media",TRUE,Title,Default Title,LP-VO162,10.85,continue,manual,TRUE,TRUE,https://lichtplein.nl/img/p/lp-vo162-1-l.webp,1,active
lp-vo162,,,,,,,,,,,,,,,https://lichtplein.nl/img/p/lp-vo162-2-l.webp,2,
lp-vo163,"TV-aansluiting 2x F-connector, wit","<p>Schakelmateriaal met een tijdloos design en ruime keuze in afwerkingen, van wit en zand tot antraciet, metallic, glas en hout. Mechanismen en afdekramen apart leverbaar zodat u per project combineert. CE-gecertificeerd, geschikt voor de standaard Europese inbouwdoos.</p><ul><li>CE-gecertificeerd</li><li>Schroefklem</li><li>Past in standaard inbouwdoos</li></ul><h3>Specificaties</h3><table><tr><td>Montage</td><td>Inbouw</td></tr><tr><td>IP-klasse</td><td>IP20</td></tr><tr><td>Kleur</td><td>wit</td></tr></table><p>Minimale afname 10 stuks. Projectprijs vanaf 100 stuks op aanvraag. Levering binnen 5 werkdagen.</p>",Lichtplein,VOLTA,"VOLTA,B2B,Data en media",TRUE,Title,Default Title,LP-VO163,14.99,continue,manual,TRUE,TRUE,https://lichtplein.nl/img/p/lp-vo163-1-l.webp,1,active
lp-vo163,,,,,,,,,,,,,,,https://lichtplein.nl/img/p/lp-vo163-2-l.webp,2,
lp-vo164,"Combi-aansluiting TV en RJ45 CAT6, wit","<p>Schakelmateriaal met een tijdloos design en ruime keuze in afwerkingen, van wit en zand tot antraciet, metallic, glas en hout. Mechanismen en afdekramen apart leverbaar zodat u per project combineert. CE-gecertificeerd, geschikt voor de standaard Europese inbouwdoos.</p><ul><li>CE-gecertificeerd</li><li>Schroefklem</li><li>Past in standaard inbouwdoos</li></ul><h3>Specificaties</h3><table><tr><td>Montage</td><td>Inbouw</td></tr><tr><td>IP-klasse</td><td>IP20</td></tr><tr><td>Kleur</td><td>wit</td></tr></table><p>Minimale afname 10 stuks. Projectprijs vanaf 100 stuks op aanvraag. Levering binnen 5 werkdagen.</p>",Lichtplein,VOLTA,"VOLTA,B2B,Data en media",TRUE,Title,Default Title,LP-VO164,25.25,continue,manual,TRUE,TRUE,https://lichtplein.nl/img/p/lp-vo164-1-l.webp,1,active
lp-vo164,,,,,,,,,,,,,,,https://lichtplein.nl/img/p/lp-vo164-2-l.webp,2,
lp-vo165,"Aansluiting HDMI en TV (F), wit","<p>Schakelmateriaal met een tijdloos design en ruime keuze in afwerkingen, van wit en zand tot antraciet, metallic, glas en hout. Mechanismen en afdekramen apart leverbaar zodat u per project combineert. CE-gecertificeerd, geschikt voor de standaard Europese inbouwdoos.</p><ul><li>CE-gecertificeerd</li><li>Schroefklem</li><li>Past in standaard inbouwdoos</li></ul><h3>Specificaties</h3><table><tr><td>Montage</td><td>Inbouw</td></tr><tr><td>IP-klasse</td><td>IP20</td></tr><tr><td>Kleur</td><td>wit</td></tr></table><p>Minimale afname 10 stuks. Projectprijs vanaf 100 stuks op aanvraag. Levering binnen 5 werkdagen.</p>",Lichtplein,VOLTA,"VOLTA,B2B,Data en media",TRUE,Title,Default Title,LP-VO165,27.89,continue,manual,TRUE,TRUE,,,active
lp-vo166,"Aansluiting HDMI en USB, wit","<p>Schakelmateriaal met een tijdloos design en ruime keuze in afwerkingen, van wit en zand tot antraciet, metallic, glas en hout. Mechanismen en afdekramen apart leverbaar zodat u per project combineert. CE-gecertificeerd, geschikt voor de standaard Europese inbouwdoos.</p><ul><li>CE-gecertificeerd</li><li>Schroefklem</li><li>Past in standaard inbouwdoos</li></ul><h3>Specificaties</h3><table><tr><td>Montage</td><td>Inbouw</td></tr><tr><td>IP-klasse</td><td>IP20</td></tr><tr><td>Kleur</td><td>wit</td></tr></table><p>Minimale afname 10 stuks. Projectprijs vanaf 100 stuks op aanvraag. Levering binnen 5 werkdagen.</p>",Lichtplein,VOLTA,"VOLTA,B2B,Data en media",TRUE,Title,Default Title,LP-VO166,36.45,continue,manual,TRUE,TRUE,,,active
lp-vo167,"Luidsprekeraansluiting enkel, wit","<p>Schakelmateriaal met een tijdloos design en ruime keuze in afwerkingen, van wit en zand tot antraciet, metallic, glas en hout. Mechanismen en afdekramen apart leverbaar zodat u per project combineert. CE-gecertificeerd, geschikt voor de standaard Europese inbouwdoos.</p><ul><li>CE-gecertificeerd</li><li>Schroefklem</li><li>Past in standaard inbouwdoos</li></ul><h3>Specificaties</h3><table><tr><td>Montage</td><td>Inbouw</td></tr><tr><td>IP-klasse</td><td>IP20</td></tr><tr><td>Kleur</td><td>wit</td></tr></table><p>Minimale afname 10 stuks. Projectprijs vanaf 100 stuks op aanvraag. Levering binnen 5 werkdagen.</p>",Lichtplein,VOLTA,"VOLTA,B2B,Data en media",TRUE,Title,Default Title,LP-VO167,15.79,continue,manual,TRUE,TRUE,https://lichtplein.nl/img/p/lp-vo167-1-l.webp,1,active
lp-vo167,,,,,,,,,,,,,,,https://lichtplein.nl/img/p/lp-vo167-2-l.webp,2,
lp-vo168,"Luidsprekeraansluiting dubbel, wit","<p>Schakelmateriaal met een tijdloos design en ruime keuze in afwerkingen, van wit en zand tot antraciet, metallic, glas en hout. Mechanismen en afdekramen apart leverbaar zodat u per project combineert. CE-gecertificeerd, geschikt voor de standaard Europese inbouwdoos.</p><ul><li>CE-gecertificeerd</li><li>Schroefklem</li><li>Past in standaard inbouwdoos</li></ul><h3>Specificaties</h3><table><tr><td>Montage</td><td>Inbouw</td></tr><tr><td>IP-klasse</td><td>IP20</td></tr><tr><td>Kleur</td><td>wit</td></tr></table><p>Minimale afname 10 stuks. Projectprijs vanaf 100 stuks op aanvraag. Levering binnen 5 werkdagen.</p>",Lichtplein,VOLTA,"VOLTA,B2B,Data en media",TRUE,Title,Default Title,LP-VO168,19.95,continue,manual,TRUE,TRUE,https://lichtplein.nl/img/p/lp-vo168-1-l.webp,1,active
lp-vo168,,,,,,,,,,,,,,,https://lichtplein.nl/img/p/lp-vo168-2-l.webp,2,
lp-vo169,"Blindplaat, wit","<p>Schakelmateriaal met een tijdloos design en ruime keuze in afwerkingen, van wit en zand tot antraciet, metallic, glas en hout. Mechanismen en afdekramen apart leverbaar zodat u per project combineert. CE-gecertificeerd, geschikt voor de standaard Europese inbouwdoos.</p><ul><li>CE-gecertificeerd</li><li>Standaard Europese maatvoering</li><li>Direct uit voorraad</li></ul><h3>Specificaties</h3><table><tr><td>Montage</td><td>Inbouw</td></tr><tr><td>IP-klasse</td><td>IP20</td></tr><tr><td>Kleur</td><td>wit</td></tr></table><p>Minimale afname 10 stuks. Projectprijs vanaf 100 stuks op aanvraag. Levering binnen 5 werkdagen.</p>",Lichtplein,VOLTA,"VOLTA,B2B,Afwerking",TRUE,Title,Default Title,LP-VO169,6.29,continue,manual,TRUE,TRUE,https://lichtplein.nl/img/p/lp-vo169-1-l.webp,1,active
lp-vo169,,,,,,,,,,,,,,,https://lichtplein.nl/img/p/lp-vo169-2-l.webp,2,
lp-vo170,"Opbouwdoos 1-voudig, wit","<p>Schakelmateriaal met een tijdloos design en ruime keuze in afwerkingen, van wit en zand tot antraciet, metallic, glas en hout. Mechanismen en afdekramen apart leverbaar zodat u per project combineert. CE-gecertificeerd, geschikt voor de standaard Europese inbouwdoos.</p><ul><li>CE-gecertificeerd</li><li>Standaard Europese maatvoering</li><li>Direct uit voorraad</li></ul><h3>Specificaties</h3><table><tr><td>Kleur</td><td>wit</td></tr></table><p>Minimale afname 10 stuks. Projectprijs vanaf 100 stuks op aanvraag. Levering binnen 5 werkdagen.</p>",Lichtplein,VOLTA,"VOLTA,B2B,Opbouwdozen",TRUE,Title,Default Title,LP-VO170,7.19,continue,manual,TRUE,TRUE,https://lichtplein.nl/img/p/lp-vo170-1-l.webp,1,active
lp-vo171,"Opbouwdoos 2-voudig, wit","<p>Schakelmateriaal met een tijdloos design en ruime keuze in afwerkingen, van wit en zand tot antraciet, metallic, glas en hout. Mechanismen en afdekramen apart leverbaar zodat u per project combineert. CE-gecertificeerd, geschikt voor de standaard Europese inbouwdoos.</p><ul><li>CE-gecertificeerd</li><li>Standaard Europese maatvoering</li><li>Direct uit voorraad</li></ul><h3>Specificaties</h3><table><tr><td>Kleur</td><td>wit</td></tr></table><p>Minimale afname 10 stuks. Projectprijs vanaf 100 stuks op aanvraag. Levering binnen 5 werkdagen.</p>",Lichtplein,VOLTA,"VOLTA,B2B,Opbouwdozen",TRUE,Title,Default Title,LP-VO171,9.75,continue,manual,TRUE,TRUE,https://lichtplein.nl/img/p/lp-vo171-1-l.webp,1,active
lp-vo172,"Afdekplaat 1x RJ45 keystone, wit","<p>Schakelmateriaal met een tijdloos design en ruime keuze in afwerkingen, van wit en zand tot antraciet, metallic, glas en hout. Mechanismen en afdekramen apart leverbaar zodat u per project combineert. CE-gecertificeerd, geschikt voor de standaard Europese inbouwdoos.</p><ul><li>CE-gecertificeerd</li><li>Schroefklem</li><li>Past in standaard inbouwdoos</li></ul><h3>Specificaties</h3><table><tr><td>Montage</td><td>Inbouw</td></tr><tr><td>IP-klasse</td><td>IP20</td></tr><tr><td>Kleur</td><td>wit</td></tr></table><p>Minimale afname 10 stuks. Projectprijs vanaf 100 stuks op aanvraag. Levering binnen 5 werkdagen.</p>",Lichtplein,VOLTA,"VOLTA,B2B,Data en media",TRUE,Title,Default Title,LP-VO172,10.95,continue,manual,TRUE,TRUE,https://lichtplein.nl/img/p/lp-vo172-1-l.webp,1,active
lp-vo172,,,,,,,,,,,,,,,https://lichtplein.nl/img/p/lp-vo172-2-l.webp,2,
lp-vo173,"Afdekplaat 2x RJ45 keystone, wit","<p>Schakelmateriaal met een tijdloos design en ruime keuze in afwerkingen, van wit en zand tot antraciet, metallic, glas en hout. Mechanismen en afdekramen apart leverbaar zodat u per project combineert. CE-gecertificeerd, geschikt voor de standaard Europese inbouwdoos.</p><ul><li>CE-gecertificeerd</li><li>Schroefklem</li><li>Past in standaard inbouwdoos</li></ul><h3>Specificaties</h3><table><tr><td>Montage</td><td>Inbouw</td></tr><tr><td>IP-klasse</td><td>IP20</td></tr><tr><td>Kleur</td><td>wit</td></tr></table><p>Minimale afname 10 stuks. Projectprijs vanaf 100 stuks op aanvraag. Levering binnen 5 werkdagen.</p>",Lichtplein,VOLTA,"VOLTA,B2B,Data en media",TRUE,Title,Default Title,LP-VO173,10.95,continue,manual,TRUE,TRUE,https://lichtplein.nl/img/p/lp-vo173-1-l.webp,1,active
lp-vo173,,,,,,,,,,,,,,,https://lichtplein.nl/img/p/lp-vo173-2-l.webp,2,
lp-vo174,"Afdekplaat 1x RJ45 keystone, wit","<p>Schakelmateriaal met een tijdloos design en ruime keuze in afwerkingen, van wit en zand tot antraciet, metallic, glas en hout. Mechanismen en afdekramen apart leverbaar zodat u per project combineert. CE-gecertificeerd, geschikt voor de standaard Europese inbouwdoos.</p><ul><li>CE-gecertificeerd</li><li>Schroefklem</li><li>Past in standaard inbouwdoos</li></ul><h3>Specificaties</h3><table><tr><td>Montage</td><td>Inbouw</td></tr><tr><td>IP-klasse</td><td>IP20</td></tr><tr><td>Kleur</td><td>wit</td></tr></table><p>Minimale afname 10 stuks. Projectprijs vanaf 100 stuks op aanvraag. Levering binnen 5 werkdagen.</p>",Lichtplein,VOLTA,"VOLTA,B2B,Data en media",TRUE,Title,Default Title,LP-VO174,10.95,continue,manual,TRUE,TRUE,https://lichtplein.nl/img/p/lp-vo174-1-l.webp,1,active
lp-vo174,,,,,,,,,,,,,,,https://lichtplein.nl/img/p/lp-vo174-2-l.webp,2,
lp-vo175,"Afdekplaat 2x RJ45 keystone, wit","<p>Schakelmateriaal met een tijdloos design en ruime keuze in afwerkingen, van wit en zand tot antraciet, metallic, glas en hout. Mechanismen en afdekramen apart leverbaar zodat u per project combineert. CE-gecertificeerd, geschikt voor de standaard Europese inbouwdoos.</p><ul><li>CE-gecertificeerd</li><li>Schroefklem</li><li>Past in standaard inbouwdoos</li></ul><h3>Specificaties</h3><table><tr><td>Montage</td><td>Inbouw</td></tr><tr><td>IP-klasse</td><td>IP20</td></tr><tr><td>Kleur</td><td>wit</td></tr></table><p>Minimale afname 10 stuks. Projectprijs vanaf 100 stuks op aanvraag. Levering binnen 5 werkdagen.</p>",Lichtplein,VOLTA,"VOLTA,B2B,Data en media",TRUE,Title,Default Title,LP-VO175,10.95,continue,manual,TRUE,TRUE,https://lichtplein.nl/img/p/lp-vo175-1-l.webp,1,active
lp-vo175,,,,,,,,,,,,,,,https://lichtplein.nl/img/p/lp-vo175-2-l.webp,2,
lp-vo176,"Afdekraam 1-voudig SlimLine, wit","<p>Schakelmateriaal met een tijdloos design en ruime keuze in afwerkingen, van wit en zand tot antraciet, metallic, glas en hout. Mechanismen en afdekramen apart leverbaar zodat u per project combineert. CE-gecertificeerd, geschikt voor de standaard Europese inbouwdoos.</p><ul><li>CE-gecertificeerd</li><li>Standaard Europese maatvoering</li><li>Direct uit voorraad</li></ul><h3>Specificaties</h3><table><tr><td>Kleur</td><td>wit</td></tr></table><p>Minimale afname 10 stuks. Projectprijs vanaf 100 stuks op aanvraag. Levering binnen 5 werkdagen.</p>",Lichtplein,VOLTA,"VOLTA,B2B,Afdekramen",TRUE,Title,Default Title,LP-VO176,2.19,continue,manual,TRUE,TRUE,https://lichtplein.nl/img/p/lp-vo176-1-l.webp,1,active
lp-vo177,"Afdekraam 2-voudig SlimLine, wit","<p>Schakelmateriaal met een tijdloos design en ruime keuze in afwerkingen, van wit en zand tot antraciet, metallic, glas en hout. Mechanismen en afdekramen apart leverbaar zodat u per project combineert. CE-gecertificeerd, geschikt voor de standaard Europese inbouwdoos.</p><ul><li>CE-gecertificeerd</li><li>Standaard Europese maatvoering</li><li>Direct uit voorraad</li></ul><h3>Specificaties</h3><table><tr><td>Kleur</td><td>wit</td></tr></table><p>Minimale afname 10 stuks. Projectprijs vanaf 100 stuks op aanvraag. Levering binnen 5 werkdagen.</p>",Lichtplein,VOLTA,"VOLTA,B2B,Afdekramen",TRUE,Title,Default Title,LP-VO177,3.35,continue,manual,TRUE,TRUE,https://lichtplein.nl/img/p/lp-vo177-1-l.webp,1,active
lp-vo178,"Afdekraam 3-voudig SlimLine, wit","<p>Schakelmateriaal met een tijdloos design en ruime keuze in afwerkingen, van wit en zand tot antraciet, metallic, glas en hout. Mechanismen en afdekramen apart leverbaar zodat u per project combineert. CE-gecertificeerd, geschikt voor de standaard Europese inbouwdoos.</p><ul><li>CE-gecertificeerd</li><li>Standaard Europese maatvoering</li><li>Direct uit voorraad</li></ul><h3>Specificaties</h3><table><tr><td>Kleur</td><td>wit</td></tr></table><p>Minimale afname 10 stuks. Projectprijs vanaf 100 stuks op aanvraag. Levering binnen 5 werkdagen.</p>",Lichtplein,VOLTA,"VOLTA,B2B,Afdekramen",TRUE,Title,Default Title,LP-VO178,5.25,continue,manual,TRUE,TRUE,https://lichtplein.nl/img/p/lp-vo178-1-l.webp,1,active
lp-vo179,"Afdekraam 4-voudig SlimLine, wit","<p>Schakelmateriaal met een tijdloos design en ruime keuze in afwerkingen, van wit en zand tot antraciet, metallic, glas en hout. Mechanismen en afdekramen apart leverbaar zodat u per project combineert. CE-gecertificeerd, geschikt voor de standaard Europese inbouwdoos.</p><ul><li>CE-gecertificeerd</li><li>Standaard Europese maatvoering</li><li>Direct uit voorraad</li></ul><h3>Specificaties</h3><table><tr><td>Kleur</td><td>wit</td></tr></table><p>Minimale afname 10 stuks. Projectprijs vanaf 100 stuks op aanvraag. Levering binnen 5 werkdagen.</p>",Lichtplein,VOLTA,"VOLTA,B2B,Afdekramen",TRUE,Title,Default Title,LP-VO179,6.85,continue,manual,TRUE,TRUE,https://lichtplein.nl/img/p/lp-vo179-1-l.webp,1,active
lp-vo180,"Afdekraam 5-voudig SlimLine, wit","<p>Schakelmateriaal met een tijdloos design en ruime keuze in afwerkingen, van wit en zand tot antraciet, metallic, glas en hout. Mechanismen en afdekramen apart leverbaar zodat u per project combineert. CE-gecertificeerd, geschikt voor de standaard Europese inbouwdoos.</p><ul><li>CE-gecertificeerd</li><li>Standaard Europese maatvoering</li><li>Direct uit voorraad</li></ul><h3>Specificaties</h3><table><tr><td>Kleur</td><td>wit</td></tr></table><p>Minimale afname 10 stuks. Projectprijs vanaf 100 stuks op aanvraag. Levering binnen 5 werkdagen.</p>",Lichtplein,VOLTA,"VOLTA,B2B,Afdekramen",TRUE,Title,Default Title,LP-VO180,10.25,continue,manual,TRUE,TRUE,https://lichtplein.nl/img/p/lp-vo180-1-l.webp,1,active
lp-vo181,"Afdekraam 6-voudig SlimLine, wit","<p>Schakelmateriaal met een tijdloos design en ruime keuze in afwerkingen, van wit en zand tot antraciet, metallic, glas en hout. Mechanismen en afdekramen apart leverbaar zodat u per project combineert. CE-gecertificeerd, geschikt voor de standaard Europese inbouwdoos.</p><ul><li>CE-gecertificeerd</li><li>Standaard Europese maatvoering</li><li>Direct uit voorraad</li></ul><h3>Specificaties</h3><table><tr><td>Kleur</td><td>wit</td></tr></table><p>Minimale afname 10 stuks. Projectprijs vanaf 100 stuks op aanvraag. Levering binnen 5 werkdagen.</p>",Lichtplein,VOLTA,"VOLTA,B2B,Afdekramen",TRUE,Title,Default Title,LP-VO181,11.89,continue,manual,TRUE,TRUE,https://lichtplein.nl/img/p/lp-vo181-1-l.webp,1,active
lp-vo182,"Afdekraam 1-voudig Classic, wit","<p>Schakelmateriaal met een tijdloos design en ruime keuze in afwerkingen, van wit en zand tot antraciet, metallic, glas en hout. Mechanismen en afdekramen apart leverbaar zodat u per project combineert. CE-gecertificeerd, geschikt voor de standaard Europese inbouwdoos.</p><ul><li>CE-gecertificeerd</li><li>Standaard Europese maatvoering</li><li>Direct uit voorraad</li></ul><h3>Specificaties</h3><table><tr><td>Kleur</td><td>wit</td></tr></table><p>Minimale afname 10 stuks. Projectprijs vanaf 100 stuks op aanvraag. Levering binnen 5 werkdagen.</p>",Lichtplein,VOLTA,"VOLTA,B2B,Afdekramen",TRUE,Title,Default Title,LP-VO182,2.15,continue,manual,TRUE,TRUE,https://lichtplein.nl/img/p/lp-vo182-1-l.webp,1,active
lp-vo183,"Afdekraam 2-voudig Classic, wit","<p>Schakelmateriaal met een tijdloos design en ruime keuze in afwerkingen, van wit en zand tot antraciet, metallic, glas en hout. Mechanismen en afdekramen apart leverbaar zodat u per project combineert. CE-gecertificeerd, geschikt voor de standaard Europese inbouwdoos.</p><ul><li>CE-gecertificeerd</li><li>Standaard Europese maatvoering</li><li>Direct uit voorraad</li></ul><h3>Specificaties</h3><table><tr><td>Kleur</td><td>wit</td></tr></table><p>Minimale afname 10 stuks. Projectprijs vanaf 100 stuks op aanvraag. Levering binnen 5 werkdagen.</p>",Lichtplein,VOLTA,"VOLTA,B2B,Afdekramen",TRUE,Title,Default Title,LP-VO183,3.25,continue,manual,TRUE,TRUE,https://lichtplein.nl/img/p/lp-vo183-1-l.webp,1,active
lp-vo184,"Afdekraam 3-voudig Classic, wit","<p>Schakelmateriaal met een tijdloos design en ruime keuze in afwerkingen, van wit en zand tot antraciet, metallic, glas en hout. Mechanismen en afdekramen apart leverbaar zodat u per project combineert. CE-gecertificeerd, geschikt voor de standaard Europese inbouwdoos.</p><ul><li>CE-gecertificeerd</li><li>Standaard Europese maatvoering</li><li>Direct uit voorraad</li></ul><h3>Specificaties</h3><table><tr><td>Kleur</td><td>wit</td></tr></table><p>Minimale afname 10 stuks. Projectprijs vanaf 100 stuks op aanvraag. Levering binnen 5 werkdagen.</p>",Lichtplein,VOLTA,"VOLTA,B2B,Afdekramen",TRUE,Title,Default Title,LP-VO184,5.25,continue,manual,TRUE,TRUE,https://lichtplein.nl/img/p/lp-vo184-1-l.webp,1,active
lp-vo185,"Afdekraam 4-voudig Classic, wit","<p>Schakelmateriaal met een tijdloos design en ruime keuze in afwerkingen, van wit en zand tot antraciet, metallic, glas en hout. Mechanismen en afdekramen apart leverbaar zodat u per project combineert. CE-gecertificeerd, geschikt voor de standaard Europese inbouwdoos.</p><ul><li>CE-gecertificeerd</li><li>Standaard Europese maatvoering</li><li>Direct uit voorraad</li></ul><h3>Specificaties</h3><table><tr><td>Kleur</td><td>wit</td></tr></table><p>Minimale afname 10 stuks. Projectprijs vanaf 100 stuks op aanvraag. Levering binnen 5 werkdagen.</p>",Lichtplein,VOLTA,"VOLTA,B2B,Afdekramen",TRUE,Title,Default Title,LP-VO185,6.85,continue,manual,TRUE,TRUE,https://lichtplein.nl/img/p/lp-vo185-1-l.webp,1,active
lp-vo186,"Afdekraam 5-voudig Classic, wit","<p>Schakelmateriaal met een tijdloos design en ruime keuze in afwerkingen, van wit en zand tot antraciet, metallic, glas en hout. Mechanismen en afdekramen apart leverbaar zodat u per project combineert. CE-gecertificeerd, geschikt voor de standaard Europese inbouwdoos.</p><ul><li>CE-gecertificeerd</li><li>Standaard Europese maatvoering</li><li>Direct uit voorraad</li></ul><h3>Specificaties</h3><table><tr><td>Kleur</td><td>wit</td></tr></table><p>Minimale afname 10 stuks. Projectprijs vanaf 100 stuks op aanvraag. Levering binnen 5 werkdagen.</p>",Lichtplein,VOLTA,"VOLTA,B2B,Afdekramen",TRUE,Title,Default Title,LP-VO186,10.25,continue,manual,TRUE,TRUE,https://lichtplein.nl/img/p/lp-vo186-1-l.webp,1,active
lp-vo187,"Afdekraam 6-voudig Classic, wit","<p>Schakelmateriaal met een tijdloos design en ruime keuze in afwerkingen, van wit en zand tot antraciet, metallic, glas en hout. Mechanismen en afdekramen apart leverbaar zodat u per project combineert. CE-gecertificeerd, geschikt voor de standaard Europese inbouwdoos.</p><ul><li>CE-gecertificeerd</li><li>Standaard Europese maatvoering</li><li>Direct uit voorraad</li></ul><h3>Specificaties</h3><table><tr><td>Kleur</td><td>wit</td></tr></table><p>Minimale afname 10 stuks. Projectprijs vanaf 100 stuks op aanvraag. Levering binnen 5 werkdagen.</p>",Lichtplein,VOLTA,"VOLTA,B2B,Afdekramen",TRUE,Title,Default Title,LP-VO187,11.85,continue,manual,TRUE,TRUE,https://lichtplein.nl/img/p/lp-vo187-1-l.webp,1,active
lp-vo188,"Enkelpolige schakelaar, zand","<p>Schakelmateriaal met een tijdloos design en ruime keuze in afwerkingen, van wit en zand tot antraciet, metallic, glas en hout. Mechanismen en afdekramen apart leverbaar zodat u per project combineert. CE-gecertificeerd, geschikt voor de standaard Europese inbouwdoos.</p><ul><li>CE-gecertificeerd</li><li>Schroefklem</li><li>Past in standaard inbouwdoos</li></ul><h3>Specificaties</h3><table><tr><td>Montage</td><td>Inbouw</td></tr><tr><td>IP-klasse</td><td>IP20</td></tr><tr><td>Afdekraam</td><td>Zonder afdekraam (apart bestellen)</td></tr><tr><td>Nominale stroom</td><td>10 A</td></tr><tr><td>Aansluitklem</td><td>Schroefklem</td></tr><tr><td>Kleur</td><td>zand</td></tr><tr><td>Spanning</td><td>230 V</td></tr></table><p>Minimale afname 10 stuks. Projectprijs vanaf 100 stuks op aanvraag. Levering binnen 5 werkdagen.</p>",Lichtplein,VOLTA,"VOLTA,B2B,Schakelaars",TRUE,Title,Default Title,LP-VO188,10.09,continue,manual,TRUE,TRUE,https://lichtplein.nl/img/p/lp-vo188-1-l.webp,1,active
lp-vo188,,,,,,,,,,,,,,,https://lichtplein.nl/img/p/lp-vo188-2-l.webp,2,
lp-vo189,"Enkelpolige schakelaar, zand","<p>Schakelmateriaal met een tijdloos design en ruime keuze in afwerkingen, van wit en zand tot antraciet, metallic, glas en hout. Mechanismen en afdekramen apart leverbaar zodat u per project combineert. CE-gecertificeerd, geschikt voor de standaard Europese inbouwdoos.</p><ul><li>CE-gecertificeerd</li><li>Veerklem, snelle montage</li><li>Past in standaard inbouwdoos</li></ul><h3>Specificaties</h3><table><tr><td>Montage</td><td>Inbouw</td></tr><tr><td>IP-klasse</td><td>IP20</td></tr><tr><td>Afdekraam</td><td>Zonder afdekraam (apart bestellen)</td></tr><tr><td>Nominale stroom</td><td>10 A</td></tr><tr><td>Aansluitklem</td><td>Veerklem (snelaansluiting)</td></tr><tr><td>Kleur</td><td>zand</td></tr><tr><td>Spanning</td><td>230 V</td></tr></table><p>Minimale afname 10 stuks. Projectprijs vanaf 100 stuks op aanvraag. Levering binnen 5 werkdagen.</p>",Lichtplein,VOLTA,"VOLTA,B2B,Schakelaars",TRUE,Title,Default Title,LP-VO189,10.95,continue,manual,TRUE,TRUE,https://lichtplein.nl/img/p/lp-vo189-1-l.webp,1,active
lp-vo189,,,,,,,,,,,,,,,https://lichtplein.nl/img/p/lp-vo189-2-l.webp,2,
lp-vo190,"Enkelpolige schakelaar, zand, set van 10","<p>Schakelmateriaal met een tijdloos design en ruime keuze in afwerkingen, van wit en zand tot antraciet, metallic, glas en hout. Mechanismen en afdekramen apart leverbaar zodat u per project combineert. CE-gecertificeerd, geschikt voor de standaard Europese inbouwdoos.</p><ul><li>CE-gecertificeerd</li><li>Veerklem, snelle montage</li><li>Past in standaard inbouwdoos</li></ul><h3>Specificaties</h3><table><tr><td>Montage</td><td>Inbouw</td></tr><tr><td>IP-klasse</td><td>IP20</td></tr><tr><td>Afdekraam</td><td>Zonder afdekraam (apart bestellen)</td></tr><tr><td>Nominale stroom</td><td>10 A</td></tr><tr><td>Aansluitklem</td><td>Veerklem (snelaansluiting)</td></tr><tr><td>Kleur</td><td>zand</td></tr><tr><td>Spanning</td><td>230 V</td></tr><tr><td>Verpakking</td><td>10 stuks</td></tr></table><p>Minimale afname 1 set. Projectprijs vanaf 100 stuks op aanvraag. Levering binnen 5 werkdagen.</p>",Lichtplein,VOLTA,"VOLTA,B2B,Schakelaars",TRUE,Title,Default Title,LP-VO190,109.00,continue,manual,TRUE,TRUE,https://lichtplein.nl/img/p/lp-vo190-1-l.webp,1,active
lp-vo190,,,,,,,,,,,,,,,https://lichtplein.nl/img/p/lp-vo190-2-l.webp,2,
lp-vo191,"Pulsdrukker enkel, zand","<p>Schakelmateriaal met een tijdloos design en ruime keuze in afwerkingen, van wit en zand tot antraciet, metallic, glas en hout. Mechanismen en afdekramen apart leverbaar zodat u per project combineert. CE-gecertificeerd, geschikt voor de standaard Europese inbouwdoos.</p><ul><li>CE-gecertificeerd</li><li>Veerklem, snelle montage</li><li>Past in standaard inbouwdoos</li></ul><h3>Specificaties</h3><table><tr><td>Montage</td><td>Inbouw</td></tr><tr><td>IP-klasse</td><td>IP20</td></tr><tr><td>Afdekraam</td><td>Zonder afdekraam (apart bestellen)</td></tr><tr><td>Nominale stroom</td><td>10 A</td></tr><tr><td>Aansluitklem</td><td>Veerklem (snelaansluiting)</td></tr><tr><td>Kleur</td><td>zand</td></tr><tr><td>Spanning</td><td>230 V</td></tr></table><p>Minimale afname 10 stuks. Projectprijs vanaf 100 stuks op aanvraag. Levering binnen 5 werkdagen.</p>",Lichtplein,VOLTA,"VOLTA,B2B,Schakelaars",TRUE,Title,Default Title,LP-VO191,12.09,continue,manual,TRUE,TRUE,https://lichtplein.nl/img/p/lp-vo191-1-l.webp,1,active
lp-vo192,"Tweepolige schakelaar, zand","<p>Schakelmateriaal met een tijdloos design en ruime keuze in afwerkingen, van wit en zand tot antraciet, metallic, glas en hout. Mechanismen en afdekramen apart leverbaar zodat u per project combineert. CE-gecertificeerd, geschikt voor de standaard Europese inbouwdoos.</p><ul><li>CE-gecertificeerd</li><li>Veerklem, snelle montage</li><li>Past in standaard inbouwdoos</li></ul><h3>Specificaties</h3><table><tr><td>Montage</td><td>Inbouw</td></tr><tr><td>IP-klasse</td><td>IP20</td></tr><tr><td>Afdekraam</td><td>Zonder afdekraam (apart bestellen)</td></tr><tr><td>Nominale stroom</td><td>10 A</td></tr><tr><td>Aansluitklem</td><td>Veerklem (snelaansluiting)</td></tr><tr><td>Kleur</td><td>zand</td></tr><tr><td>Spanning</td><td>230 V</td></tr></table><p>Minimale afname 10 stuks. Projectprijs vanaf 100 stuks op aanvraag. Levering binnen 5 werkdagen.</p>",Lichtplein,VOLTA,"VOLTA,B2B,Schakelaars",TRUE,Title,Default Title,LP-VO192,14.55,continue,manual,TRUE,TRUE,https://lichtplein.nl/img/p/lp-vo192-1-l.webp,1,active
lp-vo192,,,,,,,,,,,,,,,https://lichtplein.nl/img/p/lp-vo192-2-l.webp,2,
lp-vo193,"Serieschakelaar (2-voudig), zand","<p>Schakelmateriaal met een tijdloos design en ruime keuze in afwerkingen, van wit en zand tot antraciet, metallic, glas en hout. Mechanismen en afdekramen apart leverbaar zodat u per project combineert. CE-gecertificeerd, geschikt voor de standaard Europese inbouwdoos.</p><ul><li>CE-gecertificeerd</li><li>Schroefklem</li><li>Past in standaard inbouwdoos</li></ul><h3>Specificaties</h3><table><tr><td>Montage</td><td>Inbouw</td></tr><tr><td>IP-klasse</td><td>IP20</td></tr><tr><td>Afdekraam</td><td>Zonder afdekraam (apart bestellen)</td></tr><tr><td>Nominale stroom</td><td>10 A</td></tr><tr><td>Aansluitklem</td><td>Schroefklem</td></tr><tr><td>Kleur</td><td>zand</td></tr><tr><td>Spanning</td><td>230 V</td></tr></table><p>Minimale afname 10 stuks. Projectprijs vanaf 100 stuks op aanvraag. Levering binnen 5 werkdagen.</p>",Lichtplein,VOLTA,"VOLTA,B2B,Schakelaars",TRUE,Title,Default Title,LP-VO193,13.75,continue,manual,TRUE,TRUE,https://lichtplein.nl/img/p/lp-vo193-1-l.webp,1,active
lp-vo194,"Serieschakelaar (2-voudig) IP44, zand","<p>Schakelmateriaal met een tijdloos design en ruime keuze in afwerkingen, van wit en zand tot antraciet, metallic, glas en hout. Mechanismen en afdekramen apart leverbaar zodat u per project combineert. CE-gecertificeerd, geschikt voor de standaard Europese inbouwdoos.</p><ul><li>CE-gecertificeerd</li><li>Schroefklem</li><li>Past in standaard inbouwdoos</li></ul><h3>Specificaties</h3><table><tr><td>Montage</td><td>Inbouw</td></tr><tr><td>IP-klasse</td><td>IP44</td></tr><tr><td>Afdekraam</td><td>Zonder afdekraam (apart bestellen)</td></tr><tr><td>Nominale stroom</td><td>10 A</td></tr><tr><td>Aansluitklem</td><td>Schroefklem</td></tr><tr><td>Kleur</td><td>zand</td></tr><tr><td>Spanning</td><td>230 V</td></tr></table><p>Minimale afname 10 stuks. Projectprijs vanaf 100 stuks op aanvraag. Levering binnen 5 werkdagen.</p>",Lichtplein,VOLTA,"VOLTA,B2B,Schakelaars",TRUE,Title,Default Title,LP-VO194,18.95,continue,manual,TRUE,TRUE,https://lichtplein.nl/img/p/lp-vo194-1-l.webp,1,active
lp-vo194,,,,,,,,,,,,,,,https://lichtplein.nl/img/p/lp-vo194-2-l.webp,2,
lp-vo195,"Serieschakelaar (2-voudig), zand","<p>Schakelmateriaal met een tijdloos design en ruime keuze in afwerkingen, van wit en zand tot antraciet, metallic, glas en hout. Mechanismen en afdekramen apart leverbaar zodat u per project combineert. CE-gecertificeerd, geschikt voor de standaard Europese inbouwdoos.</p><ul><li>CE-gecertificeerd</li><li>Veerklem, snelle montage</li><li>Past in standaard inbouwdoos</li></ul><h3>Specificaties</h3><table><tr><td>Montage</td><td>Inbouw</td></tr><tr><td>IP-klasse</td><td>IP20</td></tr><tr><td>Afdekraam</td><td>Zonder afdekraam (apart bestellen)</td></tr><tr><td>Nominale stroom</td><td>10 A</td></tr><tr><td>Aansluitklem</td><td>Veerklem (snelaansluiting)</td></tr><tr><td>Kleur</td><td>zand</td></tr><tr><td>Spanning</td><td>230 V</td></tr></table><p>Minimale afname 10 stuks. Projectprijs vanaf 100 stuks op aanvraag. Levering binnen 5 werkdagen.</p>",Lichtplein,VOLTA,"VOLTA,B2B,Schakelaars",TRUE,Title,Default Title,LP-VO195,14.75,continue,manual,TRUE,TRUE,https://lichtplein.nl/img/p/lp-vo195-1-l.webp,1,active
lp-vo196,"Drievoudige schakelaar, zand","<p>Schakelmateriaal met een tijdloos design en ruime keuze in afwerkingen, van wit en zand tot antraciet, metallic, glas en hout. Mechanismen en afdekramen apart leverbaar zodat u per project combineert. CE-gecertificeerd, geschikt voor de standaard Europese inbouwdoos.</p><ul><li>CE-gecertificeerd</li><li>Schroefklem</li><li>Past in standaard inbouwdoos</li></ul><h3>Specificaties</h3><table><tr><td>Montage</td><td>Inbouw</td></tr><tr><td>IP-klasse</td><td>IP20</td></tr><tr><td>Afdekraam</td><td>Zonder afdekraam (apart bestellen)</td></tr><tr><td>Nominale stroom</td><td>16 A</td></tr><tr><td>Aansluitklem</td><td>Schroefklem</td></tr><tr><td>Kleur</td><td>zand</td></tr><tr><td>Spanning</td><td>230 V</td></tr></table><p>Minimale afname 10 stuks. Projectprijs vanaf 100 stuks op aanvraag. Levering binnen 5 werkdagen.</p>",Lichtplein,VOLTA,"VOLTA,B2B,Schakelaars",TRUE,Title,Default Title,LP-VO196,19.59,continue,manual,TRUE,TRUE,https://lichtplein.nl/img/p/lp-vo196-1-l.webp,1,active
lp-vo196,,,,,,,,,,,,,,,https://lichtplein.nl/img/p/lp-vo196-2-l.webp,2,
lp-vo197,"Wisselschakelaar IP44, zand","<p>Schakelmateriaal met een tijdloos design en ruime keuze in afwerkingen, van wit en zand tot antraciet, metallic, glas en hout. Mechanismen en afdekramen apart leverbaar zodat u per project combineert. CE-gecertificeerd, geschikt voor de standaard Europese inbouwdoos.</p><ul><li>CE-gecertificeerd</li><li>Schroefklem</li><li>Past in standaard inbouwdoos</li></ul><h3>Specificaties</h3><table><tr><td>Montage</td><td>Inbouw</td></tr><tr><td>IP-klasse</td><td>IP44</td></tr><tr><td>Afdekraam</td><td>Zonder afdekraam (apart bestellen)</td></tr><tr><td>Nominale stroom</td><td>10 A</td></tr><tr><td>Aansluitklem</td><td>Schroefklem</td></tr><tr><td>Kleur</td><td>zand</td></tr><tr><td>Spanning</td><td>230 V</td></tr></table><p>Minimale afname 10 stuks. Projectprijs vanaf 100 stuks op aanvraag. Levering binnen 5 werkdagen.</p>",Lichtplein,VOLTA,"VOLTA,B2B,Schakelaars",TRUE,Title,Default Title,LP-VO197,18.05,continue,manual,TRUE,TRUE,https://lichtplein.nl/img/p/lp-vo197-1-l.webp,1,active
lp-vo198,"Wisselschakelaar, zand","<p>Schakelmateriaal met een tijdloos design en ruime keuze in afwerkingen, van wit en zand tot antraciet, metallic, glas en hout. Mechanismen en afdekramen apart leverbaar zodat u per project combineert. CE-gecertificeerd, geschikt voor de standaard Europese inbouwdoos.</p><ul><li>CE-gecertificeerd</li><li>Veerklem, snelle montage</li><li>Past in standaard inbouwdoos</li></ul><h3>Specificaties</h3><table><tr><td>Montage</td><td>Inbouw</td></tr><tr><td>IP-klasse</td><td>IP20</td></tr><tr><td>Afdekraam</td><td>Zonder afdekraam (apart bestellen)</td></tr><tr><td>Nominale stroom</td><td>10 A</td></tr><tr><td>Aansluitklem</td><td>Veerklem (snelaansluiting)</td></tr><tr><td>Kleur</td><td>zand</td></tr><tr><td>Spanning</td><td>230 V</td></tr></table><p>Minimale afname 10 stuks. Projectprijs vanaf 100 stuks op aanvraag. Levering binnen 5 werkdagen.</p>",Lichtplein,VOLTA,"VOLTA,B2B,Schakelaars",TRUE,Title,Default Title,LP-VO198,12.25,continue,manual,TRUE,TRUE,https://lichtplein.nl/img/p/lp-vo198-1-l.webp,1,active
lp-vo199,"Kruisschakelaar, zand","<p>Schakelmateriaal met een tijdloos design en ruime keuze in afwerkingen, van wit en zand tot antraciet, metallic, glas en hout. Mechanismen en afdekramen apart leverbaar zodat u per project combineert. CE-gecertificeerd, geschikt voor de standaard Europese inbouwdoos.</p><ul><li>CE-gecertificeerd</li><li>Veerklem, snelle montage</li><li>Past in standaard inbouwdoos</li></ul><h3>Specificaties</h3><table><tr><td>Montage</td><td>Inbouw</td></tr><tr><td>IP-klasse</td><td>IP20</td></tr><tr><td>Afdekraam</td><td>Zonder afdekraam (apart bestellen)</td></tr><tr><td>Nominale stroom</td><td>10 A</td></tr><tr><td>Aansluitklem</td><td>Veerklem (snelaansluiting)</td></tr><tr><td>Kleur</td><td>zand</td></tr><tr><td>Spanning</td><td>230 V</td></tr></table><p>Minimale afname 10 stuks. Projectprijs vanaf 100 stuks op aanvraag. Levering binnen 5 werkdagen.</p>",Lichtplein,VOLTA,"VOLTA,B2B,Schakelaars",TRUE,Title,Default Title,LP-VO199,17.25,continue,manual,TRUE,TRUE,https://lichtplein.nl/img/p/lp-vo199-1-l.webp,1,active
lp-vo199,,,,,,,,,,,,,,,https://lichtplein.nl/img/p/lp-vo199-2-l.webp,2,
lp-vo199,,,,,,,,,,,,,,,https://lichtplein.nl/img/p/lp-vo199-3-l.webp,3,
lp-vo199,,,,,,,,,,,,,,,https://lichtplein.nl/img/p/lp-vo199-4-l.webp,4,
lp-vo200,"Dubbele wisselschakelaar, zand","<p>Schakelmateriaal met een tijdloos design en ruime keuze in afwerkingen, van wit en zand tot antraciet, metallic, glas en hout. Mechanismen en afdekramen apart leverbaar zodat u per project combineert. CE-gecertificeerd, geschikt voor de standaard Europese inbouwdoos.</p><ul><li>CE-gecertificeerd</li><li>Veerklem, snelle montage</li><li>Past in standaard inbouwdoos</li></ul><h3>Specificaties</h3><table><tr><td>Montage</td><td>Inbouw</td></tr><tr><td>IP-klasse</td><td>IP20</td></tr><tr><td>Afdekraam</td><td>Zonder afdekraam (apart bestellen)</td></tr><tr><td>Nominale stroom</td><td>16 A</td></tr><tr><td>Aansluitklem</td><td>Veerklem (snelaansluiting)</td></tr><tr><td>Kleur</td><td>zand</td></tr><tr><td>Spanning</td><td>230 V</td></tr></table><p>Minimale afname 10 stuks. Projectprijs vanaf 100 stuks op aanvraag. Levering binnen 5 werkdagen.</p>",Lichtplein,VOLTA,"VOLTA,B2B,Schakelaars",TRUE,Title,Default Title,LP-VO200,19.59,continue,manual,TRUE,TRUE,https://lichtplein.nl/img/p/lp-vo200-1-l.webp,1,active
lp-vo200,,,,,,,,,,,,,,,https://lichtplein.nl/img/p/lp-vo200-2-l.webp,2,
lp-vo200,,,,,,,,,,,,,,,https://lichtplein.nl/img/p/lp-vo200-3-l.webp,3,
lp-vo200,,,,,,,,,,,,,,,https://lichtplein.nl/img/p/lp-vo200-4-l.webp,4,
lp-vo201,"Dubbele wisselpulsdrukker, zand","<p>Schakelmateriaal met een tijdloos design en ruime keuze in afwerkingen, van wit en zand tot antraciet, metallic, glas en hout. Mechanismen en afdekramen apart leverbaar zodat u per project combineert. CE-gecertificeerd, geschikt voor de standaard Europese inbouwdoos.</p><ul><li>CE-gecertificeerd</li><li>Veerklem, snelle montage</li><li>Past in standaard inbouwdoos</li></ul><h3>Specificaties</h3><table><tr><td>Montage</td><td>Inbouw</td></tr><tr><td>IP-klasse</td><td>IP20</td></tr><tr><td>Afdekraam</td><td>Zonder afdekraam (apart bestellen)</td></tr><tr><td>Nominale stroom</td><td>16 A</td></tr><tr><td>Aansluitklem</td><td>Veerklem (snelaansluiting)</td></tr><tr><td>Kleur</td><td>zand</td></tr><tr><td>Spanning</td><td>230 V</td></tr></table><p>Minimale afname 10 stuks. Projectprijs vanaf 100 stuks op aanvraag. Levering binnen 5 werkdagen.</p>",Lichtplein,VOLTA,"VOLTA,B2B,Schakelaars",TRUE,Title,Default Title,LP-VO201,23.05,continue,manual,TRUE,TRUE,https://lichtplein.nl/img/p/lp-vo201-1-l.webp,1,active
lp-vo202,"Beldrukker, zand","<p>Schakelmateriaal met een tijdloos design en ruime keuze in afwerkingen, van wit en zand tot antraciet, metallic, glas en hout. Mechanismen en afdekramen apart leverbaar zodat u per project combineert. CE-gecertificeerd, geschikt voor de standaard Europese inbouwdoos.</p><ul><li>CE-gecertificeerd</li><li>Veerklem, snelle montage</li><li>Past in standaard inbouwdoos</li></ul><h3>Specificaties</h3><table><tr><td>Montage</td><td>Inbouw</td></tr><tr><td>IP-klasse</td><td>IP20</td></tr><tr><td>Afdekraam</td><td>Zonder afdekraam (apart bestellen)</td></tr><tr><td>Nominale stroom</td><td>10 A</td></tr><tr><td>Aansluitklem</td><td>Veerklem (snelaansluiting)</td></tr><tr><td>Kleur</td><td>zand</td></tr><tr><td>Spanning</td><td>230 V</td></tr></table><p>Minimale afname 10 stuks. Projectprijs vanaf 100 stuks op aanvraag. Levering binnen 5 werkdagen.</p>",Lichtplein,VOLTA,"VOLTA,B2B,Schakelaars",TRUE,Title,Default Title,LP-VO202,12.55,continue,manual,TRUE,TRUE,https://lichtplein.nl/img/p/lp-vo202-1-l.webp,1,active
lp-vo203,"Jaloezieschakelaar, zand","<p>Schakelmateriaal met een tijdloos design en ruime keuze in afwerkingen, van wit en zand tot antraciet, metallic, glas en hout. Mechanismen en afdekramen apart leverbaar zodat u per project combineert. CE-gecertificeerd, geschikt voor de standaard Europese inbouwdoos.</p><ul><li>CE-gecertificeerd</li><li>Schroefklem</li><li>Past in standaard inbouwdoos</li></ul><h3>Specificaties</h3><table><tr><td>Montage</td><td>Inbouw</td></tr><tr><td>IP-klasse</td><td>IP20</td></tr><tr><td>Afdekraam</td><td>Zonder afdekraam (apart bestellen)</td></tr><tr><td>Nominale stroom</td><td>10 A</td></tr><tr><td>Aansluitklem</td><td>Schroefklem</td></tr><tr><td>Kleur</td><td>zand</td></tr><tr><td>Spanning</td><td>230 V</td></tr></table><p>Minimale afname 10 stuks. Projectprijs vanaf 100 stuks op aanvraag. Levering binnen 5 werkdagen.</p>",Lichtplein,VOLTA,"VOLTA,B2B,Schakelaars",TRUE,Title,Default Title,LP-VO203,15.35,continue,manual,TRUE,TRUE,https://lichtplein.nl/img/p/lp-vo203-1-l.webp,1,active
lp-vo203,,,,,,,,,,,,,,,https://lichtplein.nl/img/p/lp-vo203-2-l.webp,2,
lp-vo203,,,,,,,,,,,,,,,https://lichtplein.nl/img/p/lp-vo203-3-l.webp,3,
lp-vo204,"Draadloze schakelset, zender en ontvanger, zand","<p>Schakelmateriaal met een tijdloos design en ruime keuze in afwerkingen, van wit en zand tot antraciet, metallic, glas en hout. Mechanismen en afdekramen apart leverbaar zodat u per project combineert. CE-gecertificeerd, geschikt voor de standaard Europese inbouwdoos.</p><ul><li>CE-gecertificeerd</li><li>Schroefklem</li><li>Past in standaard inbouwdoos</li></ul><h3>Specificaties</h3><table><tr><td>Montage</td><td>Inbouw</td></tr><tr><td>IP-klasse</td><td>IP20</td></tr><tr><td>Kleur</td><td>zand</td></tr></table><p>Minimale afname 10 stuks. Projectprijs vanaf 100 stuks op aanvraag. Levering binnen 5 werkdagen.</p>",Lichtplein,VOLTA,"VOLTA,B2B,Draadloos schakelen",TRUE,Title,Default Title,LP-VO204,145.00,continue,manual,TRUE,TRUE,https://lichtplein.nl/img/p/lp-vo204-1-l.webp,1,active
lp-vo205,"Zender voor draadloze schakelset, zand","<p>Schakelmateriaal met een tijdloos design en ruime keuze in afwerkingen, van wit en zand tot antraciet, metallic, glas en hout. Mechanismen en afdekramen apart leverbaar zodat u per project combineert. CE-gecertificeerd, geschikt voor de standaard Europese inbouwdoos.</p><ul><li>CE-gecertificeerd</li><li>Schroefklem</li><li>Past in standaard inbouwdoos</li></ul><h3>Specificaties</h3><table><tr><td>Montage</td><td>Inbouw</td></tr><tr><td>IP-klasse</td><td>IP20</td></tr><tr><td>Kleur</td><td>zand</td></tr></table><p>Minimale afname 10 stuks. Projectprijs vanaf 100 stuks op aanvraag. Levering binnen 5 werkdagen.</p>",Lichtplein,VOLTA,"VOLTA,B2B,Draadloos schakelen",TRUE,Title,Default Title,LP-VO205,39.45,continue,manual,TRUE,TRUE,https://lichtplein.nl/img/p/lp-vo205-1-l.webp,1,active
lp-vo205,,,,,,,,,,,,,,,https://lichtplein.nl/img/p/lp-vo205-2-l.webp,2,
lp-vo206,"Draaidimmer 40-400W, zand","<p>Schakelmateriaal met een tijdloos design en ruime keuze in afwerkingen, van wit en zand tot antraciet, metallic, glas en hout. Mechanismen en afdekramen apart leverbaar zodat u per project combineert. CE-gecertificeerd, geschikt voor de standaard Europese inbouwdoos.</p><ul><li>CE-gecertificeerd</li><li>Schroefklem</li><li>Past in standaard inbouwdoos</li></ul><h3>Specificaties</h3><table><tr><td>Belasting</td><td>40-400W (gloei/halogeen)</td></tr><tr><td>Montage</td><td>Inbouw</td></tr><tr><td>IP-klasse</td><td>IP20</td></tr><tr><td>Kleur</td><td>zand</td></tr><tr><td>Spanning</td><td>230 V</td></tr></table><p>Minimale afname 10 stuks. Projectprijs vanaf 100 stuks op aanvraag. Levering binnen 5 werkdagen.</p>",Lichtplein,VOLTA,"VOLTA,B2B,Dimmers",TRUE,Title,Default Title,LP-VO206,69.45,continue,manual,TRUE,TRUE,https://lichtplein.nl/img/p/lp-vo206-1-l.webp,1,active
lp-vo207,"LED-draaidimmer 3-100W, zand","<p>Schakelmateriaal met een tijdloos design en ruime keuze in afwerkingen, van wit en zand tot antraciet, metallic, glas en hout. Mechanismen en afdekramen apart leverbaar zodat u per project combineert. CE-gecertificeerd, geschikt voor de standaard Europese inbouwdoos.</p><ul><li>CE-gecertificeerd</li><li>Schroefklem</li><li>Past in standaard inbouwdoos</li></ul><h3>Specificaties</h3><table><tr><td>Belasting</td><td>LED 3-100W</td></tr><tr><td>Montage</td><td>Inbouw</td></tr><tr><td>IP-klasse</td><td>IP20</td></tr><tr><td>Kleur</td><td>zand</td></tr><tr><td>Spanning</td><td>230 V</td></tr></table><p>Minimale afname 10 stuks. Projectprijs vanaf 100 stuks op aanvraag. Levering binnen 5 werkdagen.</p>",Lichtplein,VOLTA,"VOLTA,B2B,Dimmers",TRUE,Title,Default Title,LP-VO207,89.75,continue,manual,TRUE,TRUE,https://lichtplein.nl/img/p/lp-vo207-1-l.webp,1,active
lp-vo207,,,,,,,,,,,,,,,https://lichtplein.nl/img/p/lp-vo207-2-l.webp,2,
lp-vo208,"LED-draaidimmer fase-aan/afsnijding 3-100W, zand","<p>Schakelmateriaal met een tijdloos design en ruime keuze in afwerkingen, van wit en zand tot antraciet, metallic, glas en hout. Mechanismen en afdekramen apart leverbaar zodat u per project combineert. CE-gecertificeerd, geschikt voor de standaard Europese inbouwdoos.</p><ul><li>CE-gecertificeerd</li><li>Schroefklem</li><li>Past in standaard inbouwdoos</li></ul><h3>Specificaties</h3><table><tr><td>Belasting</td><td>LED 3-100W</td></tr><tr><td>Montage</td><td>Inbouw</td></tr><tr><td>IP-klasse</td><td>IP20</td></tr><tr><td>Kleur</td><td>zand</td></tr><tr><td>Spanning</td><td>230 V</td></tr></table><p>Minimale afname 10 stuks. Projectprijs vanaf 100 stuks op aanvraag. Levering binnen 5 werkdagen.</p>",Lichtplein,VOLTA,"VOLTA,B2B,Dimmers",TRUE,Title,Default Title,LP-VO208,125.00,continue,manual,TRUE,TRUE,https://lichtplein.nl/img/p/lp-vo208-1-l.webp,1,active
lp-vo208,,,,,,,,,,,,,,,https://lichtplein.nl/img/p/lp-vo208-2-l.webp,2,
lp-vo209,"LED-drukdimmer 8-105W, zand","<p>Schakelmateriaal met een tijdloos design en ruime keuze in afwerkingen, van wit en zand tot antraciet, metallic, glas en hout. Mechanismen en afdekramen apart leverbaar zodat u per project combineert. CE-gecertificeerd, geschikt voor de standaard Europese inbouwdoos.</p><ul><li>CE-gecertificeerd</li><li>Schroefklem</li><li>Past in standaard inbouwdoos</li></ul><h3>Specificaties</h3><table><tr><td>Belasting</td><td>LED 8-105W</td></tr><tr><td>Montage</td><td>Inbouw</td></tr><tr><td>IP-klasse</td><td>IP20</td></tr><tr><td>Kleur</td><td>zand</td></tr><tr><td>Spanning</td><td>230 V</td></tr></table><p>Minimale afname 10 stuks. Projectprijs vanaf 100 stuks op aanvraag. Levering binnen 5 werkdagen.</p>",Lichtplein,VOLTA,"VOLTA,B2B,Dimmers",TRUE,Title,Default Title,LP-VO209,135.00,continue,manual,TRUE,TRUE,https://lichtplein.nl/img/p/lp-vo209-1-l.webp,1,active
lp-vo209,,,,,,,,,,,,,,,https://lichtplein.nl/img/p/lp-vo209-2-l.webp,2,
lp-vo210,"LED-draaidimmer 5-200W, zand","<p>Schakelmateriaal met een tijdloos design en ruime keuze in afwerkingen, van wit en zand tot antraciet, metallic, glas en hout. Mechanismen en afdekramen apart leverbaar zodat u per project combineert. CE-gecertificeerd, geschikt voor de standaard Europese inbouwdoos.</p><ul><li>CE-gecertificeerd</li><li>Schroefklem</li><li>Past in standaard inbouwdoos</li></ul><h3>Specificaties</h3><table><tr><td>Belasting</td><td>LED 5-200W</td></tr><tr><td>Montage</td><td>Inbouw</td></tr><tr><td>IP-klasse</td><td>IP20</td></tr><tr><td>Kleur</td><td>zand</td></tr><tr><td>Spanning</td><td>230 V</td></tr></table><p>Minimale afname 10 stuks. Projectprijs vanaf 100 stuks op aanvraag. Levering binnen 5 werkdagen.</p>",Lichtplein,VOLTA,"VOLTA,B2B,Dimmers",TRUE,Title,Default Title,LP-VO210,159.00,continue,manual,TRUE,TRUE,https://lichtplein.nl/img/p/lp-vo210-1-l.webp,1,active
lp-vo211,"Wandcontactdoos met USB-lader 3,4A, zand","<p>Schakelmateriaal met een tijdloos design en ruime keuze in afwerkingen, van wit en zand tot antraciet, metallic, glas en hout. Mechanismen en afdekramen apart leverbaar zodat u per project combineert. CE-gecertificeerd, geschikt voor de standaard Europese inbouwdoos.</p><ul><li>CE-gecertificeerd</li><li>Schroefklem</li><li>Past in standaard inbouwdoos</li></ul><h3>Specificaties</h3><table><tr><td>USB</td><td>2x USB-A, 3,4 A totaal</td></tr><tr><td>Montage</td><td>Inbouw</td></tr><tr><td>IP-klasse</td><td>IP20</td></tr><tr><td>Afdekraam</td><td>Zonder afdekraam (apart bestellen)</td></tr><tr><td>Kleur</td><td>zand</td></tr><tr><td>Spanning</td><td>230 V</td></tr></table><p>Minimale afname 10 stuks. Projectprijs vanaf 100 stuks op aanvraag. Levering binnen 5 werkdagen.</p>",Lichtplein,VOLTA,"VOLTA,B2B,Wandcontactdozen",TRUE,Title,Default Title,LP-VO211,80.49,continue,manual,TRUE,TRUE,https://lichtplein.nl/img/p/lp-vo211-1-l.webp,1,active
lp-vo211,,,,,,,,,,,,,,,https://lichtplein.nl/img/p/lp-vo211-2-l.webp,2,
lp-vo212,"Wandcontactdoos met randaarde, zand, set van 10","<p>Schakelmateriaal met een tijdloos design en ruime keuze in afwerkingen, van wit en zand tot antraciet, metallic, glas en hout. Mechanismen en afdekramen apart leverbaar zodat u per project combineert. CE-gecertificeerd, geschikt voor de standaard Europese inbouwdoos.</p><ul><li>CE-gecertificeerd</li><li>Veerklem, snelle montage</li><li>Past in standaard inbouwdoos</li></ul><h3>Specificaties</h3><table><tr><td>Nominale stroom</td><td>16 A</td></tr><tr><td>Montage</td><td>Inbouw</td></tr><tr><td>IP-klasse</td><td>IP20</td></tr><tr><td>Afdekraam</td><td>Zonder afdekraam (apart bestellen)</td></tr><tr><td>Aansluitklem</td><td>Veerklem (snelaansluiting)</td></tr><tr><td>Kleur</td><td>zand</td></tr><tr><td>Spanning</td><td>230 V</td></tr><tr><td>Verpakking</td><td>10 stuks</td></tr></table><p>Minimale afname 1 set. Projectprijs vanaf 100 stuks op aanvraag. Levering binnen 5 werkdagen.</p>",Lichtplein,VOLTA,"VOLTA,B2B,Wandcontactdozen",TRUE,Title,Default Title,LP-VO212,109.00,continue,manual,TRUE,TRUE,https://lichtplein.nl/img/p/lp-vo212-1-l.webp,1,active
lp-vo213,"Wandcontactdoos met randaarde, zand","<p>Schakelmateriaal met een tijdloos design en ruime keuze in afwerkingen, van wit en zand tot antraciet, metallic, glas en hout. Mechanismen en afdekramen apart leverbaar zodat u per project combineert. CE-gecertificeerd, geschikt voor de standaard Europese inbouwdoos.</p><ul><li>CE-gecertificeerd</li><li>Veerklem, snelle montage</li><li>Past in standaard inbouwdoos</li></ul><h3>Specificaties</h3><table><tr><td>Nominale stroom</td><td>16 A</td></tr><tr><td>Montage</td><td>Inbouw</td></tr><tr><td>IP-klasse</td><td>IP20</td></tr><tr><td>Afdekraam</td><td>Zonder afdekraam (apart bestellen)</td></tr><tr><td>Aansluitklem</td><td>Veerklem (snelaansluiting)</td></tr><tr><td>Kleur</td><td>zand</td></tr><tr><td>Spanning</td><td>230 V</td></tr></table><p>Minimale afname 10 stuks. Projectprijs vanaf 100 stuks op aanvraag. Levering binnen 5 werkdagen.</p>",Lichtplein,VOLTA,"VOLTA,B2B,Wandcontactdozen",TRUE,Title,Default Title,LP-VO213,10.95,continue,manual,TRUE,TRUE,https://lichtplein.nl/img/p/lp-vo213-1-l.webp,1,active
lp-vo214,"Wandcontactdoos met randaarde, spreidklauwen, zand","<p>Schakelmateriaal met een tijdloos design en ruime keuze in afwerkingen, van wit en zand tot antraciet, metallic, glas en hout. Mechanismen en afdekramen apart leverbaar zodat u per project combineert. CE-gecertificeerd, geschikt voor de standaard Europese inbouwdoos.</p><ul><li>CE-gecertificeerd</li><li>Veerklem, snelle montage</li><li>Past in standaard inbouwdoos</li></ul><h3>Specificaties</h3><table><tr><td>Nominale stroom</td><td>16 A</td></tr><tr><td>Montage</td><td>Inbouw</td></tr><tr><td>IP-klasse</td><td>IP20</td></tr><tr><td>Afdekraam</td><td>Zonder afdekraam (apart bestellen)</td></tr><tr><td>Aansluitklem</td><td>Veerklem (snelaansluiting)</td></tr><tr><td>Kleur</td><td>zand</td></tr><tr><td>Spanning</td><td>230 V</td></tr></table><p>Minimale afname 10 stuks. Projectprijs vanaf 100 stuks op aanvraag. Levering binnen 5 werkdagen.</p>",Lichtplein,VOLTA,"VOLTA,B2B,Wandcontactdozen",TRUE,Title,Default Title,LP-VO214,12.15,continue,manual,TRUE,TRUE,https://lichtplein.nl/img/p/lp-vo214-1-l.webp,1,active
lp-vo215,"Wandcontactdoos met randaarde met klapdeksel, zand","<p>Schakelmateriaal met een tijdloos design en ruime keuze in afwerkingen, van wit en zand tot antraciet, metallic, glas en hout. Mechanismen en afdekramen apart leverbaar zodat u per project combineert. CE-gecertificeerd, geschikt voor de standaard Europese inbouwdoos.</p><ul><li>CE-gecertificeerd</li><li>Veerklem, snelle montage</li><li>Past in standaard inbouwdoos</li></ul><h3>Specificaties</h3><table><tr><td>Nominale stroom</td><td>16 A</td></tr><tr><td>Montage</td><td>Inbouw</td></tr><tr><td>IP-klasse</td><td>IP44</td></tr><tr><td>Afdekraam</td><td>Zonder afdekraam (apart bestellen)</td></tr><tr><td>Aansluitklem</td><td>Veerklem (snelaansluiting)</td></tr><tr><td>Kleur</td><td>zand</td></tr><tr><td>Spanning</td><td>230 V</td></tr></table><p>Minimale afname 10 stuks. Projectprijs vanaf 100 stuks op aanvraag. Levering binnen 5 werkdagen.</p>",Lichtplein,VOLTA,"VOLTA,B2B,Wandcontactdozen",TRUE,Title,Default Title,LP-VO215,13.95,continue,manual,TRUE,TRUE,https://lichtplein.nl/img/p/lp-vo215-1-l.webp,1,active
lp-vo216,"Dubbele wandcontactdoos zonder randaarde, zand","<p>Schakelmateriaal met een tijdloos design en ruime keuze in afwerkingen, van wit en zand tot antraciet, metallic, glas en hout. Mechanismen en afdekramen apart leverbaar zodat u per project combineert. CE-gecertificeerd, geschikt voor de standaard Europese inbouwdoos.</p><ul><li>CE-gecertificeerd</li><li>Schroefklem</li><li>Past in standaard inbouwdoos</li></ul><h3>Specificaties</h3><table><tr><td>Nominale stroom</td><td>16 A</td></tr><tr><td>Montage</td><td>Inbouw</td></tr><tr><td>IP-klasse</td><td>IP20</td></tr><tr><td>Afdekraam</td><td>Inclusief afdekraam</td></tr><tr><td>Aansluitklem</td><td>Schroefklem</td></tr><tr><td>Kleur</td><td>zand</td></tr><tr><td>Spanning</td><td>230 V</td></tr></table><p>Minimale afname 10 stuks. Projectprijs vanaf 100 stuks op aanvraag. Levering binnen 5 werkdagen.</p>",Lichtplein,VOLTA,"VOLTA,B2B,Wandcontactdozen",TRUE,Title,Default Title,LP-VO216,13.35,continue,manual,TRUE,TRUE,https://lichtplein.nl/img/p/lp-vo216-1-l.webp,1,active
lp-vo217,"Dubbele wandcontactdoos met randaarde, zand","<p>Schakelmateriaal met een tijdloos design en ruime keuze in afwerkingen, van wit en zand tot antraciet, metallic, glas en hout. Mechanismen en afdekramen apart leverbaar zodat u per project combineert. CE-gecertificeerd, geschikt voor de standaard Europese inbouwdoos.</p><ul><li>CE-gecertificeerd</li><li>Schroefklem</li><li>Past in standaard inbouwdoos</li></ul><h3>Specificaties</h3><table><tr><td>Nominale stroom</td><td>16 A</td></tr><tr><td>Montage</td><td>Inbouw</td></tr><tr><td>IP-klasse</td><td>IP20</td></tr><tr><td>Afdekraam</td><td>Inclusief afdekraam</td></tr><tr><td>Aansluitklem</td><td>Schroefklem</td></tr><tr><td>Kleur</td><td>zand</td></tr><tr><td>Spanning</td><td>230 V</td></tr></table><p>Minimale afname 10 stuks. Projectprijs vanaf 100 stuks op aanvraag. Levering binnen 5 werkdagen.</p>",Lichtplein,VOLTA,"VOLTA,B2B,Wandcontactdozen",TRUE,Title,Default Title,LP-VO217,16.65,continue,manual,TRUE,TRUE,https://lichtplein.nl/img/p/lp-vo217-1-l.webp,1,active
lp-vo218,"Wandcontactdoos zonder randaarde, zand","<p>Schakelmateriaal met een tijdloos design en ruime keuze in afwerkingen, van wit en zand tot antraciet, metallic, glas en hout. Mechanismen en afdekramen apart leverbaar zodat u per project combineert. CE-gecertificeerd, geschikt voor de standaard Europese inbouwdoos.</p><ul><li>CE-gecertificeerd</li><li>Schroefklem</li><li>Past in standaard inbouwdoos</li></ul><h3>Specificaties</h3><table><tr><td>Nominale stroom</td><td>16 A</td></tr><tr><td>Montage</td><td>Inbouw</td></tr><tr><td>IP-klasse</td><td>IP20</td></tr><tr><td>Afdekraam</td><td>Zonder afdekraam (apart bestellen)</td></tr><tr><td>Aansluitklem</td><td>Schroefklem</td></tr><tr><td>Kleur</td><td>zand</td></tr><tr><td>Spanning</td><td>230 V</td></tr></table><p>Minimale afname 10 stuks. Projectprijs vanaf 100 stuks op aanvraag. Levering binnen 5 werkdagen.</p>",Lichtplein,VOLTA,"VOLTA,B2B,Wandcontactdozen",TRUE,Title,Default Title,LP-VO218,8.05,continue,manual,TRUE,TRUE,https://lichtplein.nl/img/p/lp-vo218-1-l.webp,1,active
lp-vo219,"Wandcontactdoos met randaarde, zand","<p>Schakelmateriaal met een tijdloos design en ruime keuze in afwerkingen, van wit en zand tot antraciet, metallic, glas en hout. Mechanismen en afdekramen apart leverbaar zodat u per project combineert. CE-gecertificeerd, geschikt voor de standaard Europese inbouwdoos.</p><ul><li>CE-gecertificeerd</li><li>Schroefklem</li><li>Past in standaard inbouwdoos</li></ul><h3>Specificaties</h3><table><tr><td>Nominale stroom</td><td>16 A</td></tr><tr><td>Montage</td><td>Inbouw</td></tr><tr><td>IP-klasse</td><td>IP20</td></tr><tr><td>Afdekraam</td><td>Zonder afdekraam (apart bestellen)</td></tr><tr><td>Aansluitklem</td><td>Schroefklem</td></tr><tr><td>Kleur</td><td>zand</td></tr><tr><td>Spanning</td><td>230 V</td></tr></table><p>Minimale afname 10 stuks. Projectprijs vanaf 100 stuks op aanvraag. Levering binnen 5 werkdagen.</p>",Lichtplein,VOLTA,"VOLTA,B2B,Wandcontactdozen",TRUE,Title,Default Title,LP-VO219,8.49,continue,manual,TRUE,TRUE,https://lichtplein.nl/img/p/lp-vo219-1-l.webp,1,active
lp-vo220,"Wandcontactdoos met randaarde, zand, set van 10","<p>Schakelmateriaal met een tijdloos design en ruime keuze in afwerkingen, van wit en zand tot antraciet, metallic, glas en hout. Mechanismen en afdekramen apart leverbaar zodat u per project combineert. CE-gecertificeerd, geschikt voor de standaard Europese inbouwdoos.</p><ul><li>CE-gecertificeerd</li><li>Schroefklem</li><li>Past in standaard inbouwdoos</li></ul><h3>Specificaties</h3><table><tr><td>Nominale stroom</td><td>16 A</td></tr><tr><td>Montage</td><td>Inbouw</td></tr><tr><td>IP-klasse</td><td>IP20</td></tr><tr><td>Afdekraam</td><td>Zonder afdekraam (apart bestellen)</td></tr><tr><td>Aansluitklem</td><td>Schroefklem</td></tr><tr><td>Kleur</td><td>zand</td></tr><tr><td>Spanning</td><td>230 V</td></tr><tr><td>Verpakking</td><td>10 stuks</td></tr></table><p>Minimale afname 1 set. Projectprijs vanaf 100 stuks op aanvraag. Levering binnen 5 werkdagen.</p>",Lichtplein,VOLTA,"VOLTA,B2B,Wandcontactdozen",TRUE,Title,Default Title,LP-VO220,81.89,continue,manual,TRUE,TRUE,https://lichtplein.nl/img/p/lp-vo220-1-l.webp,1,active
lp-vo221,"Wandcontactdoos met randaarde met klapdeksel, zand","<p>Schakelmateriaal met een tijdloos design en ruime keuze in afwerkingen, van wit en zand tot antraciet, metallic, glas en hout. Mechanismen en afdekramen apart leverbaar zodat u per project combineert. CE-gecertificeerd, geschikt voor de standaard Europese inbouwdoos.</p><ul><li>CE-gecertificeerd</li><li>Schroefklem</li><li>Past in standaard inbouwdoos</li></ul><h3>Specificaties</h3><table><tr><td>Nominale stroom</td><td>16 A</td></tr><tr><td>Montage</td><td>Inbouw</td></tr><tr><td>IP-klasse</td><td>IP44</td></tr><tr><td>Afdekraam</td><td>Zonder afdekraam (apart bestellen)</td></tr><tr><td>Aansluitklem</td><td>Schroefklem</td></tr><tr><td>Kleur</td><td>zand</td></tr><tr><td>Spanning</td><td>230 V</td></tr></table><p>Minimale afname 10 stuks. Projectprijs vanaf 100 stuks op aanvraag. Levering binnen 5 werkdagen.</p>",Lichtplein,VOLTA,"VOLTA,B2B,Wandcontactdozen",TRUE,Title,Default Title,LP-VO221,13.15,continue,manual,TRUE,TRUE,https://lichtplein.nl/img/p/lp-vo221-1-l.webp,1,active
lp-vo222,"Wandcontactdoos met randaarde, spreidklauwen, zand","<p>Schakelmateriaal met een tijdloos design en ruime keuze in afwerkingen, van wit en zand tot antraciet, metallic, glas en hout. Mechanismen en afdekramen apart leverbaar zodat u per project combineert. CE-gecertificeerd, geschikt voor de standaard Europese inbouwdoos.</p><ul><li>CE-gecertificeerd</li><li>Schroefklem</li><li>Past in standaard inbouwdoos</li></ul><h3>Specificaties</h3><table><tr><td>Nominale stroom</td><td>16 A</td></tr><tr><td>Montage</td><td>Inbouw</td></tr><tr><td>IP-klasse</td><td>IP20</td></tr><tr><td>Afdekraam</td><td>Zonder afdekraam (apart bestellen)</td></tr><tr><td>Aansluitklem</td><td>Schroefklem</td></tr><tr><td>Kleur</td><td>zand</td></tr><tr><td>Spanning</td><td>230 V</td></tr></table><p>Minimale afname 10 stuks. Projectprijs vanaf 100 stuks op aanvraag. Levering binnen 5 werkdagen.</p>",Lichtplein,VOLTA,"VOLTA,B2B,Wandcontactdozen",TRUE,Title,Default Title,LP-VO222,10.15,continue,manual,TRUE,TRUE,https://lichtplein.nl/img/p/lp-vo222-1-l.webp,1,active
lp-vo222,,,,,,,,,,,,,,,https://lichtplein.nl/img/p/lp-vo222-2-l.webp,2,
lp-vo223,"TV-aansluiting F-connector, zand","<p>Schakelmateriaal met een tijdloos design en ruime keuze in afwerkingen, van wit en zand tot antraciet, metallic, glas en hout. Mechanismen en afdekramen apart leverbaar zodat u per project combineert. CE-gecertificeerd, geschikt voor de standaard Europese inbouwdoos.</p><ul><li>CE-gecertificeerd</li><li>Schroefklem</li><li>Past in standaard inbouwdoos</li></ul><h3>Specificaties</h3><table><tr><td>Montage</td><td>Inbouw</td></tr><tr><td>IP-klasse</td><td>IP20</td></tr><tr><td>Kleur</td><td>zand</td></tr></table><p>Minimale afname 10 stuks. Projectprijs vanaf 100 stuks op aanvraag. Levering binnen 5 werkdagen.</p>",Lichtplein,VOLTA,"VOLTA,B2B,Data en media",TRUE,Title,Default Title,LP-VO223,11.05,continue,manual,TRUE,TRUE,https://lichtplein.nl/img/p/lp-vo223-1-l.webp,1,active
lp-vo223,,,,,,,,,,,,,,,https://lichtplein.nl/img/p/lp-vo223-2-l.webp,2,
lp-vo224,"TV-aansluiting 2x F-connector, zand","<p>Schakelmateriaal met een tijdloos design en ruime keuze in afwerkingen, van wit en zand tot antraciet, metallic, glas en hout. Mechanismen en afdekramen apart leverbaar zodat u per project combineert. CE-gecertificeerd, geschikt voor de standaard Europese inbouwdoos.</p><ul><li>CE-gecertificeerd</li><li>Schroefklem</li><li>Past in standaard inbouwdoos</li></ul><h3>Specificaties</h3><table><tr><td>Montage</td><td>Inbouw</td></tr><tr><td>IP-klasse</td><td>IP20</td></tr><tr><td>Kleur</td><td>zand</td></tr></table><p>Minimale afname 10 stuks. Projectprijs vanaf 100 stuks op aanvraag. Levering binnen 5 werkdagen.</p>",Lichtplein,VOLTA,"VOLTA,B2B,Data en media",TRUE,Title,Default Title,LP-VO224,15.19,continue,manual,TRUE,TRUE,https://lichtplein.nl/img/p/lp-vo224-1-l.webp,1,active
lp-vo224,,,,,,,,,,,,,,,https://lichtplein.nl/img/p/lp-vo224-2-l.webp,2,
lp-vo224,,,,,,,,,,,,,,,https://lichtplein.nl/img/p/lp-vo224-3-l.webp,3,
lp-vo225,"Combi-aansluiting TV en RJ45 CAT6, zand","<p>Schakelmateriaal met een tijdloos design en ruime keuze in afwerkingen, van wit en zand tot antraciet, metallic, glas en hout. Mechanismen en afdekramen apart leverbaar zodat u per project combineert. CE-gecertificeerd, geschikt voor de standaard Europese inbouwdoos.</p><ul><li>CE-gecertificeerd</li><li>Schroefklem</li><li>Past in standaard inbouwdoos</li></ul><h3>Specificaties</h3><table><tr><td>Montage</td><td>Inbouw</td></tr><tr><td>IP-klasse</td><td>IP20</td></tr><tr><td>Kleur</td><td>zand</td></tr></table><p>Minimale afname 10 stuks. Projectprijs vanaf 100 stuks op aanvraag. Levering binnen 5 werkdagen.</p>",Lichtplein,VOLTA,"VOLTA,B2B,Data en media",TRUE,Title,Default Title,LP-VO225,25.55,continue,manual,TRUE,TRUE,https://lichtplein.nl/img/p/lp-vo225-1-l.webp,1,active
lp-vo225,,,,,,,,,,,,,,,https://lichtplein.nl/img/p/lp-vo225-2-l.webp,2,
lp-vo225,,,,,,,,,,,,,,,https://lichtplein.nl/img/p/lp-vo225-3-l.webp,3,
lp-vo225,,,,,,,,,,,,,,,https://lichtplein.nl/img/p/lp-vo225-4-l.webp,4,
lp-vo226,"Netwerkaansluiting RJ45 CAT6, zand","<p>Schakelmateriaal met een tijdloos design en ruime keuze in afwerkingen, van wit en zand tot antraciet, metallic, glas en hout. Mechanismen en afdekramen apart leverbaar zodat u per project combineert. CE-gecertificeerd, geschikt voor de standaard Europese inbouwdoos.</p><ul><li>CE-gecertificeerd</li><li>Schroefklem</li><li>Past in standaard inbouwdoos</li></ul><h3>Specificaties</h3><table><tr><td>Montage</td><td>Inbouw</td></tr><tr><td>IP-klasse</td><td>IP20</td></tr><tr><td>Kleur</td><td>zand</td></tr></table><p>Minimale afname 10 stuks. Projectprijs vanaf 100 stuks op aanvraag. Levering binnen 5 werkdagen.</p>",Lichtplein,VOLTA,"VOLTA,B2B,Data en media",TRUE,Title,Default Title,LP-VO226,15.75,continue,manual,TRUE,TRUE,https://lichtplein.nl/img/p/lp-vo226-1-l.webp,1,active
lp-vo226,,,,,,,,,,,,,,,https://lichtplein.nl/img/p/lp-vo226-2-l.webp,2,
lp-vo227,"Netwerkaansluiting 2x RJ45 CAT6, zand","<p>Schakelmateriaal met een tijdloos design en ruime keuze in afwerkingen, van wit en zand tot antraciet, metallic, glas en hout. Mechanismen en afdekramen apart leverbaar zodat u per project combineert. CE-gecertificeerd, geschikt voor de standaard Europese inbouwdoos.</p><ul><li>CE-gecertificeerd</li><li>Schroefklem</li><li>Past in standaard inbouwdoos</li></ul><h3>Specificaties</h3><table><tr><td>Montage</td><td>Inbouw</td></tr><tr><td>IP-klasse</td><td>IP20</td></tr><tr><td>Kleur</td><td>zand</td></tr></table><p>Minimale afname 10 stuks. Projectprijs vanaf 100 stuks op aanvraag. Levering binnen 5 werkdagen.</p>",Lichtplein,VOLTA,"VOLTA,B2B,Data en media",TRUE,Title,Default Title,LP-VO227,26.15,continue,manual,TRUE,TRUE,https://lichtplein.nl/img/p/lp-vo227-1-l.webp,1,active
lp-vo227,,,,,,,,,,,,,,,https://lichtplein.nl/img/p/lp-vo227-2-l.webp,2,
lp-vo228,"Aansluiting HDMI en USB, zand","<p>Schakelmateriaal met een tijdloos design en ruime keuze in afwerkingen, van wit en zand tot antraciet, metallic, glas en hout. Mechanismen en afdekramen apart leverbaar zodat u per project combineert. CE-gecertificeerd, geschikt voor de standaard Europese inbouwdoos.</p><ul><li>CE-gecertificeerd</li><li>Schroefklem</li><li>Past in standaard inbouwdoos</li></ul><h3>Specificaties</h3><table><tr><td>Montage</td><td>Inbouw</td></tr><tr><td>IP-klasse</td><td>IP20</td></tr><tr><td>Kleur</td><td>zand</td></tr></table><p>Minimale afname 10 stuks. Projectprijs vanaf 100 stuks op aanvraag. Levering binnen 5 werkdagen.</p>",Lichtplein,VOLTA,"VOLTA,B2B,Data en media",TRUE,Title,Default Title,LP-VO228,36.75,continue,manual,TRUE,TRUE,,,active
lp-vo229,"Luidsprekeraansluiting enkel, zand","<p>Schakelmateriaal met een tijdloos design en ruime keuze in afwerkingen, van wit en zand tot antraciet, metallic, glas en hout. Mechanismen en afdekramen apart leverbaar zodat u per project combineert. CE-gecertificeerd, geschikt voor de standaard Europese inbouwdoos.</p><ul><li>CE-gecertificeerd</li><li>Schroefklem</li><li>Past in standaard inbouwdoos</li></ul><h3>Specificaties</h3><table><tr><td>Montage</td><td>Inbouw</td></tr><tr><td>IP-klasse</td><td>IP20</td></tr><tr><td>Kleur</td><td>zand</td></tr></table><p>Minimale afname 10 stuks. Projectprijs vanaf 100 stuks op aanvraag. Levering binnen 5 werkdagen.</p>",Lichtplein,VOLTA,"VOLTA,B2B,Data en media",TRUE,Title,Default Title,LP-VO229,16.19,continue,manual,TRUE,TRUE,https://lichtplein.nl/img/p/lp-vo229-1-l.webp,1,active
lp-vo229,,,,,,,,,,,,,,,https://lichtplein.nl/img/p/lp-vo229-2-l.webp,2,
lp-vo230,"Luidsprekeraansluiting dubbel, zand","<p>Schakelmateriaal met een tijdloos design en ruime keuze in afwerkingen, van wit en zand tot antraciet, metallic, glas en hout. Mechanismen en afdekramen apart leverbaar zodat u per project combineert. CE-gecertificeerd, geschikt voor de standaard Europese inbouwdoos.</p><ul><li>CE-gecertificeerd</li><li>Schroefklem</li><li>Past in standaard inbouwdoos</li></ul><h3>Specificaties</h3><table><tr><td>Montage</td><td>Inbouw</td></tr><tr><td>IP-klasse</td><td>IP20</td></tr><tr><td>Kleur</td><td>zand</td></tr></table><p>Minimale afname 10 stuks. Projectprijs vanaf 100 stuks op aanvraag. Levering binnen 5 werkdagen.</p>",Lichtplein,VOLTA,"VOLTA,B2B,Data en media",TRUE,Title,Default Title,LP-VO230,20.49,continue,manual,TRUE,TRUE,https://lichtplein.nl/img/p/lp-vo230-1-l.webp,1,active
lp-vo230,,,,,,,,,,,,,,,https://lichtplein.nl/img/p/lp-vo230-2-l.webp,2,
lp-vo231,"Blindplaat, zand","<p>Schakelmateriaal met een tijdloos design en ruime keuze in afwerkingen, van wit en zand tot antraciet, metallic, glas en hout. Mechanismen en afdekramen apart leverbaar zodat u per project combineert. CE-gecertificeerd, geschikt voor de standaard Europese inbouwdoos.</p><ul><li>CE-gecertificeerd</li><li>Standaard Europese maatvoering</li><li>Direct uit voorraad</li></ul><h3>Specificaties</h3><table><tr><td>Montage</td><td>Inbouw</td></tr><tr><td>IP-klasse</td><td>IP20</td></tr><tr><td>Kleur</td><td>zand</td></tr></table><p>Minimale afname 10 stuks. Projectprijs vanaf 100 stuks op aanvraag. Levering binnen 5 werkdagen.</p>",Lichtplein,VOLTA,"VOLTA,B2B,Afwerking",TRUE,Title,Default Title,LP-VO231,6.45,continue,manual,TRUE,TRUE,https://lichtplein.nl/img/p/lp-vo231-1-l.webp,1,active
lp-vo231,,,,,,,,,,,,,,,https://lichtplein.nl/img/p/lp-vo231-2-l.webp,2,
lp-vo232,"Opbouwdoos 1-voudig, zand","<p>Schakelmateriaal met een tijdloos design en ruime keuze in afwerkingen, van wit en zand tot antraciet, metallic, glas en hout. Mechanismen en afdekramen apart leverbaar zodat u per project combineert. CE-gecertificeerd, geschikt voor de standaard Europese inbouwdoos.</p><ul><li>CE-gecertificeerd</li><li>Standaard Europese maatvoering</li><li>Direct uit voorraad</li></ul><h3>Specificaties</h3><table><tr><td>Kleur</td><td>zand</td></tr></table><p>Minimale afname 10 stuks. Projectprijs vanaf 100 stuks op aanvraag. Levering binnen 5 werkdagen.</p>",Lichtplein,VOLTA,"VOLTA,B2B,Opbouwdozen",TRUE,Title,Default Title,LP-VO232,7.19,continue,manual,TRUE,TRUE,https://lichtplein.nl/img/p/lp-vo232-1-l.webp,1,active
lp-vo233,"Opbouwdoos 2-voudig, zand","<p>Schakelmateriaal met een tijdloos design en ruime keuze in afwerkingen, van wit en zand tot antraciet, metallic, glas en hout. Mechanismen en afdekramen apart leverbaar zodat u per project combineert. CE-gecertificeerd, geschikt voor de standaard Europese inbouwdoos.</p><ul><li>CE-gecertificeerd</li><li>Standaard Europese maatvoering</li><li>Direct uit voorraad</li></ul><h3>Specificaties</h3><table><tr><td>Kleur</td><td>zand</td></tr></table><p>Minimale afname 10 stuks. Projectprijs vanaf 100 stuks op aanvraag. Levering binnen 5 werkdagen.</p>",Lichtplein,VOLTA,"VOLTA,B2B,Opbouwdozen",TRUE,Title,Default Title,LP-VO233,9.75,continue,manual,TRUE,TRUE,https://lichtplein.nl/img/p/lp-vo233-1-l.webp,1,active
lp-vo234,"Afdekplaat 1x RJ45 keystone, zand","<p>Schakelmateriaal met een tijdloos design en ruime keuze in afwerkingen, van wit en zand tot antraciet, metallic, glas en hout. Mechanismen en afdekramen apart leverbaar zodat u per project combineert. CE-gecertificeerd, geschikt voor de standaard Europese inbouwdoos.</p><ul><li>CE-gecertificeerd</li><li>Schroefklem</li><li>Past in standaard inbouwdoos</li></ul><h3>Specificaties</h3><table><tr><td>Montage</td><td>Inbouw</td></tr><tr><td>IP-klasse</td><td>IP20</td></tr><tr><td>Kleur</td><td>zand</td></tr></table><p>Minimale afname 10 stuks. Projectprijs vanaf 100 stuks op aanvraag. Levering binnen 5 werkdagen.</p>",Lichtplein,VOLTA,"VOLTA,B2B,Data en media",TRUE,Title,Default Title,LP-VO234,11.05,continue,manual,TRUE,TRUE,https://lichtplein.nl/img/p/lp-vo234-1-l.webp,1,active
lp-vo234,,,,,,,,,,,,,,,https://lichtplein.nl/img/p/lp-vo234-2-l.webp,2,
lp-vo235,"Afdekplaat 2x RJ45 keystone, zand","<p>Schakelmateriaal met een tijdloos design en ruime keuze in afwerkingen, van wit en zand tot antraciet, metallic, glas en hout. Mechanismen en afdekramen apart leverbaar zodat u per project combineert. CE-gecertificeerd, geschikt voor de standaard Europese inbouwdoos.</p><ul><li>CE-gecertificeerd</li><li>Schroefklem</li><li>Past in standaard inbouwdoos</li></ul><h3>Specificaties</h3><table><tr><td>Montage</td><td>Inbouw</td></tr><tr><td>IP-klasse</td><td>IP20</td></tr><tr><td>Kleur</td><td>zand</td></tr></table><p>Minimale afname 10 stuks. Projectprijs vanaf 100 stuks op aanvraag. Levering binnen 5 werkdagen.</p>",Lichtplein,VOLTA,"VOLTA,B2B,Data en media",TRUE,Title,Default Title,LP-VO235,11.05,continue,manual,TRUE,TRUE,https://lichtplein.nl/img/p/lp-vo235-1-l.webp,1,active
lp-vo235,,,,,,,,,,,,,,,https://lichtplein.nl/img/p/lp-vo235-2-l.webp,2,
lp-vo236,"Afdekplaat 1x RJ45 keystone, zand","<p>Schakelmateriaal met een tijdloos design en ruime keuze in afwerkingen, van wit en zand tot antraciet, metallic, glas en hout. Mechanismen en afdekramen apart leverbaar zodat u per project combineert. CE-gecertificeerd, geschikt voor de standaard Europese inbouwdoos.</p><ul><li>CE-gecertificeerd</li><li>Schroefklem</li><li>Past in standaard inbouwdoos</li></ul><h3>Specificaties</h3><table><tr><td>Montage</td><td>Inbouw</td></tr><tr><td>IP-klasse</td><td>IP20</td></tr><tr><td>Kleur</td><td>zand</td></tr></table><p>Minimale afname 10 stuks. Projectprijs vanaf 100 stuks op aanvraag. Levering binnen 5 werkdagen.</p>",Lichtplein,VOLTA,"VOLTA,B2B,Data en media",TRUE,Title,Default Title,LP-VO236,11.05,continue,manual,TRUE,TRUE,https://lichtplein.nl/img/p/lp-vo236-1-l.webp,1,active
lp-vo236,,,,,,,,,,,,,,,https://lichtplein.nl/img/p/lp-vo236-2-l.webp,2,
lp-vo237,"Afdekking voor TV-contactdoos (onderdeel), zand","<p>Schakelmateriaal met een tijdloos design en ruime keuze in afwerkingen, van wit en zand tot antraciet, metallic, glas en hout. Mechanismen en afdekramen apart leverbaar zodat u per project combineert. CE-gecertificeerd, geschikt voor de standaard Europese inbouwdoos.</p><ul><li>CE-gecertificeerd</li><li>Schroefklem</li><li>Past in standaard inbouwdoos</li></ul><h3>Specificaties</h3><table><tr><td>Montage</td><td>Inbouw</td></tr><tr><td>IP-klasse</td><td>IP20</td></tr><tr><td>Kleur</td><td>zand</td></tr></table><p>Minimale afname 10 stuks. Projectprijs vanaf 100 stuks op aanvraag. Levering binnen 5 werkdagen.</p>",Lichtplein,VOLTA,"VOLTA,B2B,Data en media",TRUE,Title,Default Title,LP-VO237,6.75,continue,manual,TRUE,TRUE,,,active
lp-vo238,"Afdekking voor TV-contactdoos (onderdeel), zand","<p>Schakelmateriaal met een tijdloos design en ruime keuze in afwerkingen, van wit en zand tot antraciet, metallic, glas en hout. Mechanismen en afdekramen apart leverbaar zodat u per project combineert. CE-gecertificeerd, geschikt voor de standaard Europese inbouwdoos.</p><ul><li>CE-gecertificeerd</li><li>Schroefklem</li><li>Past in standaard inbouwdoos</li></ul><h3>Specificaties</h3><table><tr><td>Montage</td><td>Inbouw</td></tr><tr><td>IP-klasse</td><td>IP20</td></tr><tr><td>Kleur</td><td>zand</td></tr></table><p>Minimale afname 10 stuks. Projectprijs vanaf 100 stuks op aanvraag. Levering binnen 5 werkdagen.</p>",Lichtplein,VOLTA,"VOLTA,B2B,Data en media",TRUE,Title,Default Title,LP-VO238,6.75,continue,manual,TRUE,TRUE,,,active
lp-vo239,"Afdekraam 1-voudig SlimLine, zand","<p>Schakelmateriaal met een tijdloos design en ruime keuze in afwerkingen, van wit en zand tot antraciet, metallic, glas en hout. Mechanismen en afdekramen apart leverbaar zodat u per project combineert. CE-gecertificeerd, geschikt voor de standaard Europese inbouwdoos.</p><ul><li>CE-gecertificeerd</li><li>Standaard Europese maatvoering</li><li>Direct uit voorraad</li></ul><h3>Specificaties</h3><table><tr><td>Kleur</td><td>zand</td></tr></table><p>Minimale afname 10 stuks. Projectprijs vanaf 100 stuks op aanvraag. Levering binnen 5 werkdagen.</p>",Lichtplein,VOLTA,"VOLTA,B2B,Afdekramen",TRUE,Title,Default Title,LP-VO239,2.25,continue,manual,TRUE,TRUE,https://lichtplein.nl/img/p/lp-vo239-1-l.webp,1,active
lp-vo240,"Afdekraam 2-voudig SlimLine, zand","<p>Schakelmateriaal met een tijdloos design en ruime keuze in afwerkingen, van wit en zand tot antraciet, metallic, glas en hout. Mechanismen en afdekramen apart leverbaar zodat u per project combineert. CE-gecertificeerd, geschikt voor de standaard Europese inbouwdoos.</p><ul><li>CE-gecertificeerd</li><li>Standaard Europese maatvoering</li><li>Direct uit voorraad</li></ul><h3>Specificaties</h3><table><tr><td>Kleur</td><td>zand</td></tr></table><p>Minimale afname 10 stuks. Projectprijs vanaf 100 stuks op aanvraag. Levering binnen 5 werkdagen.</p>",Lichtplein,VOLTA,"VOLTA,B2B,Afdekramen",TRUE,Title,Default Title,LP-VO240,3.65,continue,manual,TRUE,TRUE,https://lichtplein.nl/img/p/lp-vo240-1-l.webp,1,active
lp-vo241,"Afdekraam 3-voudig SlimLine, zand","<p>Schakelmateriaal met een tijdloos design en ruime keuze in afwerkingen, van wit en zand tot antraciet, metallic, glas en hout. Mechanismen en afdekramen apart leverbaar zodat u per project combineert. CE-gecertificeerd, geschikt voor de standaard Europese inbouwdoos.</p><ul><li>CE-gecertificeerd</li><li>Standaard Europese maatvoering</li><li>Direct uit voorraad</li></ul><h3>Specificaties</h3><table><tr><td>Kleur</td><td>zand</td></tr></table><p>Minimale afname 10 stuks. Projectprijs vanaf 100 stuks op aanvraag. Levering binnen 5 werkdagen.</p>",Lichtplein,VOLTA,"VOLTA,B2B,Afdekramen",TRUE,Title,Default Title,LP-VO241,5.35,continue,manual,TRUE,TRUE,https://lichtplein.nl/img/p/lp-vo241-1-l.webp,1,active
lp-vo242,"Afdekraam 4-voudig SlimLine, zand","<p>Schakelmateriaal met een tijdloos design en ruime keuze in afwerkingen, van wit en zand tot antraciet, metallic, glas en hout. Mechanismen en afdekramen apart leverbaar zodat u per project combineert. CE-gecertificeerd, geschikt voor de standaard Europese inbouwdoos.</p><ul><li>CE-gecertificeerd</li><li>Standaard Europese maatvoering</li><li>Direct uit voorraad</li></ul><h3>Specificaties</h3><table><tr><td>Kleur</td><td>zand</td></tr></table><p>Minimale afname 10 stuks. Projectprijs vanaf 100 stuks op aanvraag. Levering binnen 5 werkdagen.</p>",Lichtplein,VOLTA,"VOLTA,B2B,Afdekramen",TRUE,Title,Default Title,LP-VO242,7.15,continue,manual,TRUE,TRUE,https://lichtplein.nl/img/p/lp-vo242-1-l.webp,1,active
lp-vo243,"Afdekraam 5-voudig SlimLine, zand","<p>Schakelmateriaal met een tijdloos design en ruime keuze in afwerkingen, van wit en zand tot antraciet, metallic, glas en hout. Mechanismen en afdekramen apart leverbaar zodat u per project combineert. CE-gecertificeerd, geschikt voor de standaard Europese inbouwdoos.</p><ul><li>CE-gecertificeerd</li><li>Standaard Europese maatvoering</li><li>Direct uit voorraad</li></ul><h3>Specificaties</h3><table><tr><td>Kleur</td><td>zand</td></tr></table><p>Minimale afname 10 stuks. Projectprijs vanaf 100 stuks op aanvraag. Levering binnen 5 werkdagen.</p>",Lichtplein,VOLTA,"VOLTA,B2B,Afdekramen",TRUE,Title,Default Title,LP-VO243,10.39,continue,manual,TRUE,TRUE,https://lichtplein.nl/img/p/lp-vo243-1-l.webp,1,active
lp-vo244,"Afdekraam 6-voudig SlimLine, zand","<p>Schakelmateriaal met een tijdloos design en ruime keuze in afwerkingen, van wit en zand tot antraciet, metallic, glas en hout. Mechanismen en afdekramen apart leverbaar zodat u per project combineert. CE-gecertificeerd, geschikt voor de standaard Europese inbouwdoos.</p><ul><li>CE-gecertificeerd</li><li>Standaard Europese maatvoering</li><li>Direct uit voorraad</li></ul><h3>Specificaties</h3><table><tr><td>Kleur</td><td>zand</td></tr></table><p>Minimale afname 10 stuks. Projectprijs vanaf 100 stuks op aanvraag. Levering binnen 5 werkdagen.</p>",Lichtplein,VOLTA,"VOLTA,B2B,Afdekramen",TRUE,Title,Default Title,LP-VO244,12.09,continue,manual,TRUE,TRUE,https://lichtplein.nl/img/p/lp-vo244-1-l.webp,1,active
lp-vo245,"Afdekraam 1-voudig Classic, zand","<p>Schakelmateriaal met een tijdloos design en ruime keuze in afwerkingen, van wit en zand tot antraciet, metallic, glas en hout. Mechanismen en afdekramen apart leverbaar zodat u per project combineert. CE-gecertificeerd, geschikt voor de standaard Europese inbouwdoos.</p><ul><li>CE-gecertificeerd</li><li>Standaard Europese maatvoering</li><li>Direct uit voorraad</li></ul><h3>Specificaties</h3><table><tr><td>Kleur</td><td>zand</td></tr></table><p>Minimale afname 10 stuks. Projectprijs vanaf 100 stuks op aanvraag. Levering binnen 5 werkdagen.</p>",Lichtplein,VOLTA,"VOLTA,B2B,Afdekramen",TRUE,Title,Default Title,LP-VO245,2.29,continue,manual,TRUE,TRUE,https://lichtplein.nl/img/p/lp-vo245-1-l.webp,1,active
lp-vo246,"Afdekraam 2-voudig Classic, zand","<p>Schakelmateriaal met een tijdloos design en ruime keuze in afwerkingen, van wit en zand tot antraciet, metallic, glas en hout. Mechanismen en afdekramen apart leverbaar zodat u per project combineert. CE-gecertificeerd, geschikt voor de standaard Europese inbouwdoos.</p><ul><li>CE-gecertificeerd</li><li>Standaard Europese maatvoering</li><li>Direct uit voorraad</li></ul><h3>Specificaties</h3><table><tr><td>Kleur</td><td>zand</td></tr></table><p>Minimale afname 10 stuks. Projectprijs vanaf 100 stuks op aanvraag. Levering binnen 5 werkdagen.</p>",Lichtplein,VOLTA,"VOLTA,B2B,Afdekramen",TRUE,Title,Default Title,LP-VO246,3.65,continue,manual,TRUE,TRUE,https://lichtplein.nl/img/p/lp-vo246-1-l.webp,1,active
lp-vo247,"Afdekraam 3-voudig Classic, zand","<p>Schakelmateriaal met een tijdloos design en ruime keuze in afwerkingen, van wit en zand tot antraciet, metallic, glas en hout. Mechanismen en afdekramen apart leverbaar zodat u per project combineert. CE-gecertificeerd, geschikt voor de standaard Europese inbouwdoos.</p><ul><li>CE-gecertificeerd</li><li>Standaard Europese maatvoering</li><li>Direct uit voorraad</li></ul><h3>Specificaties</h3><table><tr><td>Kleur</td><td>zand</td></tr></table><p>Minimale afname 10 stuks. Projectprijs vanaf 100 stuks op aanvraag. Levering binnen 5 werkdagen.</p>",Lichtplein,VOLTA,"VOLTA,B2B,Afdekramen",TRUE,Title,Default Title,LP-VO247,5.35,continue,manual,TRUE,TRUE,https://lichtplein.nl/img/p/lp-vo247-1-l.webp,1,active
lp-vo248,"Afdekraam 4-voudig Classic, zand","<p>Schakelmateriaal met een tijdloos design en ruime keuze in afwerkingen, van wit en zand tot antraciet, metallic, glas en hout. Mechanismen en afdekramen apart leverbaar zodat u per project combineert. CE-gecertificeerd, geschikt voor de standaard Europese inbouwdoos.</p><ul><li>CE-gecertificeerd</li><li>Standaard Europese maatvoering</li><li>Direct uit voorraad</li></ul><h3>Specificaties</h3><table><tr><td>Kleur</td><td>zand</td></tr></table><p>Minimale afname 10 stuks. Projectprijs vanaf 100 stuks op aanvraag. Levering binnen 5 werkdagen.</p>",Lichtplein,VOLTA,"VOLTA,B2B,Afdekramen",TRUE,Title,Default Title,LP-VO248,7.25,continue,manual,TRUE,TRUE,https://lichtplein.nl/img/p/lp-vo248-1-l.webp,1,active
lp-vo249,"Afdekraam 5-voudig Classic, zand","<p>Schakelmateriaal met een tijdloos design en ruime keuze in afwerkingen, van wit en zand tot antraciet, metallic, glas en hout. Mechanismen en afdekramen apart leverbaar zodat u per project combineert. CE-gecertificeerd, geschikt voor de standaard Europese inbouwdoos.</p><ul><li>CE-gecertificeerd</li><li>Standaard Europese maatvoering</li><li>Direct uit voorraad</li></ul><h3>Specificaties</h3><table><tr><td>Kleur</td><td>zand</td></tr></table><p>Minimale afname 10 stuks. Projectprijs vanaf 100 stuks op aanvraag. Levering binnen 5 werkdagen.</p>",Lichtplein,VOLTA,"VOLTA,B2B,Afdekramen",TRUE,Title,Default Title,LP-VO249,10.49,continue,manual,TRUE,TRUE,https://lichtplein.nl/img/p/lp-vo249-1-l.webp,1,active
lp-vo250,"Afdekraam 6-voudig Classic, zand","<p>Schakelmateriaal met een tijdloos design en ruime keuze in afwerkingen, van wit en zand tot antraciet, metallic, glas en hout. Mechanismen en afdekramen apart leverbaar zodat u per project combineert. CE-gecertificeerd, geschikt voor de standaard Europese inbouwdoos.</p><ul><li>CE-gecertificeerd</li><li>Standaard Europese maatvoering</li><li>Direct uit voorraad</li></ul><h3>Specificaties</h3><table><tr><td>Kleur</td><td>zand</td></tr></table><p>Minimale afname 10 stuks. Projectprijs vanaf 100 stuks op aanvraag. Levering binnen 5 werkdagen.</p>",Lichtplein,VOLTA,"VOLTA,B2B,Afdekramen",TRUE,Title,Default Title,LP-VO250,12.19,continue,manual,TRUE,TRUE,https://lichtplein.nl/img/p/lp-vo250-1-l.webp,1,active
lp-vo251,"Enkelpolige schakelaar, bruin","<p>Schakelmateriaal met een tijdloos design en ruime keuze in afwerkingen, van wit en zand tot antraciet, metallic, glas en hout. Mechanismen en afdekramen apart leverbaar zodat u per project combineert. CE-gecertificeerd, geschikt voor de standaard Europese inbouwdoos.</p><ul><li>CE-gecertificeerd</li><li>Veerklem, snelle montage</li><li>Past in standaard inbouwdoos</li></ul><h3>Specificaties</h3><table><tr><td>Montage</td><td>Inbouw</td></tr><tr><td>IP-klasse</td><td>IP20</td></tr><tr><td>Afdekraam</td><td>Zonder afdekraam (apart bestellen)</td></tr><tr><td>Nominale stroom</td><td>10 A</td></tr><tr><td>Aansluitklem</td><td>Veerklem (snelaansluiting)</td></tr><tr><td>Kleur</td><td>bruin</td></tr><tr><td>Spanning</td><td>230 V</td></tr></table><p>Minimale afname 10 stuks. Projectprijs vanaf 100 stuks op aanvraag. Levering binnen 5 werkdagen.</p>",Lichtplein,VOLTA,"VOLTA,B2B,Schakelaars",TRUE,Title,Default Title,LP-VO251,11.65,continue,manual,TRUE,TRUE,https://lichtplein.nl/img/p/lp-vo251-1-l.webp,1,active
lp-vo252,"Serieschakelaar (2-voudig), bruin","<p>Schakelmateriaal met een tijdloos design en ruime keuze in afwerkingen, van wit en zand tot antraciet, metallic, glas en hout. Mechanismen en afdekramen apart leverbaar zodat u per project combineert. CE-gecertificeerd, geschikt voor de standaard Europese inbouwdoos.</p><ul><li>CE-gecertificeerd</li><li>Veerklem, snelle montage</li><li>Past in standaard inbouwdoos</li></ul><h3>Specificaties</h3><table><tr><td>Montage</td><td>Inbouw</td></tr><tr><td>IP-klasse</td><td>IP20</td></tr><tr><td>Afdekraam</td><td>Zonder afdekraam (apart bestellen)</td></tr><tr><td>Nominale stroom</td><td>10 A</td></tr><tr><td>Aansluitklem</td><td>Veerklem (snelaansluiting)</td></tr><tr><td>Kleur</td><td>bruin</td></tr><tr><td>Spanning</td><td>230 V</td></tr></table><p>Minimale afname 10 stuks. Projectprijs vanaf 100 stuks op aanvraag. Levering binnen 5 werkdagen.</p>",Lichtplein,VOLTA,"VOLTA,B2B,Schakelaars",TRUE,Title,Default Title,LP-VO252,14.75,continue,manual,TRUE,TRUE,https://lichtplein.nl/img/p/lp-vo252-1-l.webp,1,active
lp-vo253,"Wandcontactdoos met USB-lader 3,4A, bruin","<p>Schakelmateriaal met een tijdloos design en ruime keuze in afwerkingen, van wit en zand tot antraciet, metallic, glas en hout. Mechanismen en afdekramen apart leverbaar zodat u per project combineert. CE-gecertificeerd, geschikt voor de standaard Europese inbouwdoos.</p><ul><li>CE-gecertificeerd</li><li>Schroefklem</li><li>Past in standaard inbouwdoos</li></ul><h3>Specificaties</h3><table><tr><td>USB</td><td>2x USB-A, 3,4 A totaal</td></tr><tr><td>Montage</td><td>Inbouw</td></tr><tr><td>IP-klasse</td><td>IP20</td></tr><tr><td>Afdekraam</td><td>Zonder afdekraam (apart bestellen)</td></tr><tr><td>Kleur</td><td>bruin</td></tr><tr><td>Spanning</td><td>230 V</td></tr></table><p>Minimale afname 10 stuks. Projectprijs vanaf 100 stuks op aanvraag. Levering binnen 5 werkdagen.</p>",Lichtplein,VOLTA,"VOLTA,B2B,Wandcontactdozen",TRUE,Title,Default Title,LP-VO253,81.05,continue,manual,TRUE,TRUE,https://lichtplein.nl/img/p/lp-vo253-1-l.webp,1,active
lp-vo254,"Wandcontactdoos met randaarde, bruin","<p>Schakelmateriaal met een tijdloos design en ruime keuze in afwerkingen, van wit en zand tot antraciet, metallic, glas en hout. Mechanismen en afdekramen apart leverbaar zodat u per project combineert. CE-gecertificeerd, geschikt voor de standaard Europese inbouwdoos.</p><ul><li>CE-gecertificeerd</li><li>Veerklem, snelle montage</li><li>Past in standaard inbouwdoos</li></ul><h3>Specificaties</h3><table><tr><td>Nominale stroom</td><td>16 A</td></tr><tr><td>Montage</td><td>Inbouw</td></tr><tr><td>IP-klasse</td><td>IP20</td></tr><tr><td>Afdekraam</td><td>Zonder afdekraam (apart bestellen)</td></tr><tr><td>Aansluitklem</td><td>Veerklem (snelaansluiting)</td></tr><tr><td>Kleur</td><td>bruin</td></tr><tr><td>Spanning</td><td>230 V</td></tr></table><p>Minimale afname 10 stuks. Projectprijs vanaf 100 stuks op aanvraag. Levering binnen 5 werkdagen.</p>",Lichtplein,VOLTA,"VOLTA,B2B,Wandcontactdozen",TRUE,Title,Default Title,LP-VO254,11.15,continue,manual,TRUE,TRUE,https://lichtplein.nl/img/p/lp-vo254-1-l.webp,1,active
lp-vo255,"Wandcontactdoos met randaarde, bruin, set van 10","<p>Schakelmateriaal met een tijdloos design en ruime keuze in afwerkingen, van wit en zand tot antraciet, metallic, glas en hout. Mechanismen en afdekramen apart leverbaar zodat u per project combineert. CE-gecertificeerd, geschikt voor de standaard Europese inbouwdoos.</p><ul><li>CE-gecertificeerd</li><li>Veerklem, snelle montage</li><li>Past in standaard inbouwdoos</li></ul><h3>Specificaties</h3><table><tr><td>Nominale stroom</td><td>16 A</td></tr><tr><td>Montage</td><td>Inbouw</td></tr><tr><td>IP-klasse</td><td>IP20</td></tr><tr><td>Afdekraam</td><td>Zonder afdekraam (apart bestellen)</td></tr><tr><td>Aansluitklem</td><td>Veerklem (snelaansluiting)</td></tr><tr><td>Kleur</td><td>bruin</td></tr><tr><td>Spanning</td><td>230 V</td></tr><tr><td>Verpakking</td><td>10 stuks</td></tr></table><p>Minimale afname 1 set. Projectprijs vanaf 100 stuks op aanvraag. Levering binnen 5 werkdagen.</p>",Lichtplein,VOLTA,"VOLTA,B2B,Wandcontactdozen",TRUE,Title,Default Title,LP-VO255,105.00,continue,manual,TRUE,TRUE,https://lichtplein.nl/img/p/lp-vo255-1-l.webp,1,active
lp-vo256,"Wandcontactdoos met randaarde met klapdeksel, bruin","<p>Schakelmateriaal met een tijdloos design en ruime keuze in afwerkingen, van wit en zand tot antraciet, metallic, glas en hout. Mechanismen en afdekramen apart leverbaar zodat u per project combineert. CE-gecertificeerd, geschikt voor de standaard Europese inbouwdoos.</p><ul><li>CE-gecertificeerd</li><li>Veerklem, snelle montage</li><li>Past in standaard inbouwdoos</li></ul><h3>Specificaties</h3><table><tr><td>Nominale stroom</td><td>16 A</td></tr><tr><td>Montage</td><td>Inbouw</td></tr><tr><td>IP-klasse</td><td>IP44</td></tr><tr><td>Afdekraam</td><td>Zonder afdekraam (apart bestellen)</td></tr><tr><td>Aansluitklem</td><td>Veerklem (snelaansluiting)</td></tr><tr><td>Kleur</td><td>bruin</td></tr><tr><td>Spanning</td><td>230 V</td></tr></table><p>Minimale afname 10 stuks. Projectprijs vanaf 100 stuks op aanvraag. Levering binnen 5 werkdagen.</p>",Lichtplein,VOLTA,"VOLTA,B2B,Wandcontactdozen",TRUE,Title,Default Title,LP-VO256,14.15,continue,manual,TRUE,TRUE,https://lichtplein.nl/img/p/lp-vo256-1-l.webp,1,active
lp-vo257,"Wandcontactdoos met randaarde met klapdeksel, bruin, set van 10","<p>Schakelmateriaal met een tijdloos design en ruime keuze in afwerkingen, van wit en zand tot antraciet, metallic, glas en hout. Mechanismen en afdekramen apart leverbaar zodat u per project combineert. CE-gecertificeerd, geschikt voor de standaard Europese inbouwdoos.</p><ul><li>CE-gecertificeerd</li><li>Veerklem, snelle montage</li><li>Past in standaard inbouwdoos</li></ul><h3>Specificaties</h3><table><tr><td>Nominale stroom</td><td>16 A</td></tr><tr><td>Montage</td><td>Inbouw</td></tr><tr><td>IP-klasse</td><td>IP44</td></tr><tr><td>Afdekraam</td><td>Zonder afdekraam (apart bestellen)</td></tr><tr><td>Aansluitklem</td><td>Veerklem (snelaansluiting)</td></tr><tr><td>Kleur</td><td>bruin</td></tr><tr><td>Spanning</td><td>230 V</td></tr><tr><td>Verpakking</td><td>10 stuks</td></tr></table><p>Minimale afname 1 set. Projectprijs vanaf 100 stuks op aanvraag. Levering binnen 5 werkdagen.</p>",Lichtplein,VOLTA,"VOLTA,B2B,Wandcontactdozen",TRUE,Title,Default Title,LP-VO257,129.00,continue,manual,TRUE,TRUE,https://lichtplein.nl/img/p/lp-vo257-1-l.webp,1,active
lp-vo258,"Dubbele wandcontactdoos zonder randaarde, bruin","<p>Schakelmateriaal met een tijdloos design en ruime keuze in afwerkingen, van wit en zand tot antraciet, metallic, glas en hout. Mechanismen en afdekramen apart leverbaar zodat u per project combineert. CE-gecertificeerd, geschikt voor de standaard Europese inbouwdoos.</p><ul><li>CE-gecertificeerd</li><li>Schroefklem</li><li>Past in standaard inbouwdoos</li></ul><h3>Specificaties</h3><table><tr><td>Nominale stroom</td><td>16 A</td></tr><tr><td>Montage</td><td>Inbouw</td></tr><tr><td>IP-klasse</td><td>IP20</td></tr><tr><td>Afdekraam</td><td>Inclusief afdekraam</td></tr><tr><td>Aansluitklem</td><td>Schroefklem</td></tr><tr><td>Kleur</td><td>bruin</td></tr><tr><td>Spanning</td><td>230 V</td></tr></table><p>Minimale afname 10 stuks. Projectprijs vanaf 100 stuks op aanvraag. Levering binnen 5 werkdagen.</p>",Lichtplein,VOLTA,"VOLTA,B2B,Wandcontactdozen",TRUE,Title,Default Title,LP-VO258,13.75,continue,manual,TRUE,TRUE,https://lichtplein.nl/img/p/lp-vo258-1-l.webp,1,active
lp-vo259,"Dubbele wandcontactdoos met randaarde, bruin","<p>Schakelmateriaal met een tijdloos design en ruime keuze in afwerkingen, van wit en zand tot antraciet, metallic, glas en hout. Mechanismen en afdekramen apart leverbaar zodat u per project combineert. CE-gecertificeerd, geschikt voor de standaard Europese inbouwdoos.</p><ul><li>CE-gecertificeerd</li><li>Schroefklem</li><li>Past in standaard inbouwdoos</li></ul><h3>Specificaties</h3><table><tr><td>Nominale stroom</td><td>16 A</td></tr><tr><td>Montage</td><td>Inbouw</td></tr><tr><td>IP-klasse</td><td>IP20</td></tr><tr><td>Afdekraam</td><td>Inclusief afdekraam</td></tr><tr><td>Aansluitklem</td><td>Schroefklem</td></tr><tr><td>Kleur</td><td>bruin</td></tr><tr><td>Spanning</td><td>230 V</td></tr></table><p>Minimale afname 10 stuks. Projectprijs vanaf 100 stuks op aanvraag. Levering binnen 5 werkdagen.</p>",Lichtplein,VOLTA,"VOLTA,B2B,Wandcontactdozen",TRUE,Title,Default Title,LP-VO259,18.05,continue,manual,TRUE,TRUE,https://lichtplein.nl/img/p/lp-vo259-1-l.webp,1,active
lp-vo260,"Wandcontactdoos zonder randaarde, bruin","<p>Schakelmateriaal met een tijdloos design en ruime keuze in afwerkingen, van wit en zand tot antraciet, metallic, glas en hout. Mechanismen en afdekramen apart leverbaar zodat u per project combineert. CE-gecertificeerd, geschikt voor de standaard Europese inbouwdoos.</p><ul><li>CE-gecertificeerd</li><li>Schroefklem</li><li>Past in standaard inbouwdoos</li></ul><h3>Specificaties</h3><table><tr><td>Nominale stroom</td><td>16 A</td></tr><tr><td>Montage</td><td>Inbouw</td></tr><tr><td>IP-klasse</td><td>IP20</td></tr><tr><td>Afdekraam</td><td>Zonder afdekraam (apart bestellen)</td></tr><tr><td>Aansluitklem</td><td>Schroefklem</td></tr><tr><td>Kleur</td><td>bruin</td></tr><tr><td>Spanning</td><td>230 V</td></tr></table><p>Minimale afname 10 stuks. Projectprijs vanaf 100 stuks op aanvraag. Levering binnen 5 werkdagen.</p>",Lichtplein,VOLTA,"VOLTA,B2B,Wandcontactdozen",TRUE,Title,Default Title,LP-VO260,8.45,continue,manual,TRUE,TRUE,https://lichtplein.nl/img/p/lp-vo260-1-l.webp,1,active
lp-vo261,"Wandcontactdoos met randaarde, bruin","<p>Schakelmateriaal met een tijdloos design en ruime keuze in afwerkingen, van wit en zand tot antraciet, metallic, glas en hout. Mechanismen en afdekramen apart leverbaar zodat u per project combineert. CE-gecertificeerd, geschikt voor de standaard Europese inbouwdoos.</p><ul><li>CE-gecertificeerd</li><li>Schroefklem</li><li>Past in standaard inbouwdoos</li></ul><h3>Specificaties</h3><table><tr><td>Nominale stroom</td><td>16 A</td></tr><tr><td>Montage</td><td>Inbouw</td></tr><tr><td>IP-klasse</td><td>IP20</td></tr><tr><td>Afdekraam</td><td>Zonder afdekraam (apart bestellen)</td></tr><tr><td>Aansluitklem</td><td>Schroefklem</td></tr><tr><td>Kleur</td><td>bruin</td></tr><tr><td>Spanning</td><td>230 V</td></tr></table><p>Minimale afname 10 stuks. Projectprijs vanaf 100 stuks op aanvraag. Levering binnen 5 werkdagen.</p>",Lichtplein,VOLTA,"VOLTA,B2B,Wandcontactdozen",TRUE,Title,Default Title,LP-VO261,9.09,continue,manual,TRUE,TRUE,https://lichtplein.nl/img/p/lp-vo261-1-l.webp,1,active
lp-vo262,"Wandcontactdoos met randaarde met klapdeksel, bruin","<p>Schakelmateriaal met een tijdloos design en ruime keuze in afwerkingen, van wit en zand tot antraciet, metallic, glas en hout. Mechanismen en afdekramen apart leverbaar zodat u per project combineert. CE-gecertificeerd, geschikt voor de standaard Europese inbouwdoos.</p><ul><li>CE-gecertificeerd</li><li>Schroefklem</li><li>Past in standaard inbouwdoos</li></ul><h3>Specificaties</h3><table><tr><td>Nominale stroom</td><td>16 A</td></tr><tr><td>Montage</td><td>Inbouw</td></tr><tr><td>IP-klasse</td><td>IP44</td></tr><tr><td>Afdekraam</td><td>Zonder afdekraam (apart bestellen)</td></tr><tr><td>Aansluitklem</td><td>Schroefklem</td></tr><tr><td>Kleur</td><td>bruin</td></tr><tr><td>Spanning</td><td>230 V</td></tr></table><p>Minimale afname 10 stuks. Projectprijs vanaf 100 stuks op aanvraag. Levering binnen 5 werkdagen.</p>",Lichtplein,VOLTA,"VOLTA,B2B,Wandcontactdozen",TRUE,Title,Default Title,LP-VO262,13.35,continue,manual,TRUE,TRUE,https://lichtplein.nl/img/p/lp-vo262-1-l.webp,1,active
lp-vo263,"Draadloze schakelset, zender en ontvanger, bruin","<p>Schakelmateriaal met een tijdloos design en ruime keuze in afwerkingen, van wit en zand tot antraciet, metallic, glas en hout. Mechanismen en afdekramen apart leverbaar zodat u per project combineert. CE-gecertificeerd, geschikt voor de standaard Europese inbouwdoos.</p><ul><li>CE-gecertificeerd</li><li>Schroefklem</li><li>Past in standaard inbouwdoos</li></ul><h3>Specificaties</h3><table><tr><td>Montage</td><td>Inbouw</td></tr><tr><td>IP-klasse</td><td>IP20</td></tr><tr><td>Kleur</td><td>bruin</td></tr></table><p>Minimale afname 10 stuks. Projectprijs vanaf 100 stuks op aanvraag. Levering binnen 5 werkdagen.</p>",Lichtplein,VOLTA,"VOLTA,B2B,Draadloos schakelen",TRUE,Title,Default Title,LP-VO263,145.00,continue,manual,TRUE,TRUE,https://lichtplein.nl/img/p/lp-vo263-1-l.webp,1,active
lp-vo264,"Draaidimmer 40-400W, bruin","<p>Schakelmateriaal met een tijdloos design en ruime keuze in afwerkingen, van wit en zand tot antraciet, metallic, glas en hout. Mechanismen en afdekramen apart leverbaar zodat u per project combineert. CE-gecertificeerd, geschikt voor de standaard Europese inbouwdoos.</p><ul><li>CE-gecertificeerd</li><li>Schroefklem</li><li>Past in standaard inbouwdoos</li></ul><h3>Specificaties</h3><table><tr><td>Belasting</td><td>40-400W (gloei/halogeen)</td></tr><tr><td>Montage</td><td>Inbouw</td></tr><tr><td>IP-klasse</td><td>IP20</td></tr><tr><td>Kleur</td><td>bruin</td></tr><tr><td>Spanning</td><td>230 V</td></tr></table><p>Minimale afname 10 stuks. Projectprijs vanaf 100 stuks op aanvraag. Levering binnen 5 werkdagen.</p>",Lichtplein,VOLTA,"VOLTA,B2B,Dimmers",TRUE,Title,Default Title,LP-VO264,71.19,continue,manual,TRUE,TRUE,https://lichtplein.nl/img/p/lp-vo264-1-l.webp,1,active
lp-vo264,,,,,,,,,,,,,,,https://lichtplein.nl/img/p/lp-vo264-2-l.webp,2,
lp-vo265,"LED-draaidimmer 3-100W, bruin","<p>Schakelmateriaal met een tijdloos design en ruime keuze in afwerkingen, van wit en zand tot antraciet, metallic, glas en hout. Mechanismen en afdekramen apart leverbaar zodat u per project combineert. CE-gecertificeerd, geschikt voor de standaard Europese inbouwdoos.</p><ul><li>CE-gecertificeerd</li><li>Schroefklem</li><li>Past in standaard inbouwdoos</li></ul><h3>Specificaties</h3><table><tr><td>Belasting</td><td>LED 3-100W</td></tr><tr><td>Montage</td><td>Inbouw</td></tr><tr><td>IP-klasse</td><td>IP20</td></tr><tr><td>Kleur</td><td>bruin</td></tr><tr><td>Spanning</td><td>230 V</td></tr></table><p>Minimale afname 10 stuks. Projectprijs vanaf 100 stuks op aanvraag. Levering binnen 5 werkdagen.</p>",Lichtplein,VOLTA,"VOLTA,B2B,Dimmers",TRUE,Title,Default Title,LP-VO265,90.79,continue,manual,TRUE,TRUE,https://lichtplein.nl/img/p/lp-vo265-1-l.webp,1,active
lp-vo266,"LED-draaidimmer fase-aan/afsnijding 3-100W, bruin","<p>Schakelmateriaal met een tijdloos design en ruime keuze in afwerkingen, van wit en zand tot antraciet, metallic, glas en hout. Mechanismen en afdekramen apart leverbaar zodat u per project combineert. CE-gecertificeerd, geschikt voor de standaard Europese inbouwdoos.</p><ul><li>CE-gecertificeerd</li><li>Schroefklem</li><li>Past in standaard inbouwdoos</li></ul><h3>Specificaties</h3><table><tr><td>Belasting</td><td>LED 3-100W</td></tr><tr><td>Montage</td><td>Inbouw</td></tr><tr><td>IP-klasse</td><td>IP20</td></tr><tr><td>Kleur</td><td>bruin</td></tr><tr><td>Spanning</td><td>230 V</td></tr></table><p>Minimale afname 10 stuks. Projectprijs vanaf 100 stuks op aanvraag. Levering binnen 5 werkdagen.</p>",Lichtplein,VOLTA,"VOLTA,B2B,Dimmers",TRUE,Title,Default Title,LP-VO266,125.00,continue,manual,TRUE,TRUE,https://lichtplein.nl/img/p/lp-vo266-1-l.webp,1,active
lp-vo267,"LED-draaidimmer 5-200W, bruin","<p>Schakelmateriaal met een tijdloos design en ruime keuze in afwerkingen, van wit en zand tot antraciet, metallic, glas en hout. Mechanismen en afdekramen apart leverbaar zodat u per project combineert. CE-gecertificeerd, geschikt voor de standaard Europese inbouwdoos.</p><ul><li>CE-gecertificeerd</li><li>Schroefklem</li><li>Past in standaard inbouwdoos</li></ul><h3>Specificaties</h3><table><tr><td>Belasting</td><td>LED 5-200W</td></tr><tr><td>Montage</td><td>Inbouw</td></tr><tr><td>IP-klasse</td><td>IP20</td></tr><tr><td>Kleur</td><td>bruin</td></tr><tr><td>Spanning</td><td>230 V</td></tr></table><p>Minimale afname 10 stuks. Projectprijs vanaf 100 stuks op aanvraag. Levering binnen 5 werkdagen.</p>",Lichtplein,VOLTA,"VOLTA,B2B,Dimmers",TRUE,Title,Default Title,LP-VO267,159.00,continue,manual,TRUE,TRUE,https://lichtplein.nl/img/p/lp-vo267-1-l.webp,1,active
lp-vo267,,,,,,,,,,,,,,,https://lichtplein.nl/img/p/lp-vo267-2-l.webp,2,
lp-vo268,"Netwerkaansluiting RJ45 CAT6, bruin","<p>Schakelmateriaal met een tijdloos design en ruime keuze in afwerkingen, van wit en zand tot antraciet, metallic, glas en hout. Mechanismen en afdekramen apart leverbaar zodat u per project combineert. CE-gecertificeerd, geschikt voor de standaard Europese inbouwdoos.</p><ul><li>CE-gecertificeerd</li><li>Schroefklem</li><li>Past in standaard inbouwdoos</li></ul><h3>Specificaties</h3><table><tr><td>Montage</td><td>Inbouw</td></tr><tr><td>IP-klasse</td><td>IP20</td></tr><tr><td>Kleur</td><td>bruin</td></tr></table><p>Minimale afname 10 stuks. Projectprijs vanaf 100 stuks op aanvraag. Levering binnen 5 werkdagen.</p>",Lichtplein,VOLTA,"VOLTA,B2B,Data en media",TRUE,Title,Default Title,LP-VO268,16.69,continue,manual,TRUE,TRUE,https://lichtplein.nl/img/p/lp-vo268-1-l.webp,1,active
lp-vo268,,,,,,,,,,,,,,,https://lichtplein.nl/img/p/lp-vo268-2-l.webp,2,
lp-vo269,"Netwerkaansluiting RJ45 CAT6, bruin, set van 10","<p>Schakelmateriaal met een tijdloos design en ruime keuze in afwerkingen, van wit en zand tot antraciet, metallic, glas en hout. Mechanismen en afdekramen apart leverbaar zodat u per project combineert. CE-gecertificeerd, geschikt voor de standaard Europese inbouwdoos.</p><ul><li>CE-gecertificeerd</li><li>Schroefklem</li><li>Past in standaard inbouwdoos</li></ul><h3>Specificaties</h3><table><tr><td>Montage</td><td>Inbouw</td></tr><tr><td>IP-klasse</td><td>IP20</td></tr><tr><td>Kleur</td><td>bruin</td></tr><tr><td>Verpakking</td><td>10 stuks</td></tr></table><p>Minimale afname 1 set. Projectprijs vanaf 100 stuks op aanvraag. Levering binnen 5 werkdagen.</p>",Lichtplein,VOLTA,"VOLTA,B2B,Data en media",TRUE,Title,Default Title,LP-VO269,159.00,continue,manual,TRUE,TRUE,https://lichtplein.nl/img/p/lp-vo269-1-l.webp,1,active
lp-vo269,,,,,,,,,,,,,,,https://lichtplein.nl/img/p/lp-vo269-2-l.webp,2,
lp-vo270,"Netwerkaansluiting 2x RJ45 CAT6, bruin","<p>Schakelmateriaal met een tijdloos design en ruime keuze in afwerkingen, van wit en zand tot antraciet, metallic, glas en hout. Mechanismen en afdekramen apart leverbaar zodat u per project combineert. CE-gecertificeerd, geschikt voor de standaard Europese inbouwdoos.</p><ul><li>CE-gecertificeerd</li><li>Schroefklem</li><li>Past in standaard inbouwdoos</li></ul><h3>Specificaties</h3><table><tr><td>Montage</td><td>Inbouw</td></tr><tr><td>IP-klasse</td><td>IP20</td></tr><tr><td>Kleur</td><td>bruin</td></tr></table><p>Minimale afname 10 stuks. Projectprijs vanaf 100 stuks op aanvraag. Levering binnen 5 werkdagen.</p>",Lichtplein,VOLTA,"VOLTA,B2B,Data en media",TRUE,Title,Default Title,LP-VO270,26.65,continue,manual,TRUE,TRUE,https://lichtplein.nl/img/p/lp-vo270-1-l.webp,1,active
lp-vo270,,,,,,,,,,,,,,,https://lichtplein.nl/img/p/lp-vo270-2-l.webp,2,
lp-vo270,,,,,,,,,,,,,,,https://lichtplein.nl/img/p/lp-vo270-3-l.webp,3,
lp-vo271,"Afdekplaat 1x RJ45 keystone, bruin","<p>Schakelmateriaal met een tijdloos design en ruime keuze in afwerkingen, van wit en zand tot antraciet, metallic, glas en hout. Mechanismen en afdekramen apart leverbaar zodat u per project combineert. CE-gecertificeerd, geschikt voor de standaard Europese inbouwdoos.</p><ul><li>CE-gecertificeerd</li><li>Schroefklem</li><li>Past in standaard inbouwdoos</li></ul><h3>Specificaties</h3><table><tr><td>Montage</td><td>Inbouw</td></tr><tr><td>IP-klasse</td><td>IP20</td></tr><tr><td>Kleur</td><td>bruin</td></tr></table><p>Minimale afname 10 stuks. Projectprijs vanaf 100 stuks op aanvraag. Levering binnen 5 werkdagen.</p>",Lichtplein,VOLTA,"VOLTA,B2B,Data en media",TRUE,Title,Default Title,LP-VO271,11.85,continue,manual,TRUE,TRUE,https://lichtplein.nl/img/p/lp-vo271-1-l.webp,1,active
lp-vo271,,,,,,,,,,,,,,,https://lichtplein.nl/img/p/lp-vo271-2-l.webp,2,
lp-vo272,"Afdekplaat 2x RJ45 keystone, bruin","<p>Schakelmateriaal met een tijdloos design en ruime keuze in afwerkingen, van wit en zand tot antraciet, metallic, glas en hout. Mechanismen en afdekramen apart leverbaar zodat u per project combineert. CE-gecertificeerd, geschikt voor de standaard Europese inbouwdoos.</p><ul><li>CE-gecertificeerd</li><li>Schroefklem</li><li>Past in standaard inbouwdoos</li></ul><h3>Specificaties</h3><table><tr><td>Montage</td><td>Inbouw</td></tr><tr><td>IP-klasse</td><td>IP20</td></tr><tr><td>Kleur</td><td>bruin</td></tr></table><p>Minimale afname 10 stuks. Projectprijs vanaf 100 stuks op aanvraag. Levering binnen 5 werkdagen.</p>",Lichtplein,VOLTA,"VOLTA,B2B,Data en media",TRUE,Title,Default Title,LP-VO272,11.85,continue,manual,TRUE,TRUE,https://lichtplein.nl/img/p/lp-vo272-1-l.webp,1,active
lp-vo272,,,,,,,,,,,,,,,https://lichtplein.nl/img/p/lp-vo272-2-l.webp,2,
lp-vo273,"Afdekplaat 1x RJ45 keystone, bruin","<p>Schakelmateriaal met een tijdloos design en ruime keuze in afwerkingen, van wit en zand tot antraciet, metallic, glas en hout. Mechanismen en afdekramen apart leverbaar zodat u per project combineert. CE-gecertificeerd, geschikt voor de standaard Europese inbouwdoos.</p><ul><li>CE-gecertificeerd</li><li>Schroefklem</li><li>Past in standaard inbouwdoos</li></ul><h3>Specificaties</h3><table><tr><td>Montage</td><td>Inbouw</td></tr><tr><td>IP-klasse</td><td>IP20</td></tr><tr><td>Kleur</td><td>bruin</td></tr></table><p>Minimale afname 10 stuks. Projectprijs vanaf 100 stuks op aanvraag. Levering binnen 5 werkdagen.</p>",Lichtplein,VOLTA,"VOLTA,B2B,Data en media",TRUE,Title,Default Title,LP-VO273,11.85,continue,manual,TRUE,TRUE,https://lichtplein.nl/img/p/lp-vo273-1-l.webp,1,active
lp-vo273,,,,,,,,,,,,,,,https://lichtplein.nl/img/p/lp-vo273-2-l.webp,2,
lp-vo274,"Afdekplaat 2x RJ45 keystone, bruin","<p>Schakelmateriaal met een tijdloos design en ruime keuze in afwerkingen, van wit en zand tot antraciet, metallic, glas en hout. Mechanismen en afdekramen apart leverbaar zodat u per project combineert. CE-gecertificeerd, geschikt voor de standaard Europese inbouwdoos.</p><ul><li>CE-gecertificeerd</li><li>Schroefklem</li><li>Past in standaard inbouwdoos</li></ul><h3>Specificaties</h3><table><tr><td>Montage</td><td>Inbouw</td></tr><tr><td>IP-klasse</td><td>IP20</td></tr><tr><td>Kleur</td><td>bruin</td></tr></table><p>Minimale afname 10 stuks. Projectprijs vanaf 100 stuks op aanvraag. Levering binnen 5 werkdagen.</p>",Lichtplein,VOLTA,"VOLTA,B2B,Data en media",TRUE,Title,Default Title,LP-VO274,11.85,continue,manual,TRUE,TRUE,https://lichtplein.nl/img/p/lp-vo274-1-l.webp,1,active
lp-vo274,,,,,,,,,,,,,,,https://lichtplein.nl/img/p/lp-vo274-2-l.webp,2,
lp-vo275,"TV-aansluiting F-connector, bruin","<p>Schakelmateriaal met een tijdloos design en ruime keuze in afwerkingen, van wit en zand tot antraciet, metallic, glas en hout. Mechanismen en afdekramen apart leverbaar zodat u per project combineert. CE-gecertificeerd, geschikt voor de standaard Europese inbouwdoos.</p><ul><li>CE-gecertificeerd</li><li>Schroefklem</li><li>Past in standaard inbouwdoos</li></ul><h3>Specificaties</h3><table><tr><td>Montage</td><td>Inbouw</td></tr><tr><td>IP-klasse</td><td>IP20</td></tr><tr><td>Kleur</td><td>bruin</td></tr></table><p>Minimale afname 10 stuks. Projectprijs vanaf 100 stuks op aanvraag. Levering binnen 5 werkdagen.</p>",Lichtplein,VOLTA,"VOLTA,B2B,Data en media",TRUE,Title,Default Title,LP-VO275,11.25,continue,manual,TRUE,TRUE,https://lichtplein.nl/img/p/lp-vo275-1-l.webp,1,active
lp-vo276,"Blindplaat, bruin","<p>Schakelmateriaal met een tijdloos design en ruime keuze in afwerkingen, van wit en zand tot antraciet, metallic, glas en hout. Mechanismen en afdekramen apart leverbaar zodat u per project combineert. CE-gecertificeerd, geschikt voor de standaard Europese inbouwdoos.</p><ul><li>CE-gecertificeerd</li><li>Standaard Europese maatvoering</li><li>Direct uit voorraad</li></ul><h3>Specificaties</h3><table><tr><td>Montage</td><td>Inbouw</td></tr><tr><td>IP-klasse</td><td>IP20</td></tr><tr><td>Kleur</td><td>bruin</td></tr></table><p>Minimale afname 10 stuks. Projectprijs vanaf 100 stuks op aanvraag. Levering binnen 5 werkdagen.</p>",Lichtplein,VOLTA,"VOLTA,B2B,Afwerking",TRUE,Title,Default Title,LP-VO276,6.69,continue,manual,TRUE,TRUE,https://lichtplein.nl/img/p/lp-vo276-1-l.webp,1,active
lp-vo276,,,,,,,,,,,,,,,https://lichtplein.nl/img/p/lp-vo276-2-l.webp,2,
lp-vo277,"Opbouwdoos 1-voudig, bruin","<p>Schakelmateriaal met een tijdloos design en ruime keuze in afwerkingen, van wit en zand tot antraciet, metallic, glas en hout. Mechanismen en afdekramen apart leverbaar zodat u per project combineert. CE-gecertificeerd, geschikt voor de standaard Europese inbouwdoos.</p><ul><li>CE-gecertificeerd</li><li>Standaard Europese maatvoering</li><li>Direct uit voorraad</li></ul><h3>Specificaties</h3><table><tr><td>Kleur</td><td>bruin</td></tr></table><p>Minimale afname 10 stuks. Projectprijs vanaf 100 stuks op aanvraag. Levering binnen 5 werkdagen.</p>",Lichtplein,VOLTA,"VOLTA,B2B,Opbouwdozen",TRUE,Title,Default Title,LP-VO277,7.19,continue,manual,TRUE,TRUE,https://lichtplein.nl/img/p/lp-vo277-1-l.webp,1,active
lp-vo278,"Opbouwdoos 2-voudig, bruin","<p>Schakelmateriaal met een tijdloos design en ruime keuze in afwerkingen, van wit en zand tot antraciet, metallic, glas en hout. Mechanismen en afdekramen apart leverbaar zodat u per project combineert. CE-gecertificeerd, geschikt voor de standaard Europese inbouwdoos.</p><ul><li>CE-gecertificeerd</li><li>Standaard Europese maatvoering</li><li>Direct uit voorraad</li></ul><h3>Specificaties</h3><table><tr><td>Kleur</td><td>bruin</td></tr></table><p>Minimale afname 10 stuks. Projectprijs vanaf 100 stuks op aanvraag. Levering binnen 5 werkdagen.</p>",Lichtplein,VOLTA,"VOLTA,B2B,Opbouwdozen",TRUE,Title,Default Title,LP-VO278,9.85,continue,manual,TRUE,TRUE,https://lichtplein.nl/img/p/lp-vo278-1-l.webp,1,active
lp-vo279,"Aansluiting HDMI en USB, bruin","<p>Schakelmateriaal met een tijdloos design en ruime keuze in afwerkingen, van wit en zand tot antraciet, metallic, glas en hout. Mechanismen en afdekramen apart leverbaar zodat u per project combineert. CE-gecertificeerd, geschikt voor de standaard Europese inbouwdoos.</p><ul><li>CE-gecertificeerd</li><li>Schroefklem</li><li>Past in standaard inbouwdoos</li></ul><h3>Specificaties</h3><table><tr><td>Montage</td><td>Inbouw</td></tr><tr><td>IP-klasse</td><td>IP20</td></tr><tr><td>Kleur</td><td>bruin</td></tr></table><p>Minimale afname 10 stuks. Projectprijs vanaf 100 stuks op aanvraag. Levering binnen 5 werkdagen.</p>",Lichtplein,VOLTA,"VOLTA,B2B,Data en media",TRUE,Title,Default Title,LP-VO279,36.89,continue,manual,TRUE,TRUE,,,active
lp-vo280,"Afdekraam 1-voudig Classic, bruin","<p>Schakelmateriaal met een tijdloos design en ruime keuze in afwerkingen, van wit en zand tot antraciet, metallic, glas en hout. Mechanismen en afdekramen apart leverbaar zodat u per project combineert. CE-gecertificeerd, geschikt voor de standaard Europese inbouwdoos.</p><ul><li>CE-gecertificeerd</li><li>Standaard Europese maatvoering</li><li>Direct uit voorraad</li></ul><h3>Specificaties</h3><table><tr><td>Kleur</td><td>bruin</td></tr></table><p>Minimale afname 10 stuks. Projectprijs vanaf 100 stuks op aanvraag. Levering binnen 5 werkdagen.</p>",Lichtplein,VOLTA,"VOLTA,B2B,Afdekramen",TRUE,Title,Default Title,LP-VO280,2.49,continue,manual,TRUE,TRUE,https://lichtplein.nl/img/p/lp-vo280-1-l.webp,1,active
lp-vo281,"Afdekraam 2-voudig Classic, bruin","<p>Schakelmateriaal met een tijdloos design en ruime keuze in afwerkingen, van wit en zand tot antraciet, metallic, glas en hout. Mechanismen en afdekramen apart leverbaar zodat u per project combineert. CE-gecertificeerd, geschikt voor de standaard Europese inbouwdoos.</p><ul><li>CE-gecertificeerd</li><li>Standaard Europese maatvoering</li><li>Direct uit voorraad</li></ul><h3>Specificaties</h3><table><tr><td>Kleur</td><td>bruin</td></tr></table><p>Minimale afname 10 stuks. Projectprijs vanaf 100 stuks op aanvraag. Levering binnen 5 werkdagen.</p>",Lichtplein,VOLTA,"VOLTA,B2B,Afdekramen",TRUE,Title,Default Title,LP-VO281,3.75,continue,manual,TRUE,TRUE,https://lichtplein.nl/img/p/lp-vo281-1-l.webp,1,active
lp-vo281,,,,,,,,,,,,,,,https://lichtplein.nl/img/p/lp-vo281-2-l.webp,2,
lp-vo282,"Afdekraam 3-voudig Classic, bruin","<p>Schakelmateriaal met een tijdloos design en ruime keuze in afwerkingen, van wit en zand tot antraciet, metallic, glas en hout. Mechanismen en afdekramen apart leverbaar zodat u per project combineert. CE-gecertificeerd, geschikt voor de standaard Europese inbouwdoos.</p><ul><li>CE-gecertificeerd</li><li>Standaard Europese maatvoering</li><li>Direct uit voorraad</li></ul><h3>Specificaties</h3><table><tr><td>Kleur</td><td>bruin</td></tr></table><p>Minimale afname 10 stuks. Projectprijs vanaf 100 stuks op aanvraag. Levering binnen 5 werkdagen.</p>",Lichtplein,VOLTA,"VOLTA,B2B,Afdekramen",TRUE,Title,Default Title,LP-VO282,5.59,continue,manual,TRUE,TRUE,https://lichtplein.nl/img/p/lp-vo282-1-l.webp,1,active
lp-vo283,"Afdekraam 4-voudig Classic, bruin","<p>Schakelmateriaal met een tijdloos design en ruime keuze in afwerkingen, van wit en zand tot antraciet, metallic, glas en hout. Mechanismen en afdekramen apart leverbaar zodat u per project combineert. CE-gecertificeerd, geschikt voor de standaard Europese inbouwdoos.</p><ul><li>CE-gecertificeerd</li><li>Standaard Europese maatvoering</li><li>Direct uit voorraad</li></ul><h3>Specificaties</h3><table><tr><td>Kleur</td><td>bruin</td></tr></table><p>Minimale afname 10 stuks. Projectprijs vanaf 100 stuks op aanvraag. Levering binnen 5 werkdagen.</p>",Lichtplein,VOLTA,"VOLTA,B2B,Afdekramen",TRUE,Title,Default Title,LP-VO283,7.25,continue,manual,TRUE,TRUE,https://lichtplein.nl/img/p/lp-vo283-1-l.webp,1,active
lp-vo284,"Afdekraam 5-voudig Classic, bruin","<p>Schakelmateriaal met een tijdloos design en ruime keuze in afwerkingen, van wit en zand tot antraciet, metallic, glas en hout. Mechanismen en afdekramen apart leverbaar zodat u per project combineert. CE-gecertificeerd, geschikt voor de standaard Europese inbouwdoos.</p><ul><li>CE-gecertificeerd</li><li>Standaard Europese maatvoering</li><li>Direct uit voorraad</li></ul><h3>Specificaties</h3><table><tr><td>Kleur</td><td>bruin</td></tr></table><p>Minimale afname 10 stuks. Projectprijs vanaf 100 stuks op aanvraag. Levering binnen 5 werkdagen.</p>",Lichtplein,VOLTA,"VOLTA,B2B,Afdekramen",TRUE,Title,Default Title,LP-VO284,10.59,continue,manual,TRUE,TRUE,https://lichtplein.nl/img/p/lp-vo284-1-l.webp,1,active
lp-vo285,"Afdekraam 6-voudig Classic, bruin","<p>Schakelmateriaal met een tijdloos design en ruime keuze in afwerkingen, van wit en zand tot antraciet, metallic, glas en hout. Mechanismen en afdekramen apart leverbaar zodat u per project combineert. CE-gecertificeerd, geschikt voor de standaard Europese inbouwdoos.</p><ul><li>CE-gecertificeerd</li><li>Standaard Europese maatvoering</li><li>Direct uit voorraad</li></ul><h3>Specificaties</h3><table><tr><td>Kleur</td><td>bruin</td></tr></table><p>Minimale afname 10 stuks. Projectprijs vanaf 100 stuks op aanvraag. Levering binnen 5 werkdagen.</p>",Lichtplein,VOLTA,"VOLTA,B2B,Afdekramen",TRUE,Title,Default Title,LP-VO285,12.25,continue,manual,TRUE,TRUE,https://lichtplein.nl/img/p/lp-vo285-1-l.webp,1,active
lp-vo286,"Afdekraam 1-voudig SlimLine, bruin","<p>Schakelmateriaal met een tijdloos design en ruime keuze in afwerkingen, van wit en zand tot antraciet, metallic, glas en hout. Mechanismen en afdekramen apart leverbaar zodat u per project combineert. CE-gecertificeerd, geschikt voor de standaard Europese inbouwdoos.</p><ul><li>CE-gecertificeerd</li><li>Standaard Europese maatvoering</li><li>Direct uit voorraad</li></ul><h3>Specificaties</h3><table><tr><td>Kleur</td><td>bruin</td></tr></table><p>Minimale afname 10 stuks. Projectprijs vanaf 100 stuks op aanvraag. Levering binnen 5 werkdagen.</p>",Lichtplein,VOLTA,"VOLTA,B2B,Afdekramen",TRUE,Title,Default Title,LP-VO286,2.59,continue,manual,TRUE,TRUE,,,active
lp-vo287,"Afdekraam 2-voudig SlimLine, bruin","<p>Schakelmateriaal met een tijdloos design en ruime keuze in afwerkingen, van wit en zand tot antraciet, metallic, glas en hout. Mechanismen en afdekramen apart leverbaar zodat u per project combineert. CE-gecertificeerd, geschikt voor de standaard Europese inbouwdoos.</p><ul><li>CE-gecertificeerd</li><li>Standaard Europese maatvoering</li><li>Direct uit voorraad</li></ul><h3>Specificaties</h3><table><tr><td>Kleur</td><td>bruin</td></tr></table><p>Minimale afname 10 stuks. Projectprijs vanaf 100 stuks op aanvraag. Levering binnen 5 werkdagen.</p>",Lichtplein,VOLTA,"VOLTA,B2B,Afdekramen",TRUE,Title,Default Title,LP-VO287,3.85,continue,manual,TRUE,TRUE,,,active
lp-vo288,"Afdekraam 3-voudig SlimLine, bruin","<p>Schakelmateriaal met een tijdloos design en ruime keuze in afwerkingen, van wit en zand tot antraciet, metallic, glas en hout. Mechanismen en afdekramen apart leverbaar zodat u per project combineert. CE-gecertificeerd, geschikt voor de standaard Europese inbouwdoos.</p><ul><li>CE-gecertificeerd</li><li>Standaard Europese maatvoering</li><li>Direct uit voorraad</li></ul><h3>Specificaties</h3><table><tr><td>Kleur</td><td>bruin</td></tr></table><p>Minimale afname 10 stuks. Projectprijs vanaf 100 stuks op aanvraag. Levering binnen 5 werkdagen.</p>",Lichtplein,VOLTA,"VOLTA,B2B,Afdekramen",TRUE,Title,Default Title,LP-VO288,5.65,continue,manual,TRUE,TRUE,https://lichtplein.nl/img/p/lp-vo288-1-l.webp,1,active
lp-vo289,"Afdekraam 4-voudig SlimLine, bruin","<p>Schakelmateriaal met een tijdloos design en ruime keuze in afwerkingen, van wit en zand tot antraciet, metallic, glas en hout. Mechanismen en afdekramen apart leverbaar zodat u per project combineert. CE-gecertificeerd, geschikt voor de standaard Europese inbouwdoos.</p><ul><li>CE-gecertificeerd</li><li>Standaard Europese maatvoering</li><li>Direct uit voorraad</li></ul><h3>Specificaties</h3><table><tr><td>Kleur</td><td>bruin</td></tr></table><p>Minimale afname 10 stuks. Projectprijs vanaf 100 stuks op aanvraag. Levering binnen 5 werkdagen.</p>",Lichtplein,VOLTA,"VOLTA,B2B,Afdekramen",TRUE,Title,Default Title,LP-VO289,7.35,continue,manual,TRUE,TRUE,https://lichtplein.nl/img/p/lp-vo289-1-l.webp,1,active
lp-vo290,"Afdekraam 5-voudig SlimLine, bruin","<p>Schakelmateriaal met een tijdloos design en ruime keuze in afwerkingen, van wit en zand tot antraciet, metallic, glas en hout. Mechanismen en afdekramen apart leverbaar zodat u per project combineert. CE-gecertificeerd, geschikt voor de standaard Europese inbouwdoos.</p><ul><li>CE-gecertificeerd</li><li>Standaard Europese maatvoering</li><li>Direct uit voorraad</li></ul><h3>Specificaties</h3><table><tr><td>Kleur</td><td>bruin</td></tr></table><p>Minimale afname 10 stuks. Projectprijs vanaf 100 stuks op aanvraag. Levering binnen 5 werkdagen.</p>",Lichtplein,VOLTA,"VOLTA,B2B,Afdekramen",TRUE,Title,Default Title,LP-VO290,10.65,continue,manual,TRUE,TRUE,https://lichtplein.nl/img/p/lp-vo290-1-l.webp,1,active
lp-vo291,"Afdekraam 6-voudig SlimLine, bruin","<p>Schakelmateriaal met een tijdloos design en ruime keuze in afwerkingen, van wit en zand tot antraciet, metallic, glas en hout. Mechanismen en afdekramen apart leverbaar zodat u per project combineert. CE-gecertificeerd, geschikt voor de standaard Europese inbouwdoos.</p><ul><li>CE-gecertificeerd</li><li>Standaard Europese maatvoering</li><li>Direct uit voorraad</li></ul><h3>Specificaties</h3><table><tr><td>Kleur</td><td>bruin</td></tr></table><p>Minimale afname 10 stuks. Projectprijs vanaf 100 stuks op aanvraag. Levering binnen 5 werkdagen.</p>",Lichtplein,VOLTA,"VOLTA,B2B,Afdekramen",TRUE,Title,Default Title,LP-VO291,12.39,continue,manual,TRUE,TRUE,https://lichtplein.nl/img/p/lp-vo291-1-l.webp,1,active
lp-vo292,"Enkelpolige schakelaar, metallic","<p>Schakelmateriaal met een tijdloos design en ruime keuze in afwerkingen, van wit en zand tot antraciet, metallic, glas en hout. Mechanismen en afdekramen apart leverbaar zodat u per project combineert. CE-gecertificeerd, geschikt voor de standaard Europese inbouwdoos.</p><ul><li>CE-gecertificeerd</li><li>Veerklem, snelle montage</li><li>Past in standaard inbouwdoos</li></ul><h3>Specificaties</h3><table><tr><td>Montage</td><td>Inbouw</td></tr><tr><td>IP-klasse</td><td>IP20</td></tr><tr><td>Afdekraam</td><td>Zonder afdekraam (apart bestellen)</td></tr><tr><td>Nominale stroom</td><td>10 A</td></tr><tr><td>Aansluitklem</td><td>Veerklem (snelaansluiting)</td></tr><tr><td>Kleur</td><td>metallic</td></tr><tr><td>Spanning</td><td>230 V</td></tr></table><p>Minimale afname 10 stuks. Projectprijs vanaf 100 stuks op aanvraag. Levering binnen 5 werkdagen.</p>",Lichtplein,VOLTA,"VOLTA,B2B,Schakelaars",TRUE,Title,Default Title,LP-VO292,14.75,continue,manual,TRUE,TRUE,https://lichtplein.nl/img/p/lp-vo292-1-l.webp,1,active
lp-vo292,,,,,,,,,,,,,,,https://lichtplein.nl/img/p/lp-vo292-2-l.webp,2,
lp-vo293,"Pulsdrukker enkel, metallic","<p>Schakelmateriaal met een tijdloos design en ruime keuze in afwerkingen, van wit en zand tot antraciet, metallic, glas en hout. Mechanismen en afdekramen apart leverbaar zodat u per project combineert. CE-gecertificeerd, geschikt voor de standaard Europese inbouwdoos.</p><ul><li>CE-gecertificeerd</li><li>Veerklem, snelle montage</li><li>Past in standaard inbouwdoos</li></ul><h3>Specificaties</h3><table><tr><td>Montage</td><td>Inbouw</td></tr><tr><td>IP-klasse</td><td>IP20</td></tr><tr><td>Afdekraam</td><td>Zonder afdekraam (apart bestellen)</td></tr><tr><td>Nominale stroom</td><td>10 A</td></tr><tr><td>Aansluitklem</td><td>Veerklem (snelaansluiting)</td></tr><tr><td>Kleur</td><td>metallic</td></tr><tr><td>Spanning</td><td>230 V</td></tr></table><p>Minimale afname 10 stuks. Projectprijs vanaf 100 stuks op aanvraag. Levering binnen 5 werkdagen.</p>",Lichtplein,VOLTA,"VOLTA,B2B,Schakelaars",TRUE,Title,Default Title,LP-VO293,16.45,continue,manual,TRUE,TRUE,https://lichtplein.nl/img/p/lp-vo293-1-l.webp,1,active
lp-vo293,,,,,,,,,,,,,,,https://lichtplein.nl/img/p/lp-vo293-2-l.webp,2,
lp-vo294,"Tweepolige schakelaar, metallic","<p>Schakelmateriaal met een tijdloos design en ruime keuze in afwerkingen, van wit en zand tot antraciet, metallic, glas en hout. Mechanismen en afdekramen apart leverbaar zodat u per project combineert. CE-gecertificeerd, geschikt voor de standaard Europese inbouwdoos.</p><ul><li>CE-gecertificeerd</li><li>Veerklem, snelle montage</li><li>Past in standaard inbouwdoos</li></ul><h3>Specificaties</h3><table><tr><td>Montage</td><td>Inbouw</td></tr><tr><td>IP-klasse</td><td>IP20</td></tr><tr><td>Afdekraam</td><td>Zonder afdekraam (apart bestellen)</td></tr><tr><td>Nominale stroom</td><td>10 A</td></tr><tr><td>Aansluitklem</td><td>Veerklem (snelaansluiting)</td></tr><tr><td>Kleur</td><td>metallic</td></tr><tr><td>Spanning</td><td>230 V</td></tr></table><p>Minimale afname 10 stuks. Projectprijs vanaf 100 stuks op aanvraag. Levering binnen 5 werkdagen.</p>",Lichtplein,VOLTA,"VOLTA,B2B,Schakelaars",TRUE,Title,Default Title,LP-VO294,16.45,continue,manual,TRUE,TRUE,https://lichtplein.nl/img/p/lp-vo294-1-l.webp,1,active
lp-vo295,"Enkelpolige schakelaar IP44, metallic","<p>Schakelmateriaal met een tijdloos design en ruime keuze in afwerkingen, van wit en zand tot antraciet, metallic, glas en hout. Mechanismen en afdekramen apart leverbaar zodat u per project combineert. CE-gecertificeerd, geschikt voor de standaard Europese inbouwdoos.</p><ul><li>CE-gecertificeerd</li><li>Schroefklem</li><li>Past in standaard inbouwdoos</li></ul><h3>Specificaties</h3><table><tr><td>Montage</td><td>Inbouw</td></tr><tr><td>IP-klasse</td><td>IP44</td></tr><tr><td>Afdekraam</td><td>Zonder afdekraam (apart bestellen)</td></tr><tr><td>Nominale stroom</td><td>10 A</td></tr><tr><td>Aansluitklem</td><td>Schroefklem</td></tr><tr><td>Kleur</td><td>metallic</td></tr><tr><td>Spanning</td><td>230 V</td></tr></table><p>Minimale afname 10 stuks. Projectprijs vanaf 100 stuks op aanvraag. Levering binnen 5 werkdagen.</p>",Lichtplein,VOLTA,"VOLTA,B2B,Schakelaars",TRUE,Title,Default Title,LP-VO295,17.69,continue,manual,TRUE,TRUE,https://lichtplein.nl/img/p/lp-vo295-1-l.webp,1,active
lp-vo296,"Serieschakelaar (2-voudig), metallic","<p>Schakelmateriaal met een tijdloos design en ruime keuze in afwerkingen, van wit en zand tot antraciet, metallic, glas en hout. Mechanismen en afdekramen apart leverbaar zodat u per project combineert. CE-gecertificeerd, geschikt voor de standaard Europese inbouwdoos.</p><ul><li>CE-gecertificeerd</li><li>Veerklem, snelle montage</li><li>Past in standaard inbouwdoos</li></ul><h3>Specificaties</h3><table><tr><td>Montage</td><td>Inbouw</td></tr><tr><td>IP-klasse</td><td>IP20</td></tr><tr><td>Afdekraam</td><td>Zonder afdekraam (apart bestellen)</td></tr><tr><td>Nominale stroom</td><td>10 A</td></tr><tr><td>Aansluitklem</td><td>Veerklem (snelaansluiting)</td></tr><tr><td>Kleur</td><td>metallic</td></tr><tr><td>Spanning</td><td>230 V</td></tr></table><p>Minimale afname 10 stuks. Projectprijs vanaf 100 stuks op aanvraag. Levering binnen 5 werkdagen.</p>",Lichtplein,VOLTA,"VOLTA,B2B,Schakelaars",TRUE,Title,Default Title,LP-VO296,15.55,continue,manual,TRUE,TRUE,https://lichtplein.nl/img/p/lp-vo296-1-l.webp,1,active
lp-vo297,"Pulsdrukker dubbel, metallic","<p>Schakelmateriaal met een tijdloos design en ruime keuze in afwerkingen, van wit en zand tot antraciet, metallic, glas en hout. Mechanismen en afdekramen apart leverbaar zodat u per project combineert. CE-gecertificeerd, geschikt voor de standaard Europese inbouwdoos.</p><ul><li>CE-gecertificeerd</li><li>Veerklem, snelle montage</li><li>Past in standaard inbouwdoos</li></ul><h3>Specificaties</h3><table><tr><td>Montage</td><td>Inbouw</td></tr><tr><td>IP-klasse</td><td>IP20</td></tr><tr><td>Afdekraam</td><td>Zonder afdekraam (apart bestellen)</td></tr><tr><td>Nominale stroom</td><td>10 A</td></tr><tr><td>Aansluitklem</td><td>Veerklem (snelaansluiting)</td></tr><tr><td>Kleur</td><td>metallic</td></tr><tr><td>Spanning</td><td>230 V</td></tr></table><p>Minimale afname 10 stuks. Projectprijs vanaf 100 stuks op aanvraag. Levering binnen 5 werkdagen.</p>",Lichtplein,VOLTA,"VOLTA,B2B,Schakelaars",TRUE,Title,Default Title,LP-VO297,17.59,continue,manual,TRUE,TRUE,https://lichtplein.nl/img/p/lp-vo297-1-l.webp,1,active
lp-vo298,"Serieschakelaar (2-voudig) IP44, metallic","<p>Schakelmateriaal met een tijdloos design en ruime keuze in afwerkingen, van wit en zand tot antraciet, metallic, glas en hout. Mechanismen en afdekramen apart leverbaar zodat u per project combineert. CE-gecertificeerd, geschikt voor de standaard Europese inbouwdoos.</p><ul><li>CE-gecertificeerd</li><li>Schroefklem</li><li>Past in standaard inbouwdoos</li></ul><h3>Specificaties</h3><table><tr><td>Montage</td><td>Inbouw</td></tr><tr><td>IP-klasse</td><td>IP44</td></tr><tr><td>Afdekraam</td><td>Zonder afdekraam (apart bestellen)</td></tr><tr><td>Nominale stroom</td><td>10 A</td></tr><tr><td>Aansluitklem</td><td>Schroefklem</td></tr><tr><td>Kleur</td><td>metallic</td></tr><tr><td>Spanning</td><td>230 V</td></tr></table><p>Minimale afname 10 stuks. Projectprijs vanaf 100 stuks op aanvraag. Levering binnen 5 werkdagen.</p>",Lichtplein,VOLTA,"VOLTA,B2B,Schakelaars",TRUE,Title,Default Title,LP-VO298,21.79,continue,manual,TRUE,TRUE,https://lichtplein.nl/img/p/lp-vo298-1-l.webp,1,active
lp-vo298,,,,,,,,,,,,,,,https://lichtplein.nl/img/p/lp-vo298-2-l.webp,2,
lp-vo298,,,,,,,,,,,,,,,https://lichtplein.nl/img/p/lp-vo298-3-l.webp,3,
lp-vo299,"Beldrukker, metallic","<p>Schakelmateriaal met een tijdloos design en ruime keuze in afwerkingen, van wit en zand tot antraciet, metallic, glas en hout. Mechanismen en afdekramen apart leverbaar zodat u per project combineert. CE-gecertificeerd, geschikt voor de standaard Europese inbouwdoos.</p><ul><li>CE-gecertificeerd</li><li>Veerklem, snelle montage</li><li>Past in standaard inbouwdoos</li></ul><h3>Specificaties</h3><table><tr><td>Montage</td><td>Inbouw</td></tr><tr><td>IP-klasse</td><td>IP20</td></tr><tr><td>Afdekraam</td><td>Zonder afdekraam (apart bestellen)</td></tr><tr><td>Nominale stroom</td><td>10 A</td></tr><tr><td>Aansluitklem</td><td>Veerklem (snelaansluiting)</td></tr><tr><td>Kleur</td><td>metallic</td></tr><tr><td>Spanning</td><td>230 V</td></tr></table><p>Minimale afname 10 stuks. Projectprijs vanaf 100 stuks op aanvraag. Levering binnen 5 werkdagen.</p>",Lichtplein,VOLTA,"VOLTA,B2B,Schakelaars",TRUE,Title,Default Title,LP-VO299,16.15,continue,manual,TRUE,TRUE,https://lichtplein.nl/img/p/lp-vo299-1-l.webp,1,active
lp-vo300,"Drievoudige schakelaar met controlelampje, metallic","<p>Schakelmateriaal met een tijdloos design en ruime keuze in afwerkingen, van wit en zand tot antraciet, metallic, glas en hout. Mechanismen en afdekramen apart leverbaar zodat u per project combineert. CE-gecertificeerd, geschikt voor de standaard Europese inbouwdoos.</p><ul><li>CE-gecertificeerd</li><li>Schroefklem</li><li>Past in standaard inbouwdoos</li></ul><h3>Specificaties</h3><table><tr><td>Montage</td><td>Inbouw</td></tr><tr><td>IP-klasse</td><td>IP20</td></tr><tr><td>Afdekraam</td><td>Zonder afdekraam (apart bestellen)</td></tr><tr><td>Nominale stroom</td><td>16 A</td></tr><tr><td>Aansluitklem</td><td>Schroefklem</td></tr><tr><td>Kleur</td><td>metallic</td></tr><tr><td>Spanning</td><td>230 V</td></tr></table><p>Minimale afname 10 stuks. Projectprijs vanaf 100 stuks op aanvraag. Levering binnen 5 werkdagen.</p>",Lichtplein,VOLTA,"VOLTA,B2B,Schakelaars",TRUE,Title,Default Title,LP-VO300,25.55,continue,manual,TRUE,TRUE,https://lichtplein.nl/img/p/lp-vo300-1-l.webp,1,active
lp-vo301,"Wisselschakelaar, metallic","<p>Schakelmateriaal met een tijdloos design en ruime keuze in afwerkingen, van wit en zand tot antraciet, metallic, glas en hout. Mechanismen en afdekramen apart leverbaar zodat u per project combineert. CE-gecertificeerd, geschikt voor de standaard Europese inbouwdoos.</p><ul><li>CE-gecertificeerd</li><li>Veerklem, snelle montage</li><li>Past in standaard inbouwdoos</li></ul><h3>Specificaties</h3><table><tr><td>Montage</td><td>Inbouw</td></tr><tr><td>IP-klasse</td><td>IP20</td></tr><tr><td>Afdekraam</td><td>Zonder afdekraam (apart bestellen)</td></tr><tr><td>Nominale stroom</td><td>10 A</td></tr><tr><td>Aansluitklem</td><td>Veerklem (snelaansluiting)</td></tr><tr><td>Kleur</td><td>metallic</td></tr><tr><td>Spanning</td><td>230 V</td></tr></table><p>Minimale afname 10 stuks. Projectprijs vanaf 100 stuks op aanvraag. Levering binnen 5 werkdagen.</p>",Lichtplein,VOLTA,"VOLTA,B2B,Schakelaars",TRUE,Title,Default Title,LP-VO301,16.45,continue,manual,TRUE,TRUE,https://lichtplein.nl/img/p/lp-vo301-1-l.webp,1,active
lp-vo302,"Kruisschakelaar, metallic","<p>Schakelmateriaal met een tijdloos design en ruime keuze in afwerkingen, van wit en zand tot antraciet, metallic, glas en hout. Mechanismen en afdekramen apart leverbaar zodat u per project combineert. CE-gecertificeerd, geschikt voor de standaard Europese inbouwdoos.</p><ul><li>CE-gecertificeerd</li><li>Veerklem, snelle montage</li><li>Past in standaard inbouwdoos</li></ul><h3>Specificaties</h3><table><tr><td>Montage</td><td>Inbouw</td></tr><tr><td>IP-klasse</td><td>IP20</td></tr><tr><td>Afdekraam</td><td>Zonder afdekraam (apart bestellen)</td></tr><tr><td>Nominale stroom</td><td>10 A</td></tr><tr><td>Aansluitklem</td><td>Veerklem (snelaansluiting)</td></tr><tr><td>Kleur</td><td>metallic</td></tr><tr><td>Spanning</td><td>230 V</td></tr></table><p>Minimale afname 10 stuks. Projectprijs vanaf 100 stuks op aanvraag. Levering binnen 5 werkdagen.</p>",Lichtplein,VOLTA,"VOLTA,B2B,Schakelaars",TRUE,Title,Default Title,LP-VO302,19.85,continue,manual,TRUE,TRUE,https://lichtplein.nl/img/p/lp-vo302-1-l.webp,1,active
lp-vo302,,,,,,,,,,,,,,,https://lichtplein.nl/img/p/lp-vo302-2-l.webp,2,
lp-vo303,"Dubbele wisselschakelaar, metallic","<p>Schakelmateriaal met een tijdloos design en ruime keuze in afwerkingen, van wit en zand tot antraciet, metallic, glas en hout. Mechanismen en afdekramen apart leverbaar zodat u per project combineert. CE-gecertificeerd, geschikt voor de standaard Europese inbouwdoos.</p><ul><li>CE-gecertificeerd</li><li>Veerklem, snelle montage</li><li>Past in standaard inbouwdoos</li></ul><h3>Specificaties</h3><table><tr><td>Montage</td><td>Inbouw</td></tr><tr><td>IP-klasse</td><td>IP20</td></tr><tr><td>Afdekraam</td><td>Zonder afdekraam (apart bestellen)</td></tr><tr><td>Nominale stroom</td><td>16 A</td></tr><tr><td>Aansluitklem</td><td>Veerklem (snelaansluiting)</td></tr><tr><td>Kleur</td><td>metallic</td></tr><tr><td>Spanning</td><td>230 V</td></tr></table><p>Minimale afname 10 stuks. Projectprijs vanaf 100 stuks op aanvraag. Levering binnen 5 werkdagen.</p>",Lichtplein,VOLTA,"VOLTA,B2B,Schakelaars",TRUE,Title,Default Title,LP-VO303,24.09,continue,manual,TRUE,TRUE,https://lichtplein.nl/img/p/lp-vo303-1-l.webp,1,active
lp-vo303,,,,,,,,,,,,,,,https://lichtplein.nl/img/p/lp-vo303-2-l.webp,2,
lp-vo303,,,,,,,,,,,,,,,https://lichtplein.nl/img/p/lp-vo303-3-l.webp,3,
lp-vo303,,,,,,,,,,,,,,,https://lichtplein.nl/img/p/lp-vo303-4-l.webp,4,
lp-vo304,"Dubbele wisselpulsdrukker, metallic","<p>Schakelmateriaal met een tijdloos design en ruime keuze in afwerkingen, van wit en zand tot antraciet, metallic, glas en hout. Mechanismen en afdekramen apart leverbaar zodat u per project combineert. CE-gecertificeerd, geschikt voor de standaard Europese inbouwdoos.</p><ul><li>CE-gecertificeerd</li><li>Veerklem, snelle montage</li><li>Past in standaard inbouwdoos</li></ul><h3>Specificaties</h3><table><tr><td>Montage</td><td>Inbouw</td></tr><tr><td>IP-klasse</td><td>IP20</td></tr><tr><td>Afdekraam</td><td>Zonder afdekraam (apart bestellen)</td></tr><tr><td>Nominale stroom</td><td>16 A</td></tr><tr><td>Aansluitklem</td><td>Veerklem (snelaansluiting)</td></tr><tr><td>Kleur</td><td>metallic</td></tr><tr><td>Spanning</td><td>230 V</td></tr></table><p>Minimale afname 10 stuks. Projectprijs vanaf 100 stuks op aanvraag. Levering binnen 5 werkdagen.</p>",Lichtplein,VOLTA,"VOLTA,B2B,Schakelaars",TRUE,Title,Default Title,LP-VO304,27.35,continue,manual,TRUE,TRUE,https://lichtplein.nl/img/p/lp-vo304-1-l.webp,1,active
lp-vo305,"Jaloezieschakelaar, metallic","<p>Schakelmateriaal met een tijdloos design en ruime keuze in afwerkingen, van wit en zand tot antraciet, metallic, glas en hout. Mechanismen en afdekramen apart leverbaar zodat u per project combineert. CE-gecertificeerd, geschikt voor de standaard Europese inbouwdoos.</p><ul><li>CE-gecertificeerd</li><li>Schroefklem</li><li>Past in standaard inbouwdoos</li></ul><h3>Specificaties</h3><table><tr><td>Montage</td><td>Inbouw</td></tr><tr><td>IP-klasse</td><td>IP20</td></tr><tr><td>Afdekraam</td><td>Zonder afdekraam (apart bestellen)</td></tr><tr><td>Nominale stroom</td><td>10 A</td></tr><tr><td>Aansluitklem</td><td>Schroefklem</td></tr><tr><td>Kleur</td><td>metallic</td></tr><tr><td>Spanning</td><td>230 V</td></tr></table><p>Minimale afname 10 stuks. Projectprijs vanaf 100 stuks op aanvraag. Levering binnen 5 werkdagen.</p>",Lichtplein,VOLTA,"VOLTA,B2B,Schakelaars",TRUE,Title,Default Title,LP-VO305,19.39,continue,manual,TRUE,TRUE,https://lichtplein.nl/img/p/lp-vo305-1-l.webp,1,active
lp-vo305,,,,,,,,,,,,,,,https://lichtplein.nl/img/p/lp-vo305-2-l.webp,2,
lp-vo305,,,,,,,,,,,,,,,https://lichtplein.nl/img/p/lp-vo305-3-l.webp,3,
lp-vo306,"Hotelkaartschakelaar met pulsdrukker, metallic","<p>Schakelmateriaal met een tijdloos design en ruime keuze in afwerkingen, van wit en zand tot antraciet, metallic, glas en hout. Mechanismen en afdekramen apart leverbaar zodat u per project combineert. CE-gecertificeerd, geschikt voor de standaard Europese inbouwdoos.</p><ul><li>CE-gecertificeerd</li><li>Veerklem, snelle montage</li><li>Past in standaard inbouwdoos</li></ul><h3>Specificaties</h3><table><tr><td>Montage</td><td>Inbouw</td></tr><tr><td>IP-klasse</td><td>IP20</td></tr><tr><td>Afdekraam</td><td>Zonder afdekraam (apart bestellen)</td></tr><tr><td>Nominale stroom</td><td>10 A</td></tr><tr><td>Aansluitklem</td><td>Veerklem (snelaansluiting)</td></tr><tr><td>Kleur</td><td>metallic</td></tr><tr><td>Spanning</td><td>230 V</td></tr></table><p>Minimale afname 10 stuks. Projectprijs vanaf 100 stuks op aanvraag. Levering binnen 5 werkdagen.</p>",Lichtplein,VOLTA,"VOLTA,B2B,Schakelaars",TRUE,Title,Default Title,LP-VO306,28.59,continue,manual,TRUE,TRUE,https://lichtplein.nl/img/p/lp-vo306-1-l.webp,1,active
lp-vo306,,,,,,,,,,,,,,,https://lichtplein.nl/img/p/lp-vo306-2-l.webp,2,
lp-vo306,,,,,,,,,,,,,,,https://lichtplein.nl/img/p/lp-vo306-3-l.webp,3,
lp-vo307,"Wandcontactdoos met USB-lader 3,4A, metallic","<p>Schakelmateriaal met een tijdloos design en ruime keuze in afwerkingen, van wit en zand tot antraciet, metallic, glas en hout. Mechanismen en afdekramen apart leverbaar zodat u per project combineert. CE-gecertificeerd, geschikt voor de standaard Europese inbouwdoos.</p><ul><li>CE-gecertificeerd</li><li>Schroefklem</li><li>Past in standaard inbouwdoos</li></ul><h3>Specificaties</h3><table><tr><td>USB</td><td>2x USB-A, 3,4 A totaal</td></tr><tr><td>Montage</td><td>Inbouw</td></tr><tr><td>IP-klasse</td><td>IP20</td></tr><tr><td>Afdekraam</td><td>Zonder afdekraam (apart bestellen)</td></tr><tr><td>Kleur</td><td>metallic</td></tr><tr><td>Spanning</td><td>230 V</td></tr></table><p>Minimale afname 10 stuks. Projectprijs vanaf 100 stuks op aanvraag. Levering binnen 5 werkdagen.</p>",Lichtplein,VOLTA,"VOLTA,B2B,Wandcontactdozen",TRUE,Title,Default Title,LP-VO307,85.15,continue,manual,TRUE,TRUE,https://lichtplein.nl/img/p/lp-vo307-1-l.webp,1,active
lp-vo307,,,,,,,,,,,,,,,https://lichtplein.nl/img/p/lp-vo307-2-l.webp,2,
lp-vo308,"Wandcontactdoos met randaarde, metallic","<p>Schakelmateriaal met een tijdloos design en ruime keuze in afwerkingen, van wit en zand tot antraciet, metallic, glas en hout. Mechanismen en afdekramen apart leverbaar zodat u per project combineert. CE-gecertificeerd, geschikt voor de standaard Europese inbouwdoos.</p><ul><li>CE-gecertificeerd</li><li>Veerklem, snelle montage</li><li>Past in standaard inbouwdoos</li></ul><h3>Specificaties</h3><table><tr><td>Nominale stroom</td><td>16 A</td></tr><tr><td>Montage</td><td>Inbouw</td></tr><tr><td>IP-klasse</td><td>IP20</td></tr><tr><td>Afdekraam</td><td>Zonder afdekraam (apart bestellen)</td></tr><tr><td>Aansluitklem</td><td>Veerklem (snelaansluiting)</td></tr><tr><td>Kleur</td><td>metallic</td></tr><tr><td>Spanning</td><td>230 V</td></tr></table><p>Minimale afname 10 stuks. Projectprijs vanaf 100 stuks op aanvraag. Levering binnen 5 werkdagen.</p>",Lichtplein,VOLTA,"VOLTA,B2B,Wandcontactdozen",TRUE,Title,Default Title,LP-VO308,14.79,continue,manual,TRUE,TRUE,https://lichtplein.nl/img/p/lp-vo308-1-l.webp,1,active
lp-vo309,"Wandcontactdoos met randaarde met klapdeksel, metallic","<p>Schakelmateriaal met een tijdloos design en ruime keuze in afwerkingen, van wit en zand tot antraciet, metallic, glas en hout. Mechanismen en afdekramen apart leverbaar zodat u per project combineert. CE-gecertificeerd, geschikt voor de standaard Europese inbouwdoos.</p><ul><li>CE-gecertificeerd</li><li>Veerklem, snelle montage</li><li>Past in standaard inbouwdoos</li></ul><h3>Specificaties</h3><table><tr><td>Nominale stroom</td><td>16 A</td></tr><tr><td>Montage</td><td>Inbouw</td></tr><tr><td>IP-klasse</td><td>IP44</td></tr><tr><td>Afdekraam</td><td>Zonder afdekraam (apart bestellen)</td></tr><tr><td>Aansluitklem</td><td>Veerklem (snelaansluiting)</td></tr><tr><td>Kleur</td><td>metallic</td></tr><tr><td>Spanning</td><td>230 V</td></tr></table><p>Minimale afname 10 stuks. Projectprijs vanaf 100 stuks op aanvraag. Levering binnen 5 werkdagen.</p>",Lichtplein,VOLTA,"VOLTA,B2B,Wandcontactdozen",TRUE,Title,Default Title,LP-VO309,19.55,continue,manual,TRUE,TRUE,https://lichtplein.nl/img/p/lp-vo309-1-l.webp,1,active
lp-vo310,"Wandcontactdoos met randaarde, spreidklauwen, metallic","<p>Schakelmateriaal met een tijdloos design en ruime keuze in afwerkingen, van wit en zand tot antraciet, metallic, glas en hout. Mechanismen en afdekramen apart leverbaar zodat u per project combineert. CE-gecertificeerd, geschikt voor de standaard Europese inbouwdoos.</p><ul><li>CE-gecertificeerd</li><li>Veerklem, snelle montage</li><li>Past in standaard inbouwdoos</li></ul><h3>Specificaties</h3><table><tr><td>Nominale stroom</td><td>16 A</td></tr><tr><td>Montage</td><td>Inbouw</td></tr><tr><td>IP-klasse</td><td>IP20</td></tr><tr><td>Afdekraam</td><td>Zonder afdekraam (apart bestellen)</td></tr><tr><td>Aansluitklem</td><td>Veerklem (snelaansluiting)</td></tr><tr><td>Kleur</td><td>metallic</td></tr><tr><td>Spanning</td><td>230 V</td></tr></table><p>Minimale afname 10 stuks. Projectprijs vanaf 100 stuks op aanvraag. Levering binnen 5 werkdagen.</p>",Lichtplein,VOLTA,"VOLTA,B2B,Wandcontactdozen",TRUE,Title,Default Title,LP-VO310,16.79,continue,manual,TRUE,TRUE,https://lichtplein.nl/img/p/lp-vo310-1-l.webp,1,active
lp-vo310,,,,,,,,,,,,,,,https://lichtplein.nl/img/p/lp-vo310-2-l.webp,2,
lp-vo311,"Dubbele wandcontactdoos zonder randaarde, metallic","<p>Schakelmateriaal met een tijdloos design en ruime keuze in afwerkingen, van wit en zand tot antraciet, metallic, glas en hout. Mechanismen en afdekramen apart leverbaar zodat u per project combineert. CE-gecertificeerd, geschikt voor de standaard Europese inbouwdoos.</p><ul><li>CE-gecertificeerd</li><li>Schroefklem</li><li>Past in standaard inbouwdoos</li></ul><h3>Specificaties</h3><table><tr><td>Nominale stroom</td><td>16 A</td></tr><tr><td>Montage</td><td>Inbouw</td></tr><tr><td>IP-klasse</td><td>IP20</td></tr><tr><td>Afdekraam</td><td>Inclusief afdekraam</td></tr><tr><td>Aansluitklem</td><td>Schroefklem</td></tr><tr><td>Kleur</td><td>metallic</td></tr><tr><td>Spanning</td><td>230 V</td></tr></table><p>Minimale afname 10 stuks. Projectprijs vanaf 100 stuks op aanvraag. Levering binnen 5 werkdagen.</p>",Lichtplein,VOLTA,"VOLTA,B2B,Wandcontactdozen",TRUE,Title,Default Title,LP-VO311,17.55,continue,manual,TRUE,TRUE,https://lichtplein.nl/img/p/lp-vo311-1-l.webp,1,active
lp-vo312,"Dubbele wandcontactdoos met randaarde, metallic","<p>Schakelmateriaal met een tijdloos design en ruime keuze in afwerkingen, van wit en zand tot antraciet, metallic, glas en hout. Mechanismen en afdekramen apart leverbaar zodat u per project combineert. CE-gecertificeerd, geschikt voor de standaard Europese inbouwdoos.</p><ul><li>CE-gecertificeerd</li><li>Schroefklem</li><li>Past in standaard inbouwdoos</li></ul><h3>Specificaties</h3><table><tr><td>Nominale stroom</td><td>16 A</td></tr><tr><td>Montage</td><td>Inbouw</td></tr><tr><td>IP-klasse</td><td>IP20</td></tr><tr><td>Afdekraam</td><td>Inclusief afdekraam</td></tr><tr><td>Aansluitklem</td><td>Schroefklem</td></tr><tr><td>Kleur</td><td>metallic</td></tr><tr><td>Spanning</td><td>230 V</td></tr></table><p>Minimale afname 10 stuks. Projectprijs vanaf 100 stuks op aanvraag. Levering binnen 5 werkdagen.</p>",Lichtplein,VOLTA,"VOLTA,B2B,Wandcontactdozen",TRUE,Title,Default Title,LP-VO312,21.75,continue,manual,TRUE,TRUE,https://lichtplein.nl/img/p/lp-vo312-1-l.webp,1,active
lp-vo313,"Wandcontactdoos zonder randaarde, metallic","<p>Schakelmateriaal met een tijdloos design en ruime keuze in afwerkingen, van wit en zand tot antraciet, metallic, glas en hout. Mechanismen en afdekramen apart leverbaar zodat u per project combineert. CE-gecertificeerd, geschikt voor de standaard Europese inbouwdoos.</p><ul><li>CE-gecertificeerd</li><li>Schroefklem</li><li>Past in standaard inbouwdoos</li></ul><h3>Specificaties</h3><table><tr><td>Nominale stroom</td><td>16 A</td></tr><tr><td>Montage</td><td>Inbouw</td></tr><tr><td>IP-klasse</td><td>IP20</td></tr><tr><td>Afdekraam</td><td>Zonder afdekraam (apart bestellen)</td></tr><tr><td>Aansluitklem</td><td>Schroefklem</td></tr><tr><td>Kleur</td><td>metallic</td></tr><tr><td>Spanning</td><td>230 V</td></tr></table><p>Minimale afname 10 stuks. Projectprijs vanaf 100 stuks op aanvraag. Levering binnen 5 werkdagen.</p>",Lichtplein,VOLTA,"VOLTA,B2B,Wandcontactdozen",TRUE,Title,Default Title,LP-VO313,11.79,continue,manual,TRUE,TRUE,https://lichtplein.nl/img/p/lp-vo313-1-l.webp,1,active
lp-vo313,,,,,,,,,,,,,,,https://lichtplein.nl/img/p/lp-vo313-2-l.webp,2,
lp-vo314,"Wandcontactdoos met randaarde, metallic","<p>Schakelmateriaal met een tijdloos design en ruime keuze in afwerkingen, van wit en zand tot antraciet, metallic, glas en hout. Mechanismen en afdekramen apart leverbaar zodat u per project combineert. CE-gecertificeerd, geschikt voor de standaard Europese inbouwdoos.</p><ul><li>CE-gecertificeerd</li><li>Schroefklem</li><li>Past in standaard inbouwdoos</li></ul><h3>Specificaties</h3><table><tr><td>Nominale stroom</td><td>16 A</td></tr><tr><td>Montage</td><td>Inbouw</td></tr><tr><td>IP-klasse</td><td>IP20</td></tr><tr><td>Afdekraam</td><td>Zonder afdekraam (apart bestellen)</td></tr><tr><td>Aansluitklem</td><td>Schroefklem</td></tr><tr><td>Kleur</td><td>metallic</td></tr><tr><td>Spanning</td><td>230 V</td></tr></table><p>Minimale afname 10 stuks. Projectprijs vanaf 100 stuks op aanvraag. Levering binnen 5 werkdagen.</p>",Lichtplein,VOLTA,"VOLTA,B2B,Wandcontactdozen",TRUE,Title,Default Title,LP-VO314,12.59,continue,manual,TRUE,TRUE,https://lichtplein.nl/img/p/lp-vo314-1-l.webp,1,active
lp-vo315,"Wandcontactdoos met randaarde met klapdeksel, metallic","<p>Schakelmateriaal met een tijdloos design en ruime keuze in afwerkingen, van wit en zand tot antraciet, metallic, glas en hout. Mechanismen en afdekramen apart leverbaar zodat u per project combineert. CE-gecertificeerd, geschikt voor de standaard Europese inbouwdoos.</p><ul><li>CE-gecertificeerd</li><li>Schroefklem</li><li>Past in standaard inbouwdoos</li></ul><h3>Specificaties</h3><table><tr><td>Nominale stroom</td><td>16 A</td></tr><tr><td>Montage</td><td>Inbouw</td></tr><tr><td>IP-klasse</td><td>IP44</td></tr><tr><td>Afdekraam</td><td>Zonder afdekraam (apart bestellen)</td></tr><tr><td>Aansluitklem</td><td>Schroefklem</td></tr><tr><td>Kleur</td><td>metallic</td></tr><tr><td>Spanning</td><td>230 V</td></tr></table><p>Minimale afname 10 stuks. Projectprijs vanaf 100 stuks op aanvraag. Levering binnen 5 werkdagen.</p>",Lichtplein,VOLTA,"VOLTA,B2B,Wandcontactdozen",TRUE,Title,Default Title,LP-VO315,16.79,continue,manual,TRUE,TRUE,https://lichtplein.nl/img/p/lp-vo315-1-l.webp,1,active
lp-vo316,"Wandcontactdoos met randaarde, spreidklauwen, metallic","<p>Schakelmateriaal met een tijdloos design en ruime keuze in afwerkingen, van wit en zand tot antraciet, metallic, glas en hout. Mechanismen en afdekramen apart leverbaar zodat u per project combineert. CE-gecertificeerd, geschikt voor de standaard Europese inbouwdoos.</p><ul><li>CE-gecertificeerd</li><li>Schroefklem</li><li>Past in standaard inbouwdoos</li></ul><h3>Specificaties</h3><table><tr><td>Nominale stroom</td><td>16 A</td></tr><tr><td>Montage</td><td>Inbouw</td></tr><tr><td>IP-klasse</td><td>IP20</td></tr><tr><td>Afdekraam</td><td>Zonder afdekraam (apart bestellen)</td></tr><tr><td>Aansluitklem</td><td>Schroefklem</td></tr><tr><td>Kleur</td><td>metallic</td></tr><tr><td>Spanning</td><td>230 V</td></tr></table><p>Minimale afname 10 stuks. Projectprijs vanaf 100 stuks op aanvraag. Levering binnen 5 werkdagen.</p>",Lichtplein,VOLTA,"VOLTA,B2B,Wandcontactdozen",TRUE,Title,Default Title,LP-VO316,13.65,continue,manual,TRUE,TRUE,https://lichtplein.nl/img/p/lp-vo316-1-l.webp,1,active
lp-vo316,,,,,,,,,,,,,,,https://lichtplein.nl/img/p/lp-vo316-2-l.webp,2,
lp-vo317,"Draaidimmer 40-400W, metallic","<p>Schakelmateriaal met een tijdloos design en ruime keuze in afwerkingen, van wit en zand tot antraciet, metallic, glas en hout. Mechanismen en afdekramen apart leverbaar zodat u per project combineert. CE-gecertificeerd, geschikt voor de standaard Europese inbouwdoos.</p><ul><li>CE-gecertificeerd</li><li>Schroefklem</li><li>Past in standaard inbouwdoos</li></ul><h3>Specificaties</h3><table><tr><td>Belasting</td><td>40-400W (gloei/halogeen)</td></tr><tr><td>Montage</td><td>Inbouw</td></tr><tr><td>IP-klasse</td><td>IP20</td></tr><tr><td>Kleur</td><td>metallic</td></tr><tr><td>Spanning</td><td>230 V</td></tr></table><p>Minimale afname 10 stuks. Projectprijs vanaf 100 stuks op aanvraag. Levering binnen 5 werkdagen.</p>",Lichtplein,VOLTA,"VOLTA,B2B,Dimmers",TRUE,Title,Default Title,LP-VO317,74.95,continue,manual,TRUE,TRUE,https://lichtplein.nl/img/p/lp-vo317-1-l.webp,1,active
lp-vo317,,,,,,,,,,,,,,,https://lichtplein.nl/img/p/lp-vo317-2-l.webp,2,
lp-vo318,"LED-draaidimmer 3-100W, metallic","<p>Schakelmateriaal met een tijdloos design en ruime keuze in afwerkingen, van wit en zand tot antraciet, metallic, glas en hout. Mechanismen en afdekramen apart leverbaar zodat u per project combineert. CE-gecertificeerd, geschikt voor de standaard Europese inbouwdoos.</p><ul><li>CE-gecertificeerd</li><li>Schroefklem</li><li>Past in standaard inbouwdoos</li></ul><h3>Specificaties</h3><table><tr><td>Belasting</td><td>LED 3-100W</td></tr><tr><td>Montage</td><td>Inbouw</td></tr><tr><td>IP-klasse</td><td>IP20</td></tr><tr><td>Kleur</td><td>metallic</td></tr><tr><td>Spanning</td><td>230 V</td></tr></table><p>Minimale afname 10 stuks. Projectprijs vanaf 100 stuks op aanvraag. Levering binnen 5 werkdagen.</p>",Lichtplein,VOLTA,"VOLTA,B2B,Dimmers",TRUE,Title,Default Title,LP-VO318,94.29,continue,manual,TRUE,TRUE,https://lichtplein.nl/img/p/lp-vo318-1-l.webp,1,active
lp-vo318,,,,,,,,,,,,,,,https://lichtplein.nl/img/p/lp-vo318-2-l.webp,2,
lp-vo319,"LED-draaidimmer fase-aan/afsnijding 3-100W, metallic","<p>Schakelmateriaal met een tijdloos design en ruime keuze in afwerkingen, van wit en zand tot antraciet, metallic, glas en hout. Mechanismen en afdekramen apart leverbaar zodat u per project combineert. CE-gecertificeerd, geschikt voor de standaard Europese inbouwdoos.</p><ul><li>CE-gecertificeerd</li><li>Schroefklem</li><li>Past in standaard inbouwdoos</li></ul><h3>Specificaties</h3><table><tr><td>Belasting</td><td>LED 3-100W</td></tr><tr><td>Montage</td><td>Inbouw</td></tr><tr><td>IP-klasse</td><td>IP20</td></tr><tr><td>Kleur</td><td>metallic</td></tr><tr><td>Spanning</td><td>230 V</td></tr></table><p>Minimale afname 10 stuks. Projectprijs vanaf 100 stuks op aanvraag. Levering binnen 5 werkdagen.</p>",Lichtplein,VOLTA,"VOLTA,B2B,Dimmers",TRUE,Title,Default Title,LP-VO319,125.00,continue,manual,TRUE,TRUE,https://lichtplein.nl/img/p/lp-vo319-1-l.webp,1,active
lp-vo320,"LED-drukdimmer 8-105W, metallic","<p>Schakelmateriaal met een tijdloos design en ruime keuze in afwerkingen, van wit en zand tot antraciet, metallic, glas en hout. Mechanismen en afdekramen apart leverbaar zodat u per project combineert. CE-gecertificeerd, geschikt voor de standaard Europese inbouwdoos.</p><ul><li>CE-gecertificeerd</li><li>Schroefklem</li><li>Past in standaard inbouwdoos</li></ul><h3>Specificaties</h3><table><tr><td>Belasting</td><td>LED 8-105W</td></tr><tr><td>Montage</td><td>Inbouw</td></tr><tr><td>IP-klasse</td><td>IP20</td></tr><tr><td>Kleur</td><td>metallic</td></tr><tr><td>Spanning</td><td>230 V</td></tr></table><p>Minimale afname 10 stuks. Projectprijs vanaf 100 stuks op aanvraag. Levering binnen 5 werkdagen.</p>",Lichtplein,VOLTA,"VOLTA,B2B,Dimmers",TRUE,Title,Default Title,LP-VO320,139.00,continue,manual,TRUE,TRUE,https://lichtplein.nl/img/p/lp-vo320-1-l.webp,1,active
lp-vo321,"LED-draaidimmer 5-200W, metallic","<p>Schakelmateriaal met een tijdloos design en ruime keuze in afwerkingen, van wit en zand tot antraciet, metallic, glas en hout. Mechanismen en afdekramen apart leverbaar zodat u per project combineert. CE-gecertificeerd, geschikt voor de standaard Europese inbouwdoos.</p><ul><li>CE-gecertificeerd</li><li>Schroefklem</li><li>Past in standaard inbouwdoos</li></ul><h3>Specificaties</h3><table><tr><td>Belasting</td><td>LED 5-200W</td></tr><tr><td>Montage</td><td>Inbouw</td></tr><tr><td>IP-klasse</td><td>IP20</td></tr><tr><td>Kleur</td><td>metallic</td></tr><tr><td>Spanning</td><td>230 V</td></tr></table><p>Minimale afname 10 stuks. Projectprijs vanaf 100 stuks op aanvraag. Levering binnen 5 werkdagen.</p>",Lichtplein,VOLTA,"VOLTA,B2B,Dimmers",TRUE,Title,Default Title,LP-VO321,169.00,continue,manual,TRUE,TRUE,https://lichtplein.nl/img/p/lp-vo321-1-l.webp,1,active
lp-vo322,"Netwerkaansluiting RJ45 CAT6, metallic","<p>Schakelmateriaal met een tijdloos design en ruime keuze in afwerkingen, van wit en zand tot antraciet, metallic, glas en hout. Mechanismen en afdekramen apart leverbaar zodat u per project combineert. CE-gecertificeerd, geschikt voor de standaard Europese inbouwdoos.</p><ul><li>CE-gecertificeerd</li><li>Schroefklem</li><li>Past in standaard inbouwdoos</li></ul><h3>Specificaties</h3><table><tr><td>Montage</td><td>Inbouw</td></tr><tr><td>IP-klasse</td><td>IP20</td></tr><tr><td>Kleur</td><td>metallic</td></tr></table><p>Minimale afname 10 stuks. Projectprijs vanaf 100 stuks op aanvraag. Levering binnen 5 werkdagen.</p>",Lichtplein,VOLTA,"VOLTA,B2B,Data en media",TRUE,Title,Default Title,LP-VO322,21.25,continue,manual,TRUE,TRUE,https://lichtplein.nl/img/p/lp-vo322-1-l.webp,1,active
lp-vo322,,,,,,,,,,,,,,,https://lichtplein.nl/img/p/lp-vo322-2-l.webp,2,
lp-vo322,,,,,,,,,,,,,,,https://lichtplein.nl/img/p/lp-vo322-3-l.webp,3,
lp-vo323,"Netwerkaansluiting 2x RJ45 CAT6, metallic","<p>Schakelmateriaal met een tijdloos design en ruime keuze in afwerkingen, van wit en zand tot antraciet, metallic, glas en hout. Mechanismen en afdekramen apart leverbaar zodat u per project combineert. CE-gecertificeerd, geschikt voor de standaard Europese inbouwdoos.</p><ul><li>CE-gecertificeerd</li><li>Schroefklem</li><li>Past in standaard inbouwdoos</li></ul><h3>Specificaties</h3><table><tr><td>Montage</td><td>Inbouw</td></tr><tr><td>IP-klasse</td><td>IP20</td></tr><tr><td>Kleur</td><td>metallic</td></tr></table><p>Minimale afname 10 stuks. Projectprijs vanaf 100 stuks op aanvraag. Levering binnen 5 werkdagen.</p>",Lichtplein,VOLTA,"VOLTA,B2B,Data en media",TRUE,Title,Default Title,LP-VO323,29.69,continue,manual,TRUE,TRUE,https://lichtplein.nl/img/p/lp-vo323-1-l.webp,1,active
lp-vo323,,,,,,,,,,,,,,,https://lichtplein.nl/img/p/lp-vo323-2-l.webp,2,
lp-vo323,,,,,,,,,,,,,,,https://lichtplein.nl/img/p/lp-vo323-3-l.webp,3,
lp-vo324,"TV-aansluiting F-connector, metallic","<p>Schakelmateriaal met een tijdloos design en ruime keuze in afwerkingen, van wit en zand tot antraciet, metallic, glas en hout. Mechanismen en afdekramen apart leverbaar zodat u per project combineert. CE-gecertificeerd, geschikt voor de standaard Europese inbouwdoos.</p><ul><li>CE-gecertificeerd</li><li>Schroefklem</li><li>Past in standaard inbouwdoos</li></ul><h3>Specificaties</h3><table><tr><td>Montage</td><td>Inbouw</td></tr><tr><td>IP-klasse</td><td>IP20</td></tr><tr><td>Kleur</td><td>metallic</td></tr></table><p>Minimale afname 10 stuks. Projectprijs vanaf 100 stuks op aanvraag. Levering binnen 5 werkdagen.</p>",Lichtplein,VOLTA,"VOLTA,B2B,Data en media",TRUE,Title,Default Title,LP-VO324,13.19,continue,manual,TRUE,TRUE,https://lichtplein.nl/img/p/lp-vo324-1-l.webp,1,active
lp-vo324,,,,,,,,,,,,,,,https://lichtplein.nl/img/p/lp-vo324-2-l.webp,2,
lp-vo325,"Blindplaat, metallic","<p>Schakelmateriaal met een tijdloos design en ruime keuze in afwerkingen, van wit en zand tot antraciet, metallic, glas en hout. Mechanismen en afdekramen apart leverbaar zodat u per project combineert. CE-gecertificeerd, geschikt voor de standaard Europese inbouwdoos.</p><ul><li>CE-gecertificeerd</li><li>Standaard Europese maatvoering</li><li>Direct uit voorraad</li></ul><h3>Specificaties</h3><table><tr><td>Montage</td><td>Inbouw</td></tr><tr><td>IP-klasse</td><td>IP20</td></tr><tr><td>Kleur</td><td>metallic</td></tr></table><p>Minimale afname 10 stuks. Projectprijs vanaf 100 stuks op aanvraag. Levering binnen 5 werkdagen.</p>",Lichtplein,VOLTA,"VOLTA,B2B,Afwerking",TRUE,Title,Default Title,LP-VO325,7.85,continue,manual,TRUE,TRUE,https://lichtplein.nl/img/p/lp-vo325-1-l.webp,1,active
lp-vo325,,,,,,,,,,,,,,,https://lichtplein.nl/img/p/lp-vo325-2-l.webp,2,
lp-vo326,"Opbouwdoos 1-voudig, metallic","<p>Schakelmateriaal met een tijdloos design en ruime keuze in afwerkingen, van wit en zand tot antraciet, metallic, glas en hout. Mechanismen en afdekramen apart leverbaar zodat u per project combineert. CE-gecertificeerd, geschikt voor de standaard Europese inbouwdoos.</p><ul><li>CE-gecertificeerd</li><li>Standaard Europese maatvoering</li><li>Direct uit voorraad</li></ul><h3>Specificaties</h3><table><tr><td>Kleur</td><td>metallic</td></tr></table><p>Minimale afname 10 stuks. Projectprijs vanaf 100 stuks op aanvraag. Levering binnen 5 werkdagen.</p>",Lichtplein,VOLTA,"VOLTA,B2B,Opbouwdozen",TRUE,Title,Default Title,LP-VO326,13.05,continue,manual,TRUE,TRUE,https://lichtplein.nl/img/p/lp-vo326-1-l.webp,1,active
lp-vo327,"Opbouwdoos 2-voudig, metallic","<p>Schakelmateriaal met een tijdloos design en ruime keuze in afwerkingen, van wit en zand tot antraciet, metallic, glas en hout. Mechanismen en afdekramen apart leverbaar zodat u per project combineert. CE-gecertificeerd, geschikt voor de standaard Europese inbouwdoos.</p><ul><li>CE-gecertificeerd</li><li>Standaard Europese maatvoering</li><li>Direct uit voorraad</li></ul><h3>Specificaties</h3><table><tr><td>Kleur</td><td>metallic</td></tr></table><p>Minimale afname 10 stuks. Projectprijs vanaf 100 stuks op aanvraag. Levering binnen 5 werkdagen.</p>",Lichtplein,VOLTA,"VOLTA,B2B,Opbouwdozen",TRUE,Title,Default Title,LP-VO327,14.19,continue,manual,TRUE,TRUE,https://lichtplein.nl/img/p/lp-vo327-1-l.webp,1,active
lp-vo328,"Aansluiting HDMI en USB, metallic","<p>Schakelmateriaal met een tijdloos design en ruime keuze in afwerkingen, van wit en zand tot antraciet, metallic, glas en hout. Mechanismen en afdekramen apart leverbaar zodat u per project combineert. CE-gecertificeerd, geschikt voor de standaard Europese inbouwdoos.</p><ul><li>CE-gecertificeerd</li><li>Schroefklem</li><li>Past in standaard inbouwdoos</li></ul><h3>Specificaties</h3><table><tr><td>Montage</td><td>Inbouw</td></tr><tr><td>IP-klasse</td><td>IP20</td></tr><tr><td>Kleur</td><td>metallic</td></tr></table><p>Minimale afname 10 stuks. Projectprijs vanaf 100 stuks op aanvraag. Levering binnen 5 werkdagen.</p>",Lichtplein,VOLTA,"VOLTA,B2B,Data en media",TRUE,Title,Default Title,LP-VO328,40.59,continue,manual,TRUE,TRUE,,,active
lp-vo329,"Luidsprekeraansluiting enkel, metallic","<p>Schakelmateriaal met een tijdloos design en ruime keuze in afwerkingen, van wit en zand tot antraciet, metallic, glas en hout. Mechanismen en afdekramen apart leverbaar zodat u per project combineert. CE-gecertificeerd, geschikt voor de standaard Europese inbouwdoos.</p><ul><li>CE-gecertificeerd</li><li>Schroefklem</li><li>Past in standaard inbouwdoos</li></ul><h3>Specificaties</h3><table><tr><td>Montage</td><td>Inbouw</td></tr><tr><td>IP-klasse</td><td>IP20</td></tr><tr><td>Kleur</td><td>metallic</td></tr></table><p>Minimale afname 10 stuks. Projectprijs vanaf 100 stuks op aanvraag. Levering binnen 5 werkdagen.</p>",Lichtplein,VOLTA,"VOLTA,B2B,Data en media",TRUE,Title,Default Title,LP-VO329,20.55,continue,manual,TRUE,TRUE,https://lichtplein.nl/img/p/lp-vo329-1-l.webp,1,active
lp-vo329,,,,,,,,,,,,,,,https://lichtplein.nl/img/p/lp-vo329-2-l.webp,2,
lp-vo330,"Luidsprekeraansluiting dubbel, metallic","<p>Schakelmateriaal met een tijdloos design en ruime keuze in afwerkingen, van wit en zand tot antraciet, metallic, glas en hout. Mechanismen en afdekramen apart leverbaar zodat u per project combineert. CE-gecertificeerd, geschikt voor de standaard Europese inbouwdoos.</p><ul><li>CE-gecertificeerd</li><li>Schroefklem</li><li>Past in standaard inbouwdoos</li></ul><h3>Specificaties</h3><table><tr><td>Montage</td><td>Inbouw</td></tr><tr><td>IP-klasse</td><td>IP20</td></tr><tr><td>Kleur</td><td>metallic</td></tr></table><p>Minimale afname 10 stuks. Projectprijs vanaf 100 stuks op aanvraag. Levering binnen 5 werkdagen.</p>",Lichtplein,VOLTA,"VOLTA,B2B,Data en media",TRUE,Title,Default Title,LP-VO330,21.79,continue,manual,TRUE,TRUE,https://lichtplein.nl/img/p/lp-vo330-1-l.webp,1,active
lp-vo330,,,,,,,,,,,,,,,https://lichtplein.nl/img/p/lp-vo330-2-l.webp,2,
lp-vo331,"Afdekplaat 1x RJ45 keystone, metallic","<p>Schakelmateriaal met een tijdloos design en ruime keuze in afwerkingen, van wit en zand tot antraciet, metallic, glas en hout. Mechanismen en afdekramen apart leverbaar zodat u per project combineert. CE-gecertificeerd, geschikt voor de standaard Europese inbouwdoos.</p><ul><li>CE-gecertificeerd</li><li>Schroefklem</li><li>Past in standaard inbouwdoos</li></ul><h3>Specificaties</h3><table><tr><td>Montage</td><td>Inbouw</td></tr><tr><td>IP-klasse</td><td>IP20</td></tr><tr><td>Kleur</td><td>metallic</td></tr></table><p>Minimale afname 10 stuks. Projectprijs vanaf 100 stuks op aanvraag. Levering binnen 5 werkdagen.</p>",Lichtplein,VOLTA,"VOLTA,B2B,Data en media",TRUE,Title,Default Title,LP-VO331,15.05,continue,manual,TRUE,TRUE,https://lichtplein.nl/img/p/lp-vo331-1-l.webp,1,active
lp-vo331,,,,,,,,,,,,,,,https://lichtplein.nl/img/p/lp-vo331-2-l.webp,2,
lp-vo332,"Afdekplaat 2x RJ45 keystone, metallic","<p>Schakelmateriaal met een tijdloos design en ruime keuze in afwerkingen, van wit en zand tot antraciet, metallic, glas en hout. Mechanismen en afdekramen apart leverbaar zodat u per project combineert. CE-gecertificeerd, geschikt voor de standaard Europese inbouwdoos.</p><ul><li>CE-gecertificeerd</li><li>Schroefklem</li><li>Past in standaard inbouwdoos</li></ul><h3>Specificaties</h3><table><tr><td>Montage</td><td>Inbouw</td></tr><tr><td>IP-klasse</td><td>IP20</td></tr><tr><td>Kleur</td><td>metallic</td></tr></table><p>Minimale afname 10 stuks. Projectprijs vanaf 100 stuks op aanvraag. Levering binnen 5 werkdagen.</p>",Lichtplein,VOLTA,"VOLTA,B2B,Data en media",TRUE,Title,Default Title,LP-VO332,15.05,continue,manual,TRUE,TRUE,https://lichtplein.nl/img/p/lp-vo332-1-l.webp,1,active
lp-vo332,,,,,,,,,,,,,,,https://lichtplein.nl/img/p/lp-vo332-2-l.webp,2,
lp-vo333,"Afdekplaat 1x RJ45 keystone, metallic","<p>Schakelmateriaal met een tijdloos design en ruime keuze in afwerkingen, van wit en zand tot antraciet, metallic, glas en hout. Mechanismen en afdekramen apart leverbaar zodat u per project combineert. CE-gecertificeerd, geschikt voor de standaard Europese inbouwdoos.</p><ul><li>CE-gecertificeerd</li><li>Schroefklem</li><li>Past in standaard inbouwdoos</li></ul><h3>Specificaties</h3><table><tr><td>Montage</td><td>Inbouw</td></tr><tr><td>IP-klasse</td><td>IP20</td></tr><tr><td>Kleur</td><td>metallic</td></tr></table><p>Minimale afname 10 stuks. Projectprijs vanaf 100 stuks op aanvraag. Levering binnen 5 werkdagen.</p>",Lichtplein,VOLTA,"VOLTA,B2B,Data en media",TRUE,Title,Default Title,LP-VO333,15.55,continue,manual,TRUE,TRUE,https://lichtplein.nl/img/p/lp-vo333-1-l.webp,1,active
lp-vo333,,,,,,,,,,,,,,,https://lichtplein.nl/img/p/lp-vo333-2-l.webp,2,
lp-vo334,"Afdekplaat 2x RJ45 keystone, metallic","<p>Schakelmateriaal met een tijdloos design en ruime keuze in afwerkingen, van wit en zand tot antraciet, metallic, glas en hout. Mechanismen en afdekramen apart leverbaar zodat u per project combineert. CE-gecertificeerd, geschikt voor de standaard Europese inbouwdoos.</p><ul><li>CE-gecertificeerd</li><li>Schroefklem</li><li>Past in standaard inbouwdoos</li></ul><h3>Specificaties</h3><table><tr><td>Montage</td><td>Inbouw</td></tr><tr><td>IP-klasse</td><td>IP20</td></tr><tr><td>Kleur</td><td>metallic</td></tr></table><p>Minimale afname 10 stuks. Projectprijs vanaf 100 stuks op aanvraag. Levering binnen 5 werkdagen.</p>",Lichtplein,VOLTA,"VOLTA,B2B,Data en media",TRUE,Title,Default Title,LP-VO334,15.55,continue,manual,TRUE,TRUE,https://lichtplein.nl/img/p/lp-vo334-1-l.webp,1,active
lp-vo334,,,,,,,,,,,,,,,https://lichtplein.nl/img/p/lp-vo334-2-l.webp,2,
lp-vo335,"Afdekking voor TV-contactdoos (onderdeel), metallic","<p>Schakelmateriaal met een tijdloos design en ruime keuze in afwerkingen, van wit en zand tot antraciet, metallic, glas en hout. Mechanismen en afdekramen apart leverbaar zodat u per project combineert. CE-gecertificeerd, geschikt voor de standaard Europese inbouwdoos.</p><ul><li>CE-gecertificeerd</li><li>Schroefklem</li><li>Past in standaard inbouwdoos</li></ul><h3>Specificaties</h3><table><tr><td>Montage</td><td>Inbouw</td></tr><tr><td>IP-klasse</td><td>IP20</td></tr><tr><td>Kleur</td><td>metallic</td></tr></table><p>Minimale afname 10 stuks. Projectprijs vanaf 100 stuks op aanvraag. Levering binnen 5 werkdagen.</p>",Lichtplein,VOLTA,"VOLTA,B2B,Data en media",TRUE,Title,Default Title,LP-VO335,11.29,continue,manual,TRUE,TRUE,,,active
lp-vo336,"Afdekking voor TV-contactdoos (onderdeel), metallic","<p>Schakelmateriaal met een tijdloos design en ruime keuze in afwerkingen, van wit en zand tot antraciet, metallic, glas en hout. Mechanismen en afdekramen apart leverbaar zodat u per project combineert. CE-gecertificeerd, geschikt voor de standaard Europese inbouwdoos.</p><ul><li>CE-gecertificeerd</li><li>Schroefklem</li><li>Past in standaard inbouwdoos</li></ul><h3>Specificaties</h3><table><tr><td>Montage</td><td>Inbouw</td></tr><tr><td>IP-klasse</td><td>IP20</td></tr><tr><td>Kleur</td><td>metallic</td></tr></table><p>Minimale afname 10 stuks. Projectprijs vanaf 100 stuks op aanvraag. Levering binnen 5 werkdagen.</p>",Lichtplein,VOLTA,"VOLTA,B2B,Data en media",TRUE,Title,Default Title,LP-VO336,11.29,continue,manual,TRUE,TRUE,,,active
lp-vo337,"Afdekraam 1-voudig Classic, metallic","<p>Schakelmateriaal met een tijdloos design en ruime keuze in afwerkingen, van wit en zand tot antraciet, metallic, glas en hout. Mechanismen en afdekramen apart leverbaar zodat u per project combineert. CE-gecertificeerd, geschikt voor de standaard Europese inbouwdoos.</p><ul><li>CE-gecertificeerd</li><li>Standaard Europese maatvoering</li><li>Direct uit voorraad</li></ul><h3>Specificaties</h3><table><tr><td>Kleur</td><td>metallic</td></tr></table><p>Minimale afname 10 stuks. Projectprijs vanaf 100 stuks op aanvraag. Levering binnen 5 werkdagen.</p>",Lichtplein,VOLTA,"VOLTA,B2B,Afdekramen",TRUE,Title,Default Title,LP-VO337,3.45,continue,manual,TRUE,TRUE,,,active
lp-vo338,"Afdekraam 2-voudig Classic, metallic","<p>Schakelmateriaal met een tijdloos design en ruime keuze in afwerkingen, van wit en zand tot antraciet, metallic, glas en hout. Mechanismen en afdekramen apart leverbaar zodat u per project combineert. CE-gecertificeerd, geschikt voor de standaard Europese inbouwdoos.</p><ul><li>CE-gecertificeerd</li><li>Standaard Europese maatvoering</li><li>Direct uit voorraad</li></ul><h3>Specificaties</h3><table><tr><td>Kleur</td><td>metallic</td></tr></table><p>Minimale afname 10 stuks. Projectprijs vanaf 100 stuks op aanvraag. Levering binnen 5 werkdagen.</p>",Lichtplein,VOLTA,"VOLTA,B2B,Afdekramen",TRUE,Title,Default Title,LP-VO338,5.39,continue,manual,TRUE,TRUE,,,active
lp-vo339,"Afdekraam 3-voudig Classic, metallic","<p>Schakelmateriaal met een tijdloos design en ruime keuze in afwerkingen, van wit en zand tot antraciet, metallic, glas en hout. Mechanismen en afdekramen apart leverbaar zodat u per project combineert. CE-gecertificeerd, geschikt voor de standaard Europese inbouwdoos.</p><ul><li>CE-gecertificeerd</li><li>Standaard Europese maatvoering</li><li>Direct uit voorraad</li></ul><h3>Specificaties</h3><table><tr><td>Kleur</td><td>metallic</td></tr></table><p>Minimale afname 10 stuks. Projectprijs vanaf 100 stuks op aanvraag. Levering binnen 5 werkdagen.</p>",Lichtplein,VOLTA,"VOLTA,B2B,Afdekramen",TRUE,Title,Default Title,LP-VO339,8.05,continue,manual,TRUE,TRUE,,,active
lp-vo340,"Afdekraam 4-voudig Classic, metallic","<p>Schakelmateriaal met een tijdloos design en ruime keuze in afwerkingen, van wit en zand tot antraciet, metallic, glas en hout. Mechanismen en afdekramen apart leverbaar zodat u per project combineert. CE-gecertificeerd, geschikt voor de standaard Europese inbouwdoos.</p><ul><li>CE-gecertificeerd</li><li>Standaard Europese maatvoering</li><li>Direct uit voorraad</li></ul><h3>Specificaties</h3><table><tr><td>Kleur</td><td>metallic</td></tr></table><p>Minimale afname 10 stuks. Projectprijs vanaf 100 stuks op aanvraag. Levering binnen 5 werkdagen.</p>",Lichtplein,VOLTA,"VOLTA,B2B,Afdekramen",TRUE,Title,Default Title,LP-VO340,10.05,continue,manual,TRUE,TRUE,,,active
lp-vo341,"Afdekraam 5-voudig Classic, metallic","<p>Schakelmateriaal met een tijdloos design en ruime keuze in afwerkingen, van wit en zand tot antraciet, metallic, glas en hout. Mechanismen en afdekramen apart leverbaar zodat u per project combineert. CE-gecertificeerd, geschikt voor de standaard Europese inbouwdoos.</p><ul><li>CE-gecertificeerd</li><li>Standaard Europese maatvoering</li><li>Direct uit voorraad</li></ul><h3>Specificaties</h3><table><tr><td>Kleur</td><td>metallic</td></tr></table><p>Minimale afname 10 stuks. Projectprijs vanaf 100 stuks op aanvraag. Levering binnen 5 werkdagen.</p>",Lichtplein,VOLTA,"VOLTA,B2B,Afdekramen",TRUE,Title,Default Title,LP-VO341,13.19,continue,manual,TRUE,TRUE,,,active
lp-vo342,"Afdekraam 6-voudig Classic, metallic","<p>Schakelmateriaal met een tijdloos design en ruime keuze in afwerkingen, van wit en zand tot antraciet, metallic, glas en hout. Mechanismen en afdekramen apart leverbaar zodat u per project combineert. CE-gecertificeerd, geschikt voor de standaard Europese inbouwdoos.</p><ul><li>CE-gecertificeerd</li><li>Standaard Europese maatvoering</li><li>Direct uit voorraad</li></ul><h3>Specificaties</h3><table><tr><td>Kleur</td><td>metallic</td></tr></table><p>Minimale afname 10 stuks. Projectprijs vanaf 100 stuks op aanvraag. Levering binnen 5 werkdagen.</p>",Lichtplein,VOLTA,"VOLTA,B2B,Afdekramen",TRUE,Title,Default Title,LP-VO342,17.65,continue,manual,TRUE,TRUE,,,active
lp-vo343,"Afdekraam 1-voudig SlimLine, metallic","<p>Schakelmateriaal met een tijdloos design en ruime keuze in afwerkingen, van wit en zand tot antraciet, metallic, glas en hout. Mechanismen en afdekramen apart leverbaar zodat u per project combineert. CE-gecertificeerd, geschikt voor de standaard Europese inbouwdoos.</p><ul><li>CE-gecertificeerd</li><li>Standaard Europese maatvoering</li><li>Direct uit voorraad</li></ul><h3>Specificaties</h3><table><tr><td>Kleur</td><td>metallic</td></tr></table><p>Minimale afname 10 stuks. Projectprijs vanaf 100 stuks op aanvraag. Levering binnen 5 werkdagen.</p>",Lichtplein,VOLTA,"VOLTA,B2B,Afdekramen",TRUE,Title,Default Title,LP-VO343,3.59,continue,manual,TRUE,TRUE,,,active
lp-vo344,"Afdekraam 2-voudig SlimLine, metallic","<p>Schakelmateriaal met een tijdloos design en ruime keuze in afwerkingen, van wit en zand tot antraciet, metallic, glas en hout. Mechanismen en afdekramen apart leverbaar zodat u per project combineert. CE-gecertificeerd, geschikt voor de standaard Europese inbouwdoos.</p><ul><li>CE-gecertificeerd</li><li>Standaard Europese maatvoering</li><li>Direct uit voorraad</li></ul><h3>Specificaties</h3><table><tr><td>Kleur</td><td>metallic</td></tr></table><p>Minimale afname 10 stuks. Projectprijs vanaf 100 stuks op aanvraag. Levering binnen 5 werkdagen.</p>",Lichtplein,VOLTA,"VOLTA,B2B,Afdekramen",TRUE,Title,Default Title,LP-VO344,5.55,continue,manual,TRUE,TRUE,,,active
lp-vo345,"Afdekraam 3-voudig SlimLine, metallic","<p>Schakelmateriaal met een tijdloos design en ruime keuze in afwerkingen, van wit en zand tot antraciet, metallic, glas en hout. Mechanismen en afdekramen apart leverbaar zodat u per project combineert. CE-gecertificeerd, geschikt voor de standaard Europese inbouwdoos.</p><ul><li>CE-gecertificeerd</li><li>Standaard Europese maatvoering</li><li>Direct uit voorraad</li></ul><h3>Specificaties</h3><table><tr><td>Kleur</td><td>metallic</td></tr></table><p>Minimale afname 10 stuks. Projectprijs vanaf 100 stuks op aanvraag. Levering binnen 5 werkdagen.</p>",Lichtplein,VOLTA,"VOLTA,B2B,Afdekramen",TRUE,Title,Default Title,LP-VO345,8.25,continue,manual,TRUE,TRUE,,,active
lp-vo346,"Afdekraam 4-voudig SlimLine, metallic","<p>Schakelmateriaal met een tijdloos design en ruime keuze in afwerkingen, van wit en zand tot antraciet, metallic, glas en hout. Mechanismen en afdekramen apart leverbaar zodat u per project combineert. CE-gecertificeerd, geschikt voor de standaard Europese inbouwdoos.</p><ul><li>CE-gecertificeerd</li><li>Standaard Europese maatvoering</li><li>Direct uit voorraad</li></ul><h3>Specificaties</h3><table><tr><td>Kleur</td><td>metallic</td></tr></table><p>Minimale afname 10 stuks. Projectprijs vanaf 100 stuks op aanvraag. Levering binnen 5 werkdagen.</p>",Lichtplein,VOLTA,"VOLTA,B2B,Afdekramen",TRUE,Title,Default Title,LP-VO346,10.59,continue,manual,TRUE,TRUE,,,active
lp-vo347,"Afdekraam 5-voudig SlimLine, metallic","<p>Schakelmateriaal met een tijdloos design en ruime keuze in afwerkingen, van wit en zand tot antraciet, metallic, glas en hout. Mechanismen en afdekramen apart leverbaar zodat u per project combineert. CE-gecertificeerd, geschikt voor de standaard Europese inbouwdoos.</p><ul><li>CE-gecertificeerd</li><li>Standaard Europese maatvoering</li><li>Direct uit voorraad</li></ul><h3>Specificaties</h3><table><tr><td>Kleur</td><td>metallic</td></tr></table><p>Minimale afname 10 stuks. Projectprijs vanaf 100 stuks op aanvraag. Levering binnen 5 werkdagen.</p>",Lichtplein,VOLTA,"VOLTA,B2B,Afdekramen",TRUE,Title,Default Title,LP-VO347,13.85,continue,manual,TRUE,TRUE,,,active
lp-vo348,"Afdekraam 6-voudig SlimLine, metallic","<p>Schakelmateriaal met een tijdloos design en ruime keuze in afwerkingen, van wit en zand tot antraciet, metallic, glas en hout. Mechanismen en afdekramen apart leverbaar zodat u per project combineert. CE-gecertificeerd, geschikt voor de standaard Europese inbouwdoos.</p><ul><li>CE-gecertificeerd</li><li>Standaard Europese maatvoering</li><li>Direct uit voorraad</li></ul><h3>Specificaties</h3><table><tr><td>Kleur</td><td>metallic</td></tr></table><p>Minimale afname 10 stuks. Projectprijs vanaf 100 stuks op aanvraag. Levering binnen 5 werkdagen.</p>",Lichtplein,VOLTA,"VOLTA,B2B,Afdekramen",TRUE,Title,Default Title,LP-VO348,17.95,continue,manual,TRUE,TRUE,,,active
lp-vo349,"Enkelpolige schakelaar, antraciet","<p>Schakelmateriaal met een tijdloos design en ruime keuze in afwerkingen, van wit en zand tot antraciet, metallic, glas en hout. Mechanismen en afdekramen apart leverbaar zodat u per project combineert. CE-gecertificeerd, geschikt voor de standaard Europese inbouwdoos.</p><ul><li>CE-gecertificeerd</li><li>Veerklem, snelle montage</li><li>Past in standaard inbouwdoos</li></ul><h3>Specificaties</h3><table><tr><td>Montage</td><td>Inbouw</td></tr><tr><td>IP-klasse</td><td>IP20</td></tr><tr><td>Afdekraam</td><td>Zonder afdekraam (apart bestellen)</td></tr><tr><td>Nominale stroom</td><td>10 A</td></tr><tr><td>Aansluitklem</td><td>Veerklem (snelaansluiting)</td></tr><tr><td>Kleur</td><td>antraciet</td></tr><tr><td>Spanning</td><td>230 V</td></tr></table><p>Minimale afname 10 stuks. Projectprijs vanaf 100 stuks op aanvraag. Levering binnen 5 werkdagen.</p>",Lichtplein,VOLTA,"VOLTA,B2B,Schakelaars",TRUE,Title,Default Title,LP-VO349,15.65,continue,manual,TRUE,TRUE,https://lichtplein.nl/img/p/lp-vo349-1-l.webp,1,active
lp-vo350,"Enkelpolige schakelaar, antraciet","<p>Schakelmateriaal met een tijdloos design en ruime keuze in afwerkingen, van wit en zand tot antraciet, metallic, glas en hout. Mechanismen en afdekramen apart leverbaar zodat u per project combineert. CE-gecertificeerd, geschikt voor de standaard Europese inbouwdoos.</p><ul><li>CE-gecertificeerd</li><li>Veerklem, snelle montage</li><li>Past in standaard inbouwdoos</li></ul><h3>Specificaties</h3><table><tr><td>Montage</td><td>Inbouw</td></tr><tr><td>IP-klasse</td><td>IP20</td></tr><tr><td>Afdekraam</td><td>Zonder afdekraam (apart bestellen)</td></tr><tr><td>Nominale stroom</td><td>10 A</td></tr><tr><td>Aansluitklem</td><td>Veerklem (snelaansluiting)</td></tr><tr><td>Kleur</td><td>antraciet</td></tr><tr><td>Spanning</td><td>230 V</td></tr></table><p>Minimale afname 10 stuks. Projectprijs vanaf 100 stuks op aanvraag. Levering binnen 5 werkdagen.</p>",Lichtplein,VOLTA,"VOLTA,B2B,Schakelaars",TRUE,Title,Default Title,LP-VO350,145.00,continue,manual,TRUE,TRUE,https://lichtplein.nl/img/p/lp-vo350-1-l.webp,1,active
lp-vo351,"Pulsdrukker enkel, antraciet","<p>Schakelmateriaal met een tijdloos design en ruime keuze in afwerkingen, van wit en zand tot antraciet, metallic, glas en hout. Mechanismen en afdekramen apart leverbaar zodat u per project combineert. CE-gecertificeerd, geschikt voor de standaard Europese inbouwdoos.</p><ul><li>CE-gecertificeerd</li><li>Veerklem, snelle montage</li><li>Past in standaard inbouwdoos</li></ul><h3>Specificaties</h3><table><tr><td>Montage</td><td>Inbouw</td></tr><tr><td>IP-klasse</td><td>IP20</td></tr><tr><td>Afdekraam</td><td>Zonder afdekraam (apart bestellen)</td></tr><tr><td>Nominale stroom</td><td>10 A</td></tr><tr><td>Aansluitklem</td><td>Veerklem (snelaansluiting)</td></tr><tr><td>Kleur</td><td>antraciet</td></tr><tr><td>Spanning</td><td>230 V</td></tr></table><p>Minimale afname 10 stuks. Projectprijs vanaf 100 stuks op aanvraag. Levering binnen 5 werkdagen.</p>",Lichtplein,VOLTA,"VOLTA,B2B,Schakelaars",TRUE,Title,Default Title,LP-VO351,16.75,continue,manual,TRUE,TRUE,https://lichtplein.nl/img/p/lp-vo351-1-l.webp,1,active
lp-vo351,,,,,,,,,,,,,,,https://lichtplein.nl/img/p/lp-vo351-2-l.webp,2,
lp-vo352,"Enkelpolige schakelaar IP44, antraciet","<p>Schakelmateriaal met een tijdloos design en ruime keuze in afwerkingen, van wit en zand tot antraciet, metallic, glas en hout. Mechanismen en afdekramen apart leverbaar zodat u per project combineert. CE-gecertificeerd, geschikt voor de standaard Europese inbouwdoos.</p><ul><li>CE-gecertificeerd</li><li>Schroefklem</li><li>Past in standaard inbouwdoos</li></ul><h3>Specificaties</h3><table><tr><td>Montage</td><td>Inbouw</td></tr><tr><td>IP-klasse</td><td>IP44</td></tr><tr><td>Afdekraam</td><td>Zonder afdekraam (apart bestellen)</td></tr><tr><td>Nominale stroom</td><td>10 A</td></tr><tr><td>Aansluitklem</td><td>Schroefklem</td></tr><tr><td>Kleur</td><td>antraciet</td></tr><tr><td>Spanning</td><td>230 V</td></tr></table><p>Minimale afname 10 stuks. Projectprijs vanaf 100 stuks op aanvraag. Levering binnen 5 werkdagen.</p>",Lichtplein,VOLTA,"VOLTA,B2B,Schakelaars",TRUE,Title,Default Title,LP-VO352,18.15,continue,manual,TRUE,TRUE,https://lichtplein.nl/img/p/lp-vo352-1-l.webp,1,active
lp-vo353,"Tweepolige schakelaar, antraciet","<p>Schakelmateriaal met een tijdloos design en ruime keuze in afwerkingen, van wit en zand tot antraciet, metallic, glas en hout. Mechanismen en afdekramen apart leverbaar zodat u per project combineert. CE-gecertificeerd, geschikt voor de standaard Europese inbouwdoos.</p><ul><li>CE-gecertificeerd</li><li>Veerklem, snelle montage</li><li>Past in standaard inbouwdoos</li></ul><h3>Specificaties</h3><table><tr><td>Montage</td><td>Inbouw</td></tr><tr><td>IP-klasse</td><td>IP20</td></tr><tr><td>Afdekraam</td><td>Zonder afdekraam (apart bestellen)</td></tr><tr><td>Nominale stroom</td><td>10 A</td></tr><tr><td>Aansluitklem</td><td>Veerklem (snelaansluiting)</td></tr><tr><td>Kleur</td><td>antraciet</td></tr><tr><td>Spanning</td><td>230 V</td></tr></table><p>Minimale afname 10 stuks. Projectprijs vanaf 100 stuks op aanvraag. Levering binnen 5 werkdagen.</p>",Lichtplein,VOLTA,"VOLTA,B2B,Schakelaars",TRUE,Title,Default Title,LP-VO353,16.85,continue,manual,TRUE,TRUE,https://lichtplein.nl/img/p/lp-vo353-1-l.webp,1,active
lp-vo354,"Serieschakelaar (2-voudig), antraciet","<p>Schakelmateriaal met een tijdloos design en ruime keuze in afwerkingen, van wit en zand tot antraciet, metallic, glas en hout. Mechanismen en afdekramen apart leverbaar zodat u per project combineert. CE-gecertificeerd, geschikt voor de standaard Europese inbouwdoos.</p><ul><li>CE-gecertificeerd</li><li>Veerklem, snelle montage</li><li>Past in standaard inbouwdoos</li></ul><h3>Specificaties</h3><table><tr><td>Montage</td><td>Inbouw</td></tr><tr><td>IP-klasse</td><td>IP20</td></tr><tr><td>Afdekraam</td><td>Zonder afdekraam (apart bestellen)</td></tr><tr><td>Nominale stroom</td><td>10 A</td></tr><tr><td>Aansluitklem</td><td>Veerklem (snelaansluiting)</td></tr><tr><td>Kleur</td><td>antraciet</td></tr><tr><td>Spanning</td><td>230 V</td></tr></table><p>Minimale afname 10 stuks. Projectprijs vanaf 100 stuks op aanvraag. Levering binnen 5 werkdagen.</p>",Lichtplein,VOLTA,"VOLTA,B2B,Schakelaars",TRUE,Title,Default Title,LP-VO354,16.85,continue,manual,TRUE,TRUE,https://lichtplein.nl/img/p/lp-vo354-1-l.webp,1,active
lp-vo355,"Serieschakelaar (2-voudig), antraciet, set van 10","<p>Schakelmateriaal met een tijdloos design en ruime keuze in afwerkingen, van wit en zand tot antraciet, metallic, glas en hout. Mechanismen en afdekramen apart leverbaar zodat u per project combineert. CE-gecertificeerd, geschikt voor de standaard Europese inbouwdoos.</p><ul><li>CE-gecertificeerd</li><li>Veerklem, snelle montage</li><li>Past in standaard inbouwdoos</li></ul><h3>Specificaties</h3><table><tr><td>Montage</td><td>Inbouw</td></tr><tr><td>IP-klasse</td><td>IP20</td></tr><tr><td>Afdekraam</td><td>Zonder afdekraam (apart bestellen)</td></tr><tr><td>Nominale stroom</td><td>10 A</td></tr><tr><td>Aansluitklem</td><td>Veerklem (snelaansluiting)</td></tr><tr><td>Kleur</td><td>antraciet</td></tr><tr><td>Spanning</td><td>230 V</td></tr><tr><td>Verpakking</td><td>10 stuks</td></tr></table><p>Minimale afname 1 set. Projectprijs vanaf 100 stuks op aanvraag. Levering binnen 5 werkdagen.</p>",Lichtplein,VOLTA,"VOLTA,B2B,Schakelaars",TRUE,Title,Default Title,LP-VO355,155.00,continue,manual,TRUE,TRUE,https://lichtplein.nl/img/p/lp-vo355-1-l.webp,1,active
lp-vo356,"Pulsdrukker dubbel, antraciet","<p>Schakelmateriaal met een tijdloos design en ruime keuze in afwerkingen, van wit en zand tot antraciet, metallic, glas en hout. Mechanismen en afdekramen apart leverbaar zodat u per project combineert. CE-gecertificeerd, geschikt voor de standaard Europese inbouwdoos.</p><ul><li>CE-gecertificeerd</li><li>Veerklem, snelle montage</li><li>Past in standaard inbouwdoos</li></ul><h3>Specificaties</h3><table><tr><td>Montage</td><td>Inbouw</td></tr><tr><td>IP-klasse</td><td>IP20</td></tr><tr><td>Afdekraam</td><td>Zonder afdekraam (apart bestellen)</td></tr><tr><td>Nominale stroom</td><td>10 A</td></tr><tr><td>Aansluitklem</td><td>Veerklem (snelaansluiting)</td></tr><tr><td>Kleur</td><td>antraciet</td></tr><tr><td>Spanning</td><td>230 V</td></tr></table><p>Minimale afname 10 stuks. Projectprijs vanaf 100 stuks op aanvraag. Levering binnen 5 werkdagen.</p>",Lichtplein,VOLTA,"VOLTA,B2B,Schakelaars",TRUE,Title,Default Title,LP-VO356,17.69,continue,manual,TRUE,TRUE,https://lichtplein.nl/img/p/lp-vo356-1-l.webp,1,active
lp-vo356,,,,,,,,,,,,,,,https://lichtplein.nl/img/p/lp-vo356-2-l.webp,2,
lp-vo357,"Serieschakelaar (2-voudig) IP44, antraciet","<p>Schakelmateriaal met een tijdloos design en ruime keuze in afwerkingen, van wit en zand tot antraciet, metallic, glas en hout. Mechanismen en afdekramen apart leverbaar zodat u per project combineert. CE-gecertificeerd, geschikt voor de standaard Europese inbouwdoos.</p><ul><li>CE-gecertificeerd</li><li>Schroefklem</li><li>Past in standaard inbouwdoos</li></ul><h3>Specificaties</h3><table><tr><td>Montage</td><td>Inbouw</td></tr><tr><td>IP-klasse</td><td>IP44</td></tr><tr><td>Afdekraam</td><td>Zonder afdekraam (apart bestellen)</td></tr><tr><td>Nominale stroom</td><td>10 A</td></tr><tr><td>Aansluitklem</td><td>Schroefklem</td></tr><tr><td>Kleur</td><td>antraciet</td></tr><tr><td>Spanning</td><td>230 V</td></tr></table><p>Minimale afname 10 stuks. Projectprijs vanaf 100 stuks op aanvraag. Levering binnen 5 werkdagen.</p>",Lichtplein,VOLTA,"VOLTA,B2B,Schakelaars",TRUE,Title,Default Title,LP-VO357,22.25,continue,manual,TRUE,TRUE,https://lichtplein.nl/img/p/lp-vo357-1-l.webp,1,active
lp-vo357,,,,,,,,,,,,,,,https://lichtplein.nl/img/p/lp-vo357-2-l.webp,2,
lp-vo358,"Drievoudige schakelaar, antraciet","<p>Schakelmateriaal met een tijdloos design en ruime keuze in afwerkingen, van wit en zand tot antraciet, metallic, glas en hout. Mechanismen en afdekramen apart leverbaar zodat u per project combineert. CE-gecertificeerd, geschikt voor de standaard Europese inbouwdoos.</p><ul><li>CE-gecertificeerd</li><li>Schroefklem</li><li>Past in standaard inbouwdoos</li></ul><h3>Specificaties</h3><table><tr><td>Montage</td><td>Inbouw</td></tr><tr><td>IP-klasse</td><td>IP20</td></tr><tr><td>Afdekraam</td><td>Zonder afdekraam (apart bestellen)</td></tr><tr><td>Nominale stroom</td><td>16 A</td></tr><tr><td>Aansluitklem</td><td>Schroefklem</td></tr><tr><td>Kleur</td><td>antraciet</td></tr><tr><td>Spanning</td><td>230 V</td></tr></table><p>Minimale afname 10 stuks. Projectprijs vanaf 100 stuks op aanvraag. Levering binnen 5 werkdagen.</p>",Lichtplein,VOLTA,"VOLTA,B2B,Schakelaars",TRUE,Title,Default Title,LP-VO358,25.95,continue,manual,TRUE,TRUE,https://lichtplein.nl/img/p/lp-vo358-1-l.webp,1,active
lp-vo359,"Wisselschakelaar, antraciet","<p>Schakelmateriaal met een tijdloos design en ruime keuze in afwerkingen, van wit en zand tot antraciet, metallic, glas en hout. Mechanismen en afdekramen apart leverbaar zodat u per project combineert. CE-gecertificeerd, geschikt voor de standaard Europese inbouwdoos.</p><ul><li>CE-gecertificeerd</li><li>Veerklem, snelle montage</li><li>Past in standaard inbouwdoos</li></ul><h3>Specificaties</h3><table><tr><td>Montage</td><td>Inbouw</td></tr><tr><td>IP-klasse</td><td>IP20</td></tr><tr><td>Afdekraam</td><td>Zonder afdekraam (apart bestellen)</td></tr><tr><td>Nominale stroom</td><td>10 A</td></tr><tr><td>Aansluitklem</td><td>Veerklem (snelaansluiting)</td></tr><tr><td>Kleur</td><td>antraciet</td></tr><tr><td>Spanning</td><td>230 V</td></tr></table><p>Minimale afname 10 stuks. Projectprijs vanaf 100 stuks op aanvraag. Levering binnen 5 werkdagen.</p>",Lichtplein,VOLTA,"VOLTA,B2B,Schakelaars",TRUE,Title,Default Title,LP-VO359,17.25,continue,manual,TRUE,TRUE,https://lichtplein.nl/img/p/lp-vo359-1-l.webp,1,active
lp-vo360,"Wisselschakelaar, antraciet, set van 10","<p>Schakelmateriaal met een tijdloos design en ruime keuze in afwerkingen, van wit en zand tot antraciet, metallic, glas en hout. Mechanismen en afdekramen apart leverbaar zodat u per project combineert. CE-gecertificeerd, geschikt voor de standaard Europese inbouwdoos.</p><ul><li>CE-gecertificeerd</li><li>Veerklem, snelle montage</li><li>Past in standaard inbouwdoos</li></ul><h3>Specificaties</h3><table><tr><td>Montage</td><td>Inbouw</td></tr><tr><td>IP-klasse</td><td>IP20</td></tr><tr><td>Afdekraam</td><td>Zonder afdekraam (apart bestellen)</td></tr><tr><td>Nominale stroom</td><td>10 A</td></tr><tr><td>Aansluitklem</td><td>Veerklem (snelaansluiting)</td></tr><tr><td>Kleur</td><td>antraciet</td></tr><tr><td>Spanning</td><td>230 V</td></tr><tr><td>Verpakking</td><td>10 stuks</td></tr></table><p>Minimale afname 1 set. Projectprijs vanaf 100 stuks op aanvraag. Levering binnen 5 werkdagen.</p>",Lichtplein,VOLTA,"VOLTA,B2B,Schakelaars",TRUE,Title,Default Title,LP-VO360,159.00,continue,manual,TRUE,TRUE,https://lichtplein.nl/img/p/lp-vo360-1-l.webp,1,active
lp-vo361,"Kruisschakelaar, antraciet","<p>Schakelmateriaal met een tijdloos design en ruime keuze in afwerkingen, van wit en zand tot antraciet, metallic, glas en hout. Mechanismen en afdekramen apart leverbaar zodat u per project combineert. CE-gecertificeerd, geschikt voor de standaard Europese inbouwdoos.</p><ul><li>CE-gecertificeerd</li><li>Veerklem, snelle montage</li><li>Past in standaard inbouwdoos</li></ul><h3>Specificaties</h3><table><tr><td>Montage</td><td>Inbouw</td></tr><tr><td>IP-klasse</td><td>IP20</td></tr><tr><td>Afdekraam</td><td>Zonder afdekraam (apart bestellen)</td></tr><tr><td>Nominale stroom</td><td>10 A</td></tr><tr><td>Aansluitklem</td><td>Veerklem (snelaansluiting)</td></tr><tr><td>Kleur</td><td>antraciet</td></tr><tr><td>Spanning</td><td>230 V</td></tr></table><p>Minimale afname 10 stuks. Projectprijs vanaf 100 stuks op aanvraag. Levering binnen 5 werkdagen.</p>",Lichtplein,VOLTA,"VOLTA,B2B,Schakelaars",TRUE,Title,Default Title,LP-VO361,20.55,continue,manual,TRUE,TRUE,https://lichtplein.nl/img/p/lp-vo361-1-l.webp,1,active
lp-vo361,,,,,,,,,,,,,,,https://lichtplein.nl/img/p/lp-vo361-2-l.webp,2,
lp-vo362,"Beldrukker, antraciet","<p>Schakelmateriaal met een tijdloos design en ruime keuze in afwerkingen, van wit en zand tot antraciet, metallic, glas en hout. Mechanismen en afdekramen apart leverbaar zodat u per project combineert. CE-gecertificeerd, geschikt voor de standaard Europese inbouwdoos.</p><ul><li>CE-gecertificeerd</li><li>Veerklem, snelle montage</li><li>Past in standaard inbouwdoos</li></ul><h3>Specificaties</h3><table><tr><td>Montage</td><td>Inbouw</td></tr><tr><td>IP-klasse</td><td>IP20</td></tr><tr><td>Afdekraam</td><td>Zonder afdekraam (apart bestellen)</td></tr><tr><td>Nominale stroom</td><td>10 A</td></tr><tr><td>Aansluitklem</td><td>Veerklem (snelaansluiting)</td></tr><tr><td>Kleur</td><td>antraciet</td></tr><tr><td>Spanning</td><td>230 V</td></tr></table><p>Minimale afname 10 stuks. Projectprijs vanaf 100 stuks op aanvraag. Levering binnen 5 werkdagen.</p>",Lichtplein,VOLTA,"VOLTA,B2B,Schakelaars",TRUE,Title,Default Title,LP-VO362,16.75,continue,manual,TRUE,TRUE,https://lichtplein.nl/img/p/lp-vo362-1-l.webp,1,active
lp-vo362,,,,,,,,,,,,,,,https://lichtplein.nl/img/p/lp-vo362-2-l.webp,2,
lp-vo363,"Dubbele wisselschakelaar, antraciet","<p>Schakelmateriaal met een tijdloos design en ruime keuze in afwerkingen, van wit en zand tot antraciet, metallic, glas en hout. Mechanismen en afdekramen apart leverbaar zodat u per project combineert. CE-gecertificeerd, geschikt voor de standaard Europese inbouwdoos.</p><ul><li>CE-gecertificeerd</li><li>Veerklem, snelle montage</li><li>Past in standaard inbouwdoos</li></ul><h3>Specificaties</h3><table><tr><td>Montage</td><td>Inbouw</td></tr><tr><td>IP-klasse</td><td>IP20</td></tr><tr><td>Afdekraam</td><td>Zonder afdekraam (apart bestellen)</td></tr><tr><td>Nominale stroom</td><td>16 A</td></tr><tr><td>Aansluitklem</td><td>Veerklem (snelaansluiting)</td></tr><tr><td>Kleur</td><td>antraciet</td></tr><tr><td>Spanning</td><td>230 V</td></tr></table><p>Minimale afname 10 stuks. Projectprijs vanaf 100 stuks op aanvraag. Levering binnen 5 werkdagen.</p>",Lichtplein,VOLTA,"VOLTA,B2B,Schakelaars",TRUE,Title,Default Title,LP-VO363,24.49,continue,manual,TRUE,TRUE,https://lichtplein.nl/img/p/lp-vo363-1-l.webp,1,active
lp-vo363,,,,,,,,,,,,,,,https://lichtplein.nl/img/p/lp-vo363-2-l.webp,2,
lp-vo363,,,,,,,,,,,,,,,https://lichtplein.nl/img/p/lp-vo363-3-l.webp,3,
lp-vo363,,,,,,,,,,,,,,,https://lichtplein.nl/img/p/lp-vo363-4-l.webp,4,
lp-vo364,"Dubbele wisselpulsdrukker, antraciet","<p>Schakelmateriaal met een tijdloos design en ruime keuze in afwerkingen, van wit en zand tot antraciet, metallic, glas en hout. Mechanismen en afdekramen apart leverbaar zodat u per project combineert. CE-gecertificeerd, geschikt voor de standaard Europese inbouwdoos.</p><ul><li>CE-gecertificeerd</li><li>Veerklem, snelle montage</li><li>Past in standaard inbouwdoos</li></ul><h3>Specificaties</h3><table><tr><td>Montage</td><td>Inbouw</td></tr><tr><td>IP-klasse</td><td>IP20</td></tr><tr><td>Afdekraam</td><td>Zonder afdekraam (apart bestellen)</td></tr><tr><td>Nominale stroom</td><td>16 A</td></tr><tr><td>Aansluitklem</td><td>Veerklem (snelaansluiting)</td></tr><tr><td>Kleur</td><td>antraciet</td></tr><tr><td>Spanning</td><td>230 V</td></tr></table><p>Minimale afname 10 stuks. Projectprijs vanaf 100 stuks op aanvraag. Levering binnen 5 werkdagen.</p>",Lichtplein,VOLTA,"VOLTA,B2B,Schakelaars",TRUE,Title,Default Title,LP-VO364,28.05,continue,manual,TRUE,TRUE,https://lichtplein.nl/img/p/lp-vo364-1-l.webp,1,active
lp-vo365,"Jaloezieschakelaar, antraciet","<p>Schakelmateriaal met een tijdloos design en ruime keuze in afwerkingen, van wit en zand tot antraciet, metallic, glas en hout. Mechanismen en afdekramen apart leverbaar zodat u per project combineert. CE-gecertificeerd, geschikt voor de standaard Europese inbouwdoos.</p><ul><li>CE-gecertificeerd</li><li>Schroefklem</li><li>Past in standaard inbouwdoos</li></ul><h3>Specificaties</h3><table><tr><td>Montage</td><td>Inbouw</td></tr><tr><td>IP-klasse</td><td>IP20</td></tr><tr><td>Afdekraam</td><td>Zonder afdekraam (apart bestellen)</td></tr><tr><td>Nominale stroom</td><td>10 A</td></tr><tr><td>Aansluitklem</td><td>Schroefklem</td></tr><tr><td>Kleur</td><td>antraciet</td></tr><tr><td>Spanning</td><td>230 V</td></tr></table><p>Minimale afname 10 stuks. Projectprijs vanaf 100 stuks op aanvraag. Levering binnen 5 werkdagen.</p>",Lichtplein,VOLTA,"VOLTA,B2B,Schakelaars",TRUE,Title,Default Title,LP-VO365,19.39,continue,manual,TRUE,TRUE,https://lichtplein.nl/img/p/lp-vo365-1-l.webp,1,active
lp-vo365,,,,,,,,,,,,,,,https://lichtplein.nl/img/p/lp-vo365-2-l.webp,2,
lp-vo365,,,,,,,,,,,,,,,https://lichtplein.nl/img/p/lp-vo365-3-l.webp,3,
lp-vo366,"Hotelkaartschakelaar met pulsdrukker, antraciet","<p>Schakelmateriaal met een tijdloos design en ruime keuze in afwerkingen, van wit en zand tot antraciet, metallic, glas en hout. Mechanismen en afdekramen apart leverbaar zodat u per project combineert. CE-gecertificeerd, geschikt voor de standaard Europese inbouwdoos.</p><ul><li>CE-gecertificeerd</li><li>Veerklem, snelle montage</li><li>Past in standaard inbouwdoos</li></ul><h3>Specificaties</h3><table><tr><td>Montage</td><td>Inbouw</td></tr><tr><td>IP-klasse</td><td>IP20</td></tr><tr><td>Afdekraam</td><td>Zonder afdekraam (apart bestellen)</td></tr><tr><td>Nominale stroom</td><td>10 A</td></tr><tr><td>Aansluitklem</td><td>Veerklem (snelaansluiting)</td></tr><tr><td>Kleur</td><td>antraciet</td></tr><tr><td>Spanning</td><td>230 V</td></tr></table><p>Minimale afname 10 stuks. Projectprijs vanaf 100 stuks op aanvraag. Levering binnen 5 werkdagen.</p>",Lichtplein,VOLTA,"VOLTA,B2B,Schakelaars",TRUE,Title,Default Title,LP-VO366,29.05,continue,manual,TRUE,TRUE,https://lichtplein.nl/img/p/lp-vo366-1-l.webp,1,active
lp-vo366,,,,,,,,,,,,,,,https://lichtplein.nl/img/p/lp-vo366-2-l.webp,2,
lp-vo366,,,,,,,,,,,,,,,https://lichtplein.nl/img/p/lp-vo366-3-l.webp,3,
lp-vo367,"Wandcontactdoos met USB-lader 3,4A, antraciet","<p>Schakelmateriaal met een tijdloos design en ruime keuze in afwerkingen, van wit en zand tot antraciet, metallic, glas en hout. Mechanismen en afdekramen apart leverbaar zodat u per project combineert. CE-gecertificeerd, geschikt voor de standaard Europese inbouwdoos.</p><ul><li>CE-gecertificeerd</li><li>Schroefklem</li><li>Past in standaard inbouwdoos</li></ul><h3>Specificaties</h3><table><tr><td>USB</td><td>2x USB-A, 3,4 A totaal</td></tr><tr><td>Montage</td><td>Inbouw</td></tr><tr><td>IP-klasse</td><td>IP20</td></tr><tr><td>Afdekraam</td><td>Zonder afdekraam (apart bestellen)</td></tr><tr><td>Kleur</td><td>antraciet</td></tr><tr><td>Spanning</td><td>230 V</td></tr></table><p>Minimale afname 10 stuks. Projectprijs vanaf 100 stuks op aanvraag. Levering binnen 5 werkdagen.</p>",Lichtplein,VOLTA,"VOLTA,B2B,Wandcontactdozen",TRUE,Title,Default Title,LP-VO367,85.15,continue,manual,TRUE,TRUE,https://lichtplein.nl/img/p/lp-vo367-1-l.webp,1,active
lp-vo367,,,,,,,,,,,,,,,https://lichtplein.nl/img/p/lp-vo367-2-l.webp,2,
lp-vo368,"Wandcontactdoos met randaarde, antraciet","<p>Schakelmateriaal met een tijdloos design en ruime keuze in afwerkingen, van wit en zand tot antraciet, metallic, glas en hout. Mechanismen en afdekramen apart leverbaar zodat u per project combineert. CE-gecertificeerd, geschikt voor de standaard Europese inbouwdoos.</p><ul><li>CE-gecertificeerd</li><li>Veerklem, snelle montage</li><li>Past in standaard inbouwdoos</li></ul><h3>Specificaties</h3><table><tr><td>Nominale stroom</td><td>16 A</td></tr><tr><td>Montage</td><td>Inbouw</td></tr><tr><td>IP-klasse</td><td>IP20</td></tr><tr><td>Afdekraam</td><td>Zonder afdekraam (apart bestellen)</td></tr><tr><td>Aansluitklem</td><td>Veerklem (snelaansluiting)</td></tr><tr><td>Kleur</td><td>antraciet</td></tr><tr><td>Spanning</td><td>230 V</td></tr></table><p>Minimale afname 10 stuks. Projectprijs vanaf 100 stuks op aanvraag. Levering binnen 5 werkdagen.</p>",Lichtplein,VOLTA,"VOLTA,B2B,Wandcontactdozen",TRUE,Title,Default Title,LP-VO368,15.19,continue,manual,TRUE,TRUE,https://lichtplein.nl/img/p/lp-vo368-1-l.webp,1,active
lp-vo369,"Wandcontactdoos met randaarde, antraciet, set van 10","<p>Schakelmateriaal met een tijdloos design en ruime keuze in afwerkingen, van wit en zand tot antraciet, metallic, glas en hout. Mechanismen en afdekramen apart leverbaar zodat u per project combineert. CE-gecertificeerd, geschikt voor de standaard Europese inbouwdoos.</p><ul><li>CE-gecertificeerd</li><li>Veerklem, snelle montage</li><li>Past in standaard inbouwdoos</li></ul><h3>Specificaties</h3><table><tr><td>Nominale stroom</td><td>16 A</td></tr><tr><td>Montage</td><td>Inbouw</td></tr><tr><td>IP-klasse</td><td>IP20</td></tr><tr><td>Afdekraam</td><td>Zonder afdekraam (apart bestellen)</td></tr><tr><td>Aansluitklem</td><td>Veerklem (snelaansluiting)</td></tr><tr><td>Kleur</td><td>antraciet</td></tr><tr><td>Spanning</td><td>230 V</td></tr><tr><td>Verpakking</td><td>10 stuks</td></tr></table><p>Minimale afname 1 set. Projectprijs vanaf 100 stuks op aanvraag. Levering binnen 5 werkdagen.</p>",Lichtplein,VOLTA,"VOLTA,B2B,Wandcontactdozen",TRUE,Title,Default Title,LP-VO369,139.00,continue,manual,TRUE,TRUE,https://lichtplein.nl/img/p/lp-vo369-1-l.webp,1,active
lp-vo370,"Wandcontactdoos met randaarde met klapdeksel, antraciet","<p>Schakelmateriaal met een tijdloos design en ruime keuze in afwerkingen, van wit en zand tot antraciet, metallic, glas en hout. Mechanismen en afdekramen apart leverbaar zodat u per project combineert. CE-gecertificeerd, geschikt voor de standaard Europese inbouwdoos.</p><ul><li>CE-gecertificeerd</li><li>Veerklem, snelle montage</li><li>Past in standaard inbouwdoos</li></ul><h3>Specificaties</h3><table><tr><td>Nominale stroom</td><td>16 A</td></tr><tr><td>Montage</td><td>Inbouw</td></tr><tr><td>IP-klasse</td><td>IP44</td></tr><tr><td>Afdekraam</td><td>Zonder afdekraam (apart bestellen)</td></tr><tr><td>Aansluitklem</td><td>Veerklem (snelaansluiting)</td></tr><tr><td>Kleur</td><td>antraciet</td></tr><tr><td>Spanning</td><td>230 V</td></tr></table><p>Minimale afname 10 stuks. Projectprijs vanaf 100 stuks op aanvraag. Levering binnen 5 werkdagen.</p>",Lichtplein,VOLTA,"VOLTA,B2B,Wandcontactdozen",TRUE,Title,Default Title,LP-VO370,19.89,continue,manual,TRUE,TRUE,https://lichtplein.nl/img/p/lp-vo370-1-l.webp,1,active
lp-vo370,,,,,,,,,,,,,,,https://lichtplein.nl/img/p/lp-vo370-2-l.webp,2,
lp-vo370,,,,,,,,,,,,,,,https://lichtplein.nl/img/p/lp-vo370-3-l.webp,3,
lp-vo370,,,,,,,,,,,,,,,https://lichtplein.nl/img/p/lp-vo370-4-l.webp,4,
lp-vo371,"Wandcontactdoos met randaarde, spreidklauwen, antraciet","<p>Schakelmateriaal met een tijdloos design en ruime keuze in afwerkingen, van wit en zand tot antraciet, metallic, glas en hout. Mechanismen en afdekramen apart leverbaar zodat u per project combineert. CE-gecertificeerd, geschikt voor de standaard Europese inbouwdoos.</p><ul><li>CE-gecertificeerd</li><li>Veerklem, snelle montage</li><li>Past in standaard inbouwdoos</li></ul><h3>Specificaties</h3><table><tr><td>Nominale stroom</td><td>16 A</td></tr><tr><td>Montage</td><td>Inbouw</td></tr><tr><td>IP-klasse</td><td>IP20</td></tr><tr><td>Afdekraam</td><td>Zonder afdekraam (apart bestellen)</td></tr><tr><td>Aansluitklem</td><td>Veerklem (snelaansluiting)</td></tr><tr><td>Kleur</td><td>antraciet</td></tr><tr><td>Spanning</td><td>230 V</td></tr></table><p>Minimale afname 10 stuks. Projectprijs vanaf 100 stuks op aanvraag. Levering binnen 5 werkdagen.</p>",Lichtplein,VOLTA,"VOLTA,B2B,Wandcontactdozen",TRUE,Title,Default Title,LP-VO371,17.15,continue,manual,TRUE,TRUE,https://lichtplein.nl/img/p/lp-vo371-1-l.webp,1,active
lp-vo372,"Dubbele wandcontactdoos zonder randaarde, antraciet","<p>Schakelmateriaal met een tijdloos design en ruime keuze in afwerkingen, van wit en zand tot antraciet, metallic, glas en hout. Mechanismen en afdekramen apart leverbaar zodat u per project combineert. CE-gecertificeerd, geschikt voor de standaard Europese inbouwdoos.</p><ul><li>CE-gecertificeerd</li><li>Schroefklem</li><li>Past in standaard inbouwdoos</li></ul><h3>Specificaties</h3><table><tr><td>Nominale stroom</td><td>16 A</td></tr><tr><td>Montage</td><td>Inbouw</td></tr><tr><td>IP-klasse</td><td>IP20</td></tr><tr><td>Afdekraam</td><td>Inclusief afdekraam</td></tr><tr><td>Aansluitklem</td><td>Schroefklem</td></tr><tr><td>Kleur</td><td>antraciet</td></tr><tr><td>Spanning</td><td>230 V</td></tr></table><p>Minimale afname 10 stuks. Projectprijs vanaf 100 stuks op aanvraag. Levering binnen 5 werkdagen.</p>",Lichtplein,VOLTA,"VOLTA,B2B,Wandcontactdozen",TRUE,Title,Default Title,LP-VO372,17.79,continue,manual,TRUE,TRUE,https://lichtplein.nl/img/p/lp-vo372-1-l.webp,1,active
lp-vo372,,,,,,,,,,,,,,,https://lichtplein.nl/img/p/lp-vo372-2-l.webp,2,
lp-vo373,"Dubbele wandcontactdoos met randaarde, antraciet","<p>Schakelmateriaal met een tijdloos design en ruime keuze in afwerkingen, van wit en zand tot antraciet, metallic, glas en hout. Mechanismen en afdekramen apart leverbaar zodat u per project combineert. CE-gecertificeerd, geschikt voor de standaard Europese inbouwdoos.</p><ul><li>CE-gecertificeerd</li><li>Schroefklem</li><li>Past in standaard inbouwdoos</li></ul><h3>Specificaties</h3><table><tr><td>Nominale stroom</td><td>16 A</td></tr><tr><td>Montage</td><td>Inbouw</td></tr><tr><td>IP-klasse</td><td>IP20</td></tr><tr><td>Afdekraam</td><td>Inclusief afdekraam</td></tr><tr><td>Aansluitklem</td><td>Schroefklem</td></tr><tr><td>Kleur</td><td>antraciet</td></tr><tr><td>Spanning</td><td>230 V</td></tr></table><p>Minimale afname 10 stuks. Projectprijs vanaf 100 stuks op aanvraag. Levering binnen 5 werkdagen.</p>",Lichtplein,VOLTA,"VOLTA,B2B,Wandcontactdozen",TRUE,Title,Default Title,LP-VO373,21.95,continue,manual,TRUE,TRUE,https://lichtplein.nl/img/p/lp-vo373-1-l.webp,1,active
lp-vo374,"Wandcontactdoos zonder randaarde, antraciet","<p>Schakelmateriaal met een tijdloos design en ruime keuze in afwerkingen, van wit en zand tot antraciet, metallic, glas en hout. Mechanismen en afdekramen apart leverbaar zodat u per project combineert. CE-gecertificeerd, geschikt voor de standaard Europese inbouwdoos.</p><ul><li>CE-gecertificeerd</li><li>Schroefklem</li><li>Past in standaard inbouwdoos</li></ul><h3>Specificaties</h3><table><tr><td>Nominale stroom</td><td>16 A</td></tr><tr><td>Montage</td><td>Inbouw</td></tr><tr><td>IP-klasse</td><td>IP20</td></tr><tr><td>Afdekraam</td><td>Zonder afdekraam (apart bestellen)</td></tr><tr><td>Aansluitklem</td><td>Schroefklem</td></tr><tr><td>Kleur</td><td>antraciet</td></tr><tr><td>Spanning</td><td>230 V</td></tr></table><p>Minimale afname 10 stuks. Projectprijs vanaf 100 stuks op aanvraag. Levering binnen 5 werkdagen.</p>",Lichtplein,VOLTA,"VOLTA,B2B,Wandcontactdozen",TRUE,Title,Default Title,LP-VO374,12.05,continue,manual,TRUE,TRUE,https://lichtplein.nl/img/p/lp-vo374-1-l.webp,1,active
lp-vo375,"Wandcontactdoos met randaarde, antraciet","<p>Schakelmateriaal met een tijdloos design en ruime keuze in afwerkingen, van wit en zand tot antraciet, metallic, glas en hout. Mechanismen en afdekramen apart leverbaar zodat u per project combineert. CE-gecertificeerd, geschikt voor de standaard Europese inbouwdoos.</p><ul><li>CE-gecertificeerd</li><li>Schroefklem</li><li>Past in standaard inbouwdoos</li></ul><h3>Specificaties</h3><table><tr><td>Nominale stroom</td><td>16 A</td></tr><tr><td>Montage</td><td>Inbouw</td></tr><tr><td>IP-klasse</td><td>IP20</td></tr><tr><td>Afdekraam</td><td>Zonder afdekraam (apart bestellen)</td></tr><tr><td>Aansluitklem</td><td>Schroefklem</td></tr><tr><td>Kleur</td><td>antraciet</td></tr><tr><td>Spanning</td><td>230 V</td></tr></table><p>Minimale afname 10 stuks. Projectprijs vanaf 100 stuks op aanvraag. Levering binnen 5 werkdagen.</p>",Lichtplein,VOLTA,"VOLTA,B2B,Wandcontactdozen",TRUE,Title,Default Title,LP-VO375,13.15,continue,manual,TRUE,TRUE,https://lichtplein.nl/img/p/lp-vo375-1-l.webp,1,active
lp-vo376,"Wandcontactdoos met randaarde, antraciet, set van 10","<p>Schakelmateriaal met een tijdloos design en ruime keuze in afwerkingen, van wit en zand tot antraciet, metallic, glas en hout. Mechanismen en afdekramen apart leverbaar zodat u per project combineert. CE-gecertificeerd, geschikt voor de standaard Europese inbouwdoos.</p><ul><li>CE-gecertificeerd</li><li>Schroefklem</li><li>Past in standaard inbouwdoos</li></ul><h3>Specificaties</h3><table><tr><td>Nominale stroom</td><td>16 A</td></tr><tr><td>Montage</td><td>Inbouw</td></tr><tr><td>IP-klasse</td><td>IP20</td></tr><tr><td>Afdekraam</td><td>Zonder afdekraam (apart bestellen)</td></tr><tr><td>Aansluitklem</td><td>Schroefklem</td></tr><tr><td>Kleur</td><td>antraciet</td></tr><tr><td>Spanning</td><td>230 V</td></tr><tr><td>Verpakking</td><td>10 stuks</td></tr></table><p>Minimale afname 1 set. Projectprijs vanaf 100 stuks op aanvraag. Levering binnen 5 werkdagen.</p>",Lichtplein,VOLTA,"VOLTA,B2B,Wandcontactdozen",TRUE,Title,Default Title,LP-VO376,125.00,continue,manual,TRUE,TRUE,https://lichtplein.nl/img/p/lp-vo376-1-l.webp,1,active
lp-vo377,"Wandcontactdoos met randaarde met klapdeksel, antraciet","<p>Schakelmateriaal met een tijdloos design en ruime keuze in afwerkingen, van wit en zand tot antraciet, metallic, glas en hout. Mechanismen en afdekramen apart leverbaar zodat u per project combineert. CE-gecertificeerd, geschikt voor de standaard Europese inbouwdoos.</p><ul><li>CE-gecertificeerd</li><li>Schroefklem</li><li>Past in standaard inbouwdoos</li></ul><h3>Specificaties</h3><table><tr><td>Nominale stroom</td><td>16 A</td></tr><tr><td>Montage</td><td>Inbouw</td></tr><tr><td>IP-klasse</td><td>IP44</td></tr><tr><td>Afdekraam</td><td>Zonder afdekraam (apart bestellen)</td></tr><tr><td>Aansluitklem</td><td>Schroefklem</td></tr><tr><td>Kleur</td><td>antraciet</td></tr><tr><td>Spanning</td><td>230 V</td></tr></table><p>Minimale afname 10 stuks. Projectprijs vanaf 100 stuks op aanvraag. Levering binnen 5 werkdagen.</p>",Lichtplein,VOLTA,"VOLTA,B2B,Wandcontactdozen",TRUE,Title,Default Title,LP-VO377,17.25,continue,manual,TRUE,TRUE,https://lichtplein.nl/img/p/lp-vo377-1-l.webp,1,active
lp-vo377,,,,,,,,,,,,,,,https://lichtplein.nl/img/p/lp-vo377-2-l.webp,2,
lp-vo377,,,,,,,,,,,,,,,https://lichtplein.nl/img/p/lp-vo377-3-l.webp,3,
lp-vo377,,,,,,,,,,,,,,,https://lichtplein.nl/img/p/lp-vo377-4-l.webp,4,
lp-vo378,"Wandcontactdoos met randaarde, spreidklauwen, antraciet","<p>Schakelmateriaal met een tijdloos design en ruime keuze in afwerkingen, van wit en zand tot antraciet, metallic, glas en hout. Mechanismen en afdekramen apart leverbaar zodat u per project combineert. CE-gecertificeerd, geschikt voor de standaard Europese inbouwdoos.</p><ul><li>CE-gecertificeerd</li><li>Schroefklem</li><li>Past in standaard inbouwdoos</li></ul><h3>Specificaties</h3><table><tr><td>Nominale stroom</td><td>16 A</td></tr><tr><td>Montage</td><td>Inbouw</td></tr><tr><td>IP-klasse</td><td>IP20</td></tr><tr><td>Afdekraam</td><td>Zonder afdekraam (apart bestellen)</td></tr><tr><td>Aansluitklem</td><td>Schroefklem</td></tr><tr><td>Kleur</td><td>antraciet</td></tr><tr><td>Spanning</td><td>230 V</td></tr></table><p>Minimale afname 10 stuks. Projectprijs vanaf 100 stuks op aanvraag. Levering binnen 5 werkdagen.</p>",Lichtplein,VOLTA,"VOLTA,B2B,Wandcontactdozen",TRUE,Title,Default Title,LP-VO378,14.15,continue,manual,TRUE,TRUE,https://lichtplein.nl/img/p/lp-vo378-1-l.webp,1,active
lp-vo379,"Draadloze schakelset, zender en ontvanger, antraciet","<p>Schakelmateriaal met een tijdloos design en ruime keuze in afwerkingen, van wit en zand tot antraciet, metallic, glas en hout. Mechanismen en afdekramen apart leverbaar zodat u per project combineert. CE-gecertificeerd, geschikt voor de standaard Europese inbouwdoos.</p><ul><li>CE-gecertificeerd</li><li>Schroefklem</li><li>Past in standaard inbouwdoos</li></ul><h3>Specificaties</h3><table><tr><td>Montage</td><td>Inbouw</td></tr><tr><td>IP-klasse</td><td>IP20</td></tr><tr><td>Kleur</td><td>antraciet</td></tr></table><p>Minimale afname 10 stuks. Projectprijs vanaf 100 stuks op aanvraag. Levering binnen 5 werkdagen.</p>",Lichtplein,VOLTA,"VOLTA,B2B,Draadloos schakelen",TRUE,Title,Default Title,LP-VO379,159.00,continue,manual,TRUE,TRUE,https://lichtplein.nl/img/p/lp-vo379-1-l.webp,1,active
lp-vo380,"Zender voor draadloze schakelset, antraciet","<p>Schakelmateriaal met een tijdloos design en ruime keuze in afwerkingen, van wit en zand tot antraciet, metallic, glas en hout. Mechanismen en afdekramen apart leverbaar zodat u per project combineert. CE-gecertificeerd, geschikt voor de standaard Europese inbouwdoos.</p><ul><li>CE-gecertificeerd</li><li>Schroefklem</li><li>Past in standaard inbouwdoos</li></ul><h3>Specificaties</h3><table><tr><td>Montage</td><td>Inbouw</td></tr><tr><td>IP-klasse</td><td>IP20</td></tr><tr><td>Kleur</td><td>antraciet</td></tr></table><p>Minimale afname 10 stuks. Projectprijs vanaf 100 stuks op aanvraag. Levering binnen 5 werkdagen.</p>",Lichtplein,VOLTA,"VOLTA,B2B,Draadloos schakelen",TRUE,Title,Default Title,LP-VO380,56.25,continue,manual,TRUE,TRUE,https://lichtplein.nl/img/p/lp-vo380-1-l.webp,1,active
lp-vo380,,,,,,,,,,,,,,,https://lichtplein.nl/img/p/lp-vo380-2-l.webp,2,
lp-vo381,"Draaidimmer 40-400W, antraciet","<p>Schakelmateriaal met een tijdloos design en ruime keuze in afwerkingen, van wit en zand tot antraciet, metallic, glas en hout. Mechanismen en afdekramen apart leverbaar zodat u per project combineert. CE-gecertificeerd, geschikt voor de standaard Europese inbouwdoos.</p><ul><li>CE-gecertificeerd</li><li>Schroefklem</li><li>Past in standaard inbouwdoos</li></ul><h3>Specificaties</h3><table><tr><td>Belasting</td><td>40-400W (gloei/halogeen)</td></tr><tr><td>Montage</td><td>Inbouw</td></tr><tr><td>IP-klasse</td><td>IP20</td></tr><tr><td>Kleur</td><td>antraciet</td></tr><tr><td>Spanning</td><td>230 V</td></tr></table><p>Minimale afname 10 stuks. Projectprijs vanaf 100 stuks op aanvraag. Levering binnen 5 werkdagen.</p>",Lichtplein,VOLTA,"VOLTA,B2B,Dimmers",TRUE,Title,Default Title,LP-VO381,74.95,continue,manual,TRUE,TRUE,https://lichtplein.nl/img/p/lp-vo381-1-l.webp,1,active
lp-vo382,"LED-draaidimmer 3-100W, antraciet","<p>Schakelmateriaal met een tijdloos design en ruime keuze in afwerkingen, van wit en zand tot antraciet, metallic, glas en hout. Mechanismen en afdekramen apart leverbaar zodat u per project combineert. CE-gecertificeerd, geschikt voor de standaard Europese inbouwdoos.</p><ul><li>CE-gecertificeerd</li><li>Schroefklem</li><li>Past in standaard inbouwdoos</li></ul><h3>Specificaties</h3><table><tr><td>Belasting</td><td>LED 3-100W</td></tr><tr><td>Montage</td><td>Inbouw</td></tr><tr><td>IP-klasse</td><td>IP20</td></tr><tr><td>Kleur</td><td>antraciet</td></tr><tr><td>Spanning</td><td>230 V</td></tr></table><p>Minimale afname 10 stuks. Projectprijs vanaf 100 stuks op aanvraag. Levering binnen 5 werkdagen.</p>",Lichtplein,VOLTA,"VOLTA,B2B,Dimmers",TRUE,Title,Default Title,LP-VO382,94.85,continue,manual,TRUE,TRUE,https://lichtplein.nl/img/p/lp-vo382-1-l.webp,1,active
lp-vo383,"LED-draaidimmer fase-aan/afsnijding 3-100W, antraciet","<p>Schakelmateriaal met een tijdloos design en ruime keuze in afwerkingen, van wit en zand tot antraciet, metallic, glas en hout. Mechanismen en afdekramen apart leverbaar zodat u per project combineert. CE-gecertificeerd, geschikt voor de standaard Europese inbouwdoos.</p><ul><li>CE-gecertificeerd</li><li>Schroefklem</li><li>Past in standaard inbouwdoos</li></ul><h3>Specificaties</h3><table><tr><td>Belasting</td><td>LED 3-100W</td></tr><tr><td>Montage</td><td>Inbouw</td></tr><tr><td>IP-klasse</td><td>IP20</td></tr><tr><td>Kleur</td><td>antraciet</td></tr><tr><td>Spanning</td><td>230 V</td></tr></table><p>Minimale afname 10 stuks. Projectprijs vanaf 100 stuks op aanvraag. Levering binnen 5 werkdagen.</p>",Lichtplein,VOLTA,"VOLTA,B2B,Dimmers",TRUE,Title,Default Title,LP-VO383,125.00,continue,manual,TRUE,TRUE,https://lichtplein.nl/img/p/lp-vo383-1-l.webp,1,active
lp-vo384,"LED-drukdimmer 8-105W, antraciet","<p>Schakelmateriaal met een tijdloos design en ruime keuze in afwerkingen, van wit en zand tot antraciet, metallic, glas en hout. Mechanismen en afdekramen apart leverbaar zodat u per project combineert. CE-gecertificeerd, geschikt voor de standaard Europese inbouwdoos.</p><ul><li>CE-gecertificeerd</li><li>Schroefklem</li><li>Past in standaard inbouwdoos</li></ul><h3>Specificaties</h3><table><tr><td>Belasting</td><td>LED 8-105W</td></tr><tr><td>Montage</td><td>Inbouw</td></tr><tr><td>IP-klasse</td><td>IP20</td></tr><tr><td>Kleur</td><td>antraciet</td></tr><tr><td>Spanning</td><td>230 V</td></tr></table><p>Minimale afname 10 stuks. Projectprijs vanaf 100 stuks op aanvraag. Levering binnen 5 werkdagen.</p>",Lichtplein,VOLTA,"VOLTA,B2B,Dimmers",TRUE,Title,Default Title,LP-VO384,139.00,continue,manual,TRUE,TRUE,https://lichtplein.nl/img/p/lp-vo384-1-l.webp,1,active
lp-vo385,"LED-draaidimmer 5-200W, antraciet","<p>Schakelmateriaal met een tijdloos design en ruime keuze in afwerkingen, van wit en zand tot antraciet, metallic, glas en hout. Mechanismen en afdekramen apart leverbaar zodat u per project combineert. CE-gecertificeerd, geschikt voor de standaard Europese inbouwdoos.</p><ul><li>CE-gecertificeerd</li><li>Schroefklem</li><li>Past in standaard inbouwdoos</li></ul><h3>Specificaties</h3><table><tr><td>Belasting</td><td>LED 5-200W</td></tr><tr><td>Montage</td><td>Inbouw</td></tr><tr><td>IP-klasse</td><td>IP20</td></tr><tr><td>Kleur</td><td>antraciet</td></tr><tr><td>Spanning</td><td>230 V</td></tr></table><p>Minimale afname 10 stuks. Projectprijs vanaf 100 stuks op aanvraag. Levering binnen 5 werkdagen.</p>",Lichtplein,VOLTA,"VOLTA,B2B,Dimmers",TRUE,Title,Default Title,LP-VO385,175.00,continue,manual,TRUE,TRUE,https://lichtplein.nl/img/p/lp-vo385-1-l.webp,1,active
lp-vo386,"Netwerkaansluiting RJ45 CAT6, antraciet","<p>Schakelmateriaal met een tijdloos design en ruime keuze in afwerkingen, van wit en zand tot antraciet, metallic, glas en hout. Mechanismen en afdekramen apart leverbaar zodat u per project combineert. CE-gecertificeerd, geschikt voor de standaard Europese inbouwdoos.</p><ul><li>CE-gecertificeerd</li><li>Schroefklem</li><li>Past in standaard inbouwdoos</li></ul><h3>Specificaties</h3><table><tr><td>Montage</td><td>Inbouw</td></tr><tr><td>IP-klasse</td><td>IP20</td></tr><tr><td>Kleur</td><td>antraciet</td></tr></table><p>Minimale afname 10 stuks. Projectprijs vanaf 100 stuks op aanvraag. Levering binnen 5 werkdagen.</p>",Lichtplein,VOLTA,"VOLTA,B2B,Data en media",TRUE,Title,Default Title,LP-VO386,22.89,continue,manual,TRUE,TRUE,https://lichtplein.nl/img/p/lp-vo386-1-l.webp,1,active
lp-vo386,,,,,,,,,,,,,,,https://lichtplein.nl/img/p/lp-vo386-2-l.webp,2,
lp-vo387,"Netwerkaansluiting 2x RJ45 CAT6, antraciet","<p>Schakelmateriaal met een tijdloos design en ruime keuze in afwerkingen, van wit en zand tot antraciet, metallic, glas en hout. Mechanismen en afdekramen apart leverbaar zodat u per project combineert. CE-gecertificeerd, geschikt voor de standaard Europese inbouwdoos.</p><ul><li>CE-gecertificeerd</li><li>Schroefklem</li><li>Past in standaard inbouwdoos</li></ul><h3>Specificaties</h3><table><tr><td>Montage</td><td>Inbouw</td></tr><tr><td>IP-klasse</td><td>IP20</td></tr><tr><td>Kleur</td><td>antraciet</td></tr></table><p>Minimale afname 10 stuks. Projectprijs vanaf 100 stuks op aanvraag. Levering binnen 5 werkdagen.</p>",Lichtplein,VOLTA,"VOLTA,B2B,Data en media",TRUE,Title,Default Title,LP-VO387,30.15,continue,manual,TRUE,TRUE,https://lichtplein.nl/img/p/lp-vo387-1-l.webp,1,active
lp-vo387,,,,,,,,,,,,,,,https://lichtplein.nl/img/p/lp-vo387-2-l.webp,2,
lp-vo387,,,,,,,,,,,,,,,https://lichtplein.nl/img/p/lp-vo387-3-l.webp,3,
lp-vo387,,,,,,,,,,,,,,,https://lichtplein.nl/img/p/lp-vo387-4-l.webp,4,
lp-vo388,"TV-aansluiting F-connector, antraciet","<p>Schakelmateriaal met een tijdloos design en ruime keuze in afwerkingen, van wit en zand tot antraciet, metallic, glas en hout. Mechanismen en afdekramen apart leverbaar zodat u per project combineert. CE-gecertificeerd, geschikt voor de standaard Europese inbouwdoos.</p><ul><li>CE-gecertificeerd</li><li>Schroefklem</li><li>Past in standaard inbouwdoos</li></ul><h3>Specificaties</h3><table><tr><td>Montage</td><td>Inbouw</td></tr><tr><td>IP-klasse</td><td>IP20</td></tr><tr><td>Kleur</td><td>antraciet</td></tr></table><p>Minimale afname 10 stuks. Projectprijs vanaf 100 stuks op aanvraag. Levering binnen 5 werkdagen.</p>",Lichtplein,VOLTA,"VOLTA,B2B,Data en media",TRUE,Title,Default Title,LP-VO388,13.69,continue,manual,TRUE,TRUE,https://lichtplein.nl/img/p/lp-vo388-1-l.webp,1,active
lp-vo389,"Combi-aansluiting TV en RJ45 CAT6, antraciet","<p>Schakelmateriaal met een tijdloos design en ruime keuze in afwerkingen, van wit en zand tot antraciet, metallic, glas en hout. Mechanismen en afdekramen apart leverbaar zodat u per project combineert. CE-gecertificeerd, geschikt voor de standaard Europese inbouwdoos.</p><ul><li>CE-gecertificeerd</li><li>Schroefklem</li><li>Past in standaard inbouwdoos</li></ul><h3>Specificaties</h3><table><tr><td>Montage</td><td>Inbouw</td></tr><tr><td>IP-klasse</td><td>IP20</td></tr><tr><td>Kleur</td><td>antraciet</td></tr></table><p>Minimale afname 10 stuks. Projectprijs vanaf 100 stuks op aanvraag. Levering binnen 5 werkdagen.</p>",Lichtplein,VOLTA,"VOLTA,B2B,Data en media",TRUE,Title,Default Title,LP-VO389,29.35,continue,manual,TRUE,TRUE,https://lichtplein.nl/img/p/lp-vo389-1-l.webp,1,active
lp-vo389,,,,,,,,,,,,,,,https://lichtplein.nl/img/p/lp-vo389-2-l.webp,2,
lp-vo389,,,,,,,,,,,,,,,https://lichtplein.nl/img/p/lp-vo389-3-l.webp,3,
lp-vo389,,,,,,,,,,,,,,,https://lichtplein.nl/img/p/lp-vo389-4-l.webp,4,
lp-vo390,"Luidsprekeraansluiting enkel, antraciet","<p>Schakelmateriaal met een tijdloos design en ruime keuze in afwerkingen, van wit en zand tot antraciet, metallic, glas en hout. Mechanismen en afdekramen apart leverbaar zodat u per project combineert. CE-gecertificeerd, geschikt voor de standaard Europese inbouwdoos.</p><ul><li>CE-gecertificeerd</li><li>Schroefklem</li><li>Past in standaard inbouwdoos</li></ul><h3>Specificaties</h3><table><tr><td>Montage</td><td>Inbouw</td></tr><tr><td>IP-klasse</td><td>IP20</td></tr><tr><td>Kleur</td><td>antraciet</td></tr></table><p>Minimale afname 10 stuks. Projectprijs vanaf 100 stuks op aanvraag. Levering binnen 5 werkdagen.</p>",Lichtplein,VOLTA,"VOLTA,B2B,Data en media",TRUE,Title,Default Title,LP-VO390,21.05,continue,manual,TRUE,TRUE,https://lichtplein.nl/img/p/lp-vo390-1-l.webp,1,active
lp-vo390,,,,,,,,,,,,,,,https://lichtplein.nl/img/p/lp-vo390-2-l.webp,2,
lp-vo391,"Luidsprekeraansluiting dubbel, antraciet","<p>Schakelmateriaal met een tijdloos design en ruime keuze in afwerkingen, van wit en zand tot antraciet, metallic, glas en hout. Mechanismen en afdekramen apart leverbaar zodat u per project combineert. CE-gecertificeerd, geschikt voor de standaard Europese inbouwdoos.</p><ul><li>CE-gecertificeerd</li><li>Schroefklem</li><li>Past in standaard inbouwdoos</li></ul><h3>Specificaties</h3><table><tr><td>Montage</td><td>Inbouw</td></tr><tr><td>IP-klasse</td><td>IP20</td></tr><tr><td>Kleur</td><td>antraciet</td></tr></table><p>Minimale afname 10 stuks. Projectprijs vanaf 100 stuks op aanvraag. Levering binnen 5 werkdagen.</p>",Lichtplein,VOLTA,"VOLTA,B2B,Data en media",TRUE,Title,Default Title,LP-VO391,23.45,continue,manual,TRUE,TRUE,https://lichtplein.nl/img/p/lp-vo391-1-l.webp,1,active
lp-vo391,,,,,,,,,,,,,,,https://lichtplein.nl/img/p/lp-vo391-2-l.webp,2,
lp-vo392,"Aansluiting HDMI en USB, antraciet","<p>Schakelmateriaal met een tijdloos design en ruime keuze in afwerkingen, van wit en zand tot antraciet, metallic, glas en hout. Mechanismen en afdekramen apart leverbaar zodat u per project combineert. CE-gecertificeerd, geschikt voor de standaard Europese inbouwdoos.</p><ul><li>CE-gecertificeerd</li><li>Schroefklem</li><li>Past in standaard inbouwdoos</li></ul><h3>Specificaties</h3><table><tr><td>Montage</td><td>Inbouw</td></tr><tr><td>IP-klasse</td><td>IP20</td></tr><tr><td>Kleur</td><td>antraciet</td></tr></table><p>Minimale afname 10 stuks. Projectprijs vanaf 100 stuks op aanvraag. Levering binnen 5 werkdagen.</p>",Lichtplein,VOLTA,"VOLTA,B2B,Data en media",TRUE,Title,Default Title,LP-VO392,41.05,continue,manual,TRUE,TRUE,,,active
lp-vo393,"Blindplaat, antraciet","<p>Schakelmateriaal met een tijdloos design en ruime keuze in afwerkingen, van wit en zand tot antraciet, metallic, glas en hout. Mechanismen en afdekramen apart leverbaar zodat u per project combineert. CE-gecertificeerd, geschikt voor de standaard Europese inbouwdoos.</p><ul><li>CE-gecertificeerd</li><li>Standaard Europese maatvoering</li><li>Direct uit voorraad</li></ul><h3>Specificaties</h3><table><tr><td>Montage</td><td>Inbouw</td></tr><tr><td>IP-klasse</td><td>IP20</td></tr><tr><td>Kleur</td><td>antraciet</td></tr></table><p>Minimale afname 10 stuks. Projectprijs vanaf 100 stuks op aanvraag. Levering binnen 5 werkdagen.</p>",Lichtplein,VOLTA,"VOLTA,B2B,Afwerking",TRUE,Title,Default Title,LP-VO393,8.35,continue,manual,TRUE,TRUE,https://lichtplein.nl/img/p/lp-vo393-1-l.webp,1,active
lp-vo393,,,,,,,,,,,,,,,https://lichtplein.nl/img/p/lp-vo393-2-l.webp,2,
lp-vo393,,,,,,,,,,,,,,,https://lichtplein.nl/img/p/lp-vo393-3-l.webp,3,
lp-vo394,"Opbouwdoos 1-voudig, antraciet","<p>Schakelmateriaal met een tijdloos design en ruime keuze in afwerkingen, van wit en zand tot antraciet, metallic, glas en hout. Mechanismen en afdekramen apart leverbaar zodat u per project combineert. CE-gecertificeerd, geschikt voor de standaard Europese inbouwdoos.</p><ul><li>CE-gecertificeerd</li><li>Standaard Europese maatvoering</li><li>Direct uit voorraad</li></ul><h3>Specificaties</h3><table><tr><td>Kleur</td><td>antraciet</td></tr></table><p>Minimale afname 10 stuks. Projectprijs vanaf 100 stuks op aanvraag. Levering binnen 5 werkdagen.</p>",Lichtplein,VOLTA,"VOLTA,B2B,Opbouwdozen",TRUE,Title,Default Title,LP-VO394,13.05,continue,manual,TRUE,TRUE,https://lichtplein.nl/img/p/lp-vo394-1-l.webp,1,active
lp-vo395,"Opbouwdoos 2-voudig, antraciet","<p>Schakelmateriaal met een tijdloos design en ruime keuze in afwerkingen, van wit en zand tot antraciet, metallic, glas en hout. Mechanismen en afdekramen apart leverbaar zodat u per project combineert. CE-gecertificeerd, geschikt voor de standaard Europese inbouwdoos.</p><ul><li>CE-gecertificeerd</li><li>Standaard Europese maatvoering</li><li>Direct uit voorraad</li></ul><h3>Specificaties</h3><table><tr><td>Kleur</td><td>antraciet</td></tr></table><p>Minimale afname 10 stuks. Projectprijs vanaf 100 stuks op aanvraag. Levering binnen 5 werkdagen.</p>",Lichtplein,VOLTA,"VOLTA,B2B,Opbouwdozen",TRUE,Title,Default Title,LP-VO395,14.19,continue,manual,TRUE,TRUE,https://lichtplein.nl/img/p/lp-vo395-1-l.webp,1,active
lp-vo396,"Afdekplaat 1x RJ45 keystone, antraciet","<p>Schakelmateriaal met een tijdloos design en ruime keuze in afwerkingen, van wit en zand tot antraciet, metallic, glas en hout. Mechanismen en afdekramen apart leverbaar zodat u per project combineert. CE-gecertificeerd, geschikt voor de standaard Europese inbouwdoos.</p><ul><li>CE-gecertificeerd</li><li>Schroefklem</li><li>Past in standaard inbouwdoos</li></ul><h3>Specificaties</h3><table><tr><td>Montage</td><td>Inbouw</td></tr><tr><td>IP-klasse</td><td>IP20</td></tr><tr><td>Kleur</td><td>antraciet</td></tr></table><p>Minimale afname 10 stuks. Projectprijs vanaf 100 stuks op aanvraag. Levering binnen 5 werkdagen.</p>",Lichtplein,VOLTA,"VOLTA,B2B,Data en media",TRUE,Title,Default Title,LP-VO396,15.75,continue,manual,TRUE,TRUE,https://lichtplein.nl/img/p/lp-vo396-1-l.webp,1,active
lp-vo396,,,,,,,,,,,,,,,https://lichtplein.nl/img/p/lp-vo396-2-l.webp,2,
lp-vo397,"Afdekplaat 2x RJ45 keystone, antraciet","<p>Schakelmateriaal met een tijdloos design en ruime keuze in afwerkingen, van wit en zand tot antraciet, metallic, glas en hout. Mechanismen en afdekramen apart leverbaar zodat u per project combineert. CE-gecertificeerd, geschikt voor de standaard Europese inbouwdoos.</p><ul><li>CE-gecertificeerd</li><li>Schroefklem</li><li>Past in standaard inbouwdoos</li></ul><h3>Specificaties</h3><table><tr><td>Montage</td><td>Inbouw</td></tr><tr><td>IP-klasse</td><td>IP20</td></tr><tr><td>Kleur</td><td>antraciet</td></tr></table><p>Minimale afname 10 stuks. Projectprijs vanaf 100 stuks op aanvraag. Levering binnen 5 werkdagen.</p>",Lichtplein,VOLTA,"VOLTA,B2B,Data en media",TRUE,Title,Default Title,LP-VO397,15.75,continue,manual,TRUE,TRUE,https://lichtplein.nl/img/p/lp-vo397-1-l.webp,1,active
lp-vo397,,,,,,,,,,,,,,,https://lichtplein.nl/img/p/lp-vo397-2-l.webp,2,
lp-vo398,"Afdekplaat 1x RJ45 keystone, antraciet","<p>Schakelmateriaal met een tijdloos design en ruime keuze in afwerkingen, van wit en zand tot antraciet, metallic, glas en hout. Mechanismen en afdekramen apart leverbaar zodat u per project combineert. CE-gecertificeerd, geschikt voor de standaard Europese inbouwdoos.</p><ul><li>CE-gecertificeerd</li><li>Schroefklem</li><li>Past in standaard inbouwdoos</li></ul><h3>Specificaties</h3><table><tr><td>Montage</td><td>Inbouw</td></tr><tr><td>IP-klasse</td><td>IP20</td></tr><tr><td>Kleur</td><td>antraciet</td></tr></table><p>Minimale afname 10 stuks. Projectprijs vanaf 100 stuks op aanvraag. Levering binnen 5 werkdagen.</p>",Lichtplein,VOLTA,"VOLTA,B2B,Data en media",TRUE,Title,Default Title,LP-VO398,15.75,continue,manual,TRUE,TRUE,https://lichtplein.nl/img/p/lp-vo398-1-l.webp,1,active
lp-vo398,,,,,,,,,,,,,,,https://lichtplein.nl/img/p/lp-vo398-2-l.webp,2,
lp-vo399,"Afdekplaat 2x RJ45 keystone, antraciet","<p>Schakelmateriaal met een tijdloos design en ruime keuze in afwerkingen, van wit en zand tot antraciet, metallic, glas en hout. Mechanismen en afdekramen apart leverbaar zodat u per project combineert. CE-gecertificeerd, geschikt voor de standaard Europese inbouwdoos.</p><ul><li>CE-gecertificeerd</li><li>Schroefklem</li><li>Past in standaard inbouwdoos</li></ul><h3>Specificaties</h3><table><tr><td>Montage</td><td>Inbouw</td></tr><tr><td>IP-klasse</td><td>IP20</td></tr><tr><td>Kleur</td><td>antraciet</td></tr></table><p>Minimale afname 10 stuks. Projectprijs vanaf 100 stuks op aanvraag. Levering binnen 5 werkdagen.</p>",Lichtplein,VOLTA,"VOLTA,B2B,Data en media",TRUE,Title,Default Title,LP-VO399,15.75,continue,manual,TRUE,TRUE,https://lichtplein.nl/img/p/lp-vo399-1-l.webp,1,active
lp-vo399,,,,,,,,,,,,,,,https://lichtplein.nl/img/p/lp-vo399-2-l.webp,2,
lp-vo400,"Afdekking voor TV-contactdoos (onderdeel), antraciet","<p>Schakelmateriaal met een tijdloos design en ruime keuze in afwerkingen, van wit en zand tot antraciet, metallic, glas en hout. Mechanismen en afdekramen apart leverbaar zodat u per project combineert. CE-gecertificeerd, geschikt voor de standaard Europese inbouwdoos.</p><ul><li>CE-gecertificeerd</li><li>Schroefklem</li><li>Past in standaard inbouwdoos</li></ul><h3>Specificaties</h3><table><tr><td>Montage</td><td>Inbouw</td></tr><tr><td>IP-klasse</td><td>IP20</td></tr><tr><td>Kleur</td><td>antraciet</td></tr></table><p>Minimale afname 10 stuks. Projectprijs vanaf 100 stuks op aanvraag. Levering binnen 5 werkdagen.</p>",Lichtplein,VOLTA,"VOLTA,B2B,Data en media",TRUE,Title,Default Title,LP-VO400,11.29,continue,manual,TRUE,TRUE,,,active
lp-vo401,"Afdekking voor TV-contactdoos (onderdeel), antraciet","<p>Schakelmateriaal met een tijdloos design en ruime keuze in afwerkingen, van wit en zand tot antraciet, metallic, glas en hout. Mechanismen en afdekramen apart leverbaar zodat u per project combineert. CE-gecertificeerd, geschikt voor de standaard Europese inbouwdoos.</p><ul><li>CE-gecertificeerd</li><li>Schroefklem</li><li>Past in standaard inbouwdoos</li></ul><h3>Specificaties</h3><table><tr><td>Montage</td><td>Inbouw</td></tr><tr><td>IP-klasse</td><td>IP20</td></tr><tr><td>Kleur</td><td>antraciet</td></tr></table><p>Minimale afname 10 stuks. Projectprijs vanaf 100 stuks op aanvraag. Levering binnen 5 werkdagen.</p>",Lichtplein,VOLTA,"VOLTA,B2B,Data en media",TRUE,Title,Default Title,LP-VO401,11.29,continue,manual,TRUE,TRUE,,,active
lp-vo402,"Afdekking voor TV-contactdoos (onderdeel), antraciet","<p>Schakelmateriaal met een tijdloos design en ruime keuze in afwerkingen, van wit en zand tot antraciet, metallic, glas en hout. Mechanismen en afdekramen apart leverbaar zodat u per project combineert. CE-gecertificeerd, geschikt voor de standaard Europese inbouwdoos.</p><ul><li>CE-gecertificeerd</li><li>Schroefklem</li><li>Past in standaard inbouwdoos</li></ul><h3>Specificaties</h3><table><tr><td>Montage</td><td>Inbouw</td></tr><tr><td>IP-klasse</td><td>IP20</td></tr><tr><td>Kleur</td><td>antraciet</td></tr></table><p>Minimale afname 10 stuks. Projectprijs vanaf 100 stuks op aanvraag. Levering binnen 5 werkdagen.</p>",Lichtplein,VOLTA,"VOLTA,B2B,Data en media",TRUE,Title,Default Title,LP-VO402,11.29,continue,manual,TRUE,TRUE,,,active
lp-vo403,"Afdekraam 1-voudig Classic, antraciet","<p>Schakelmateriaal met een tijdloos design en ruime keuze in afwerkingen, van wit en zand tot antraciet, metallic, glas en hout. Mechanismen en afdekramen apart leverbaar zodat u per project combineert. CE-gecertificeerd, geschikt voor de standaard Europese inbouwdoos.</p><ul><li>CE-gecertificeerd</li><li>Standaard Europese maatvoering</li><li>Direct uit voorraad</li></ul><h3>Specificaties</h3><table><tr><td>Kleur</td><td>antraciet</td></tr></table><p>Minimale afname 10 stuks. Projectprijs vanaf 100 stuks op aanvraag. Levering binnen 5 werkdagen.</p>",Lichtplein,VOLTA,"VOLTA,B2B,Afdekramen",TRUE,Title,Default Title,LP-VO403,3.85,continue,manual,TRUE,TRUE,,,active
lp-vo404,"Afdekraam 2-voudig Classic, antraciet","<p>Schakelmateriaal met een tijdloos design en ruime keuze in afwerkingen, van wit en zand tot antraciet, metallic, glas en hout. Mechanismen en afdekramen apart leverbaar zodat u per project combineert. CE-gecertificeerd, geschikt voor de standaard Europese inbouwdoos.</p><ul><li>CE-gecertificeerd</li><li>Standaard Europese maatvoering</li><li>Direct uit voorraad</li></ul><h3>Specificaties</h3><table><tr><td>Kleur</td><td>antraciet</td></tr></table><p>Minimale afname 10 stuks. Projectprijs vanaf 100 stuks op aanvraag. Levering binnen 5 werkdagen.</p>",Lichtplein,VOLTA,"VOLTA,B2B,Afdekramen",TRUE,Title,Default Title,LP-VO404,5.65,continue,manual,TRUE,TRUE,,,active
lp-vo405,"Afdekraam 3-voudig Classic, antraciet","<p>Schakelmateriaal met een tijdloos design en ruime keuze in afwerkingen, van wit en zand tot antraciet, metallic, glas en hout. Mechanismen en afdekramen apart leverbaar zodat u per project combineert. CE-gecertificeerd, geschikt voor de standaard Europese inbouwdoos.</p><ul><li>CE-gecertificeerd</li><li>Standaard Europese maatvoering</li><li>Direct uit voorraad</li></ul><h3>Specificaties</h3><table><tr><td>Kleur</td><td>antraciet</td></tr></table><p>Minimale afname 10 stuks. Projectprijs vanaf 100 stuks op aanvraag. Levering binnen 5 werkdagen.</p>",Lichtplein,VOLTA,"VOLTA,B2B,Afdekramen",TRUE,Title,Default Title,LP-VO405,8.55,continue,manual,TRUE,TRUE,,,active
lp-vo406,"Afdekraam 4-voudig Classic, antraciet","<p>Schakelmateriaal met een tijdloos design en ruime keuze in afwerkingen, van wit en zand tot antraciet, metallic, glas en hout. Mechanismen en afdekramen apart leverbaar zodat u per project combineert. CE-gecertificeerd, geschikt voor de standaard Europese inbouwdoos.</p><ul><li>CE-gecertificeerd</li><li>Standaard Europese maatvoering</li><li>Direct uit voorraad</li></ul><h3>Specificaties</h3><table><tr><td>Kleur</td><td>antraciet</td></tr></table><p>Minimale afname 10 stuks. Projectprijs vanaf 100 stuks op aanvraag. Levering binnen 5 werkdagen.</p>",Lichtplein,VOLTA,"VOLTA,B2B,Afdekramen",TRUE,Title,Default Title,LP-VO406,10.95,continue,manual,TRUE,TRUE,,,active
lp-vo407,"Afdekraam 5-voudig Classic, antraciet","<p>Schakelmateriaal met een tijdloos design en ruime keuze in afwerkingen, van wit en zand tot antraciet, metallic, glas en hout. Mechanismen en afdekramen apart leverbaar zodat u per project combineert. CE-gecertificeerd, geschikt voor de standaard Europese inbouwdoos.</p><ul><li>CE-gecertificeerd</li><li>Standaard Europese maatvoering</li><li>Direct uit voorraad</li></ul><h3>Specificaties</h3><table><tr><td>Kleur</td><td>antraciet</td></tr></table><p>Minimale afname 10 stuks. Projectprijs vanaf 100 stuks op aanvraag. Levering binnen 5 werkdagen.</p>",Lichtplein,VOLTA,"VOLTA,B2B,Afdekramen",TRUE,Title,Default Title,LP-VO407,14.15,continue,manual,TRUE,TRUE,,,active
lp-vo408,"Afdekraam 6-voudig Classic, antraciet","<p>Schakelmateriaal met een tijdloos design en ruime keuze in afwerkingen, van wit en zand tot antraciet, metallic, glas en hout. Mechanismen en afdekramen apart leverbaar zodat u per project combineert. CE-gecertificeerd, geschikt voor de standaard Europese inbouwdoos.</p><ul><li>CE-gecertificeerd</li><li>Standaard Europese maatvoering</li><li>Direct uit voorraad</li></ul><h3>Specificaties</h3><table><tr><td>Kleur</td><td>antraciet</td></tr></table><p>Minimale afname 10 stuks. Projectprijs vanaf 100 stuks op aanvraag. Levering binnen 5 werkdagen.</p>",Lichtplein,VOLTA,"VOLTA,B2B,Afdekramen",TRUE,Title,Default Title,LP-VO408,18.15,continue,manual,TRUE,TRUE,,,active
lp-vo409,"Afdekraam 1-voudig SlimLine, antraciet","<p>Schakelmateriaal met een tijdloos design en ruime keuze in afwerkingen, van wit en zand tot antraciet, metallic, glas en hout. Mechanismen en afdekramen apart leverbaar zodat u per project combineert. CE-gecertificeerd, geschikt voor de standaard Europese inbouwdoos.</p><ul><li>CE-gecertificeerd</li><li>Standaard Europese maatvoering</li><li>Direct uit voorraad</li></ul><h3>Specificaties</h3><table><tr><td>Kleur</td><td>antraciet</td></tr></table><p>Minimale afname 10 stuks. Projectprijs vanaf 100 stuks op aanvraag. Levering binnen 5 werkdagen.</p>",Lichtplein,VOLTA,"VOLTA,B2B,Afdekramen",TRUE,Title,Default Title,LP-VO409,3.95,continue,manual,TRUE,TRUE,,,active
lp-vo410,"Afdekraam 2-voudig SlimLine, antraciet","<p>Schakelmateriaal met een tijdloos design en ruime keuze in afwerkingen, van wit en zand tot antraciet, metallic, glas en hout. Mechanismen en afdekramen apart leverbaar zodat u per project combineert. CE-gecertificeerd, geschikt voor de standaard Europese inbouwdoos.</p><ul><li>CE-gecertificeerd</li><li>Standaard Europese maatvoering</li><li>Direct uit voorraad</li></ul><h3>Specificaties</h3><table><tr><td>Kleur</td><td>antraciet</td></tr></table><p>Minimale afname 10 stuks. Projectprijs vanaf 100 stuks op aanvraag. Levering binnen 5 werkdagen.</p>",Lichtplein,VOLTA,"VOLTA,B2B,Afdekramen",TRUE,Title,Default Title,LP-VO410,5.79,continue,manual,TRUE,TRUE,,,active
lp-vo411,"Afdekraam 3-voudig SlimLine, antraciet","<p>Schakelmateriaal met een tijdloos design en ruime keuze in afwerkingen, van wit en zand tot antraciet, metallic, glas en hout. Mechanismen en afdekramen apart leverbaar zodat u per project combineert. CE-gecertificeerd, geschikt voor de standaard Europese inbouwdoos.</p><ul><li>CE-gecertificeerd</li><li>Standaard Europese maatvoering</li><li>Direct uit voorraad</li></ul><h3>Specificaties</h3><table><tr><td>Kleur</td><td>antraciet</td></tr></table><p>Minimale afname 10 stuks. Projectprijs vanaf 100 stuks op aanvraag. Levering binnen 5 werkdagen.</p>",Lichtplein,VOLTA,"VOLTA,B2B,Afdekramen",TRUE,Title,Default Title,LP-VO411,8.75,continue,manual,TRUE,TRUE,,,active
lp-vo412,"Afdekraam 4-voudig SlimLine, antraciet","<p>Schakelmateriaal met een tijdloos design en ruime keuze in afwerkingen, van wit en zand tot antraciet, metallic, glas en hout. Mechanismen en afdekramen apart leverbaar zodat u per project combineert. CE-gecertificeerd, geschikt voor de standaard Europese inbouwdoos.</p><ul><li>CE-gecertificeerd</li><li>Standaard Europese maatvoering</li><li>Direct uit voorraad</li></ul><h3>Specificaties</h3><table><tr><td>Kleur</td><td>antraciet</td></tr></table><p>Minimale afname 10 stuks. Projectprijs vanaf 100 stuks op aanvraag. Levering binnen 5 werkdagen.</p>",Lichtplein,VOLTA,"VOLTA,B2B,Afdekramen",TRUE,Title,Default Title,LP-VO412,11.05,continue,manual,TRUE,TRUE,,,active
lp-vo413,"Afdekraam 5-voudig SlimLine, antraciet","<p>Schakelmateriaal met een tijdloos design en ruime keuze in afwerkingen, van wit en zand tot antraciet, metallic, glas en hout. Mechanismen en afdekramen apart leverbaar zodat u per project combineert. CE-gecertificeerd, geschikt voor de standaard Europese inbouwdoos.</p><ul><li>CE-gecertificeerd</li><li>Standaard Europese maatvoering</li><li>Direct uit voorraad</li></ul><h3>Specificaties</h3><table><tr><td>Kleur</td><td>antraciet</td></tr></table><p>Minimale afname 10 stuks. Projectprijs vanaf 100 stuks op aanvraag. Levering binnen 5 werkdagen.</p>",Lichtplein,VOLTA,"VOLTA,B2B,Afdekramen",TRUE,Title,Default Title,LP-VO413,14.29,continue,manual,TRUE,TRUE,,,active
lp-vo414,"Afdekraam 6-voudig SlimLine, antraciet","<p>Schakelmateriaal met een tijdloos design en ruime keuze in afwerkingen, van wit en zand tot antraciet, metallic, glas en hout. Mechanismen en afdekramen apart leverbaar zodat u per project combineert. CE-gecertificeerd, geschikt voor de standaard Europese inbouwdoos.</p><ul><li>CE-gecertificeerd</li><li>Standaard Europese maatvoering</li><li>Direct uit voorraad</li></ul><h3>Specificaties</h3><table><tr><td>Kleur</td><td>antraciet</td></tr></table><p>Minimale afname 10 stuks. Projectprijs vanaf 100 stuks op aanvraag. Levering binnen 5 werkdagen.</p>",Lichtplein,VOLTA,"VOLTA,B2B,Afdekramen",TRUE,Title,Default Title,LP-VO414,18.45,continue,manual,TRUE,TRUE,,,active
lp-vo415,"Enkelpolige schakelaar, champagne","<p>Schakelmateriaal met een tijdloos design en ruime keuze in afwerkingen, van wit en zand tot antraciet, metallic, glas en hout. Mechanismen en afdekramen apart leverbaar zodat u per project combineert. CE-gecertificeerd, geschikt voor de standaard Europese inbouwdoos.</p><ul><li>CE-gecertificeerd</li><li>Veerklem, snelle montage</li><li>Past in standaard inbouwdoos</li></ul><h3>Specificaties</h3><table><tr><td>Montage</td><td>Inbouw</td></tr><tr><td>IP-klasse</td><td>IP20</td></tr><tr><td>Afdekraam</td><td>Zonder afdekraam (apart bestellen)</td></tr><tr><td>Nominale stroom</td><td>10 A</td></tr><tr><td>Aansluitklem</td><td>Veerklem (snelaansluiting)</td></tr><tr><td>Kleur</td><td>champagne</td></tr><tr><td>Spanning</td><td>230 V</td></tr></table><p>Minimale afname 10 stuks. Projectprijs vanaf 100 stuks op aanvraag. Levering binnen 5 werkdagen.</p>",Lichtplein,VOLTA,"VOLTA,B2B,Schakelaars",TRUE,Title,Default Title,LP-VO415,15.79,continue,manual,TRUE,TRUE,https://lichtplein.nl/img/p/lp-vo415-1-l.webp,1,active
lp-vo416,"Enkelpolige schakelaar IP44, champagne","<p>Schakelmateriaal met een tijdloos design en ruime keuze in afwerkingen, van wit en zand tot antraciet, metallic, glas en hout. Mechanismen en afdekramen apart leverbaar zodat u per project combineert. CE-gecertificeerd, geschikt voor de standaard Europese inbouwdoos.</p><ul><li>CE-gecertificeerd</li><li>Schroefklem</li><li>Past in standaard inbouwdoos</li></ul><h3>Specificaties</h3><table><tr><td>Montage</td><td>Inbouw</td></tr><tr><td>IP-klasse</td><td>IP44</td></tr><tr><td>Afdekraam</td><td>Zonder afdekraam (apart bestellen)</td></tr><tr><td>Nominale stroom</td><td>10 A</td></tr><tr><td>Aansluitklem</td><td>Schroefklem</td></tr><tr><td>Kleur</td><td>champagne</td></tr><tr><td>Spanning</td><td>230 V</td></tr></table><p>Minimale afname 10 stuks. Projectprijs vanaf 100 stuks op aanvraag. Levering binnen 5 werkdagen.</p>",Lichtplein,VOLTA,"VOLTA,B2B,Schakelaars",TRUE,Title,Default Title,LP-VO416,16.05,continue,manual,TRUE,TRUE,https://lichtplein.nl/img/p/lp-vo416-1-l.webp,1,active
lp-vo416,,,,,,,,,,,,,,,https://lichtplein.nl/img/p/lp-vo416-2-l.webp,2,
lp-vo416,,,,,,,,,,,,,,,https://lichtplein.nl/img/p/lp-vo416-3-l.webp,3,
lp-vo417,"Pulsdrukker enkel, champagne","<p>Schakelmateriaal met een tijdloos design en ruime keuze in afwerkingen, van wit en zand tot antraciet, metallic, glas en hout. Mechanismen en afdekramen apart leverbaar zodat u per project combineert. CE-gecertificeerd, geschikt voor de standaard Europese inbouwdoos.</p><ul><li>CE-gecertificeerd</li><li>Veerklem, snelle montage</li><li>Past in standaard inbouwdoos</li></ul><h3>Specificaties</h3><table><tr><td>Montage</td><td>Inbouw</td></tr><tr><td>IP-klasse</td><td>IP20</td></tr><tr><td>Afdekraam</td><td>Zonder afdekraam (apart bestellen)</td></tr><tr><td>Nominale stroom</td><td>10 A</td></tr><tr><td>Aansluitklem</td><td>Veerklem (snelaansluiting)</td></tr><tr><td>Kleur</td><td>champagne</td></tr><tr><td>Spanning</td><td>230 V</td></tr></table><p>Minimale afname 10 stuks. Projectprijs vanaf 100 stuks op aanvraag. Levering binnen 5 werkdagen.</p>",Lichtplein,VOLTA,"VOLTA,B2B,Schakelaars",TRUE,Title,Default Title,LP-VO417,17.19,continue,manual,TRUE,TRUE,https://lichtplein.nl/img/p/lp-vo417-1-l.webp,1,active
lp-vo418,"Tweepolige schakelaar, champagne","<p>Schakelmateriaal met een tijdloos design en ruime keuze in afwerkingen, van wit en zand tot antraciet, metallic, glas en hout. Mechanismen en afdekramen apart leverbaar zodat u per project combineert. CE-gecertificeerd, geschikt voor de standaard Europese inbouwdoos.</p><ul><li>CE-gecertificeerd</li><li>Veerklem, snelle montage</li><li>Past in standaard inbouwdoos</li></ul><h3>Specificaties</h3><table><tr><td>Montage</td><td>Inbouw</td></tr><tr><td>IP-klasse</td><td>IP20</td></tr><tr><td>Afdekraam</td><td>Zonder afdekraam (apart bestellen)</td></tr><tr><td>Nominale stroom</td><td>10 A</td></tr><tr><td>Aansluitklem</td><td>Veerklem (snelaansluiting)</td></tr><tr><td>Kleur</td><td>champagne</td></tr><tr><td>Spanning</td><td>230 V</td></tr></table><p>Minimale afname 10 stuks. Projectprijs vanaf 100 stuks op aanvraag. Levering binnen 5 werkdagen.</p>",Lichtplein,VOLTA,"VOLTA,B2B,Schakelaars",TRUE,Title,Default Title,LP-VO418,17.49,continue,manual,TRUE,TRUE,,,active
lp-vo419,"Serieschakelaar (2-voudig), champagne","<p>Schakelmateriaal met een tijdloos design en ruime keuze in afwerkingen, van wit en zand tot antraciet, metallic, glas en hout. Mechanismen en afdekramen apart leverbaar zodat u per project combineert. CE-gecertificeerd, geschikt voor de standaard Europese inbouwdoos.</p><ul><li>CE-gecertificeerd</li><li>Veerklem, snelle montage</li><li>Past in standaard inbouwdoos</li></ul><h3>Specificaties</h3><table><tr><td>Montage</td><td>Inbouw</td></tr><tr><td>IP-klasse</td><td>IP20</td></tr><tr><td>Afdekraam</td><td>Zonder afdekraam (apart bestellen)</td></tr><tr><td>Nominale stroom</td><td>10 A</td></tr><tr><td>Aansluitklem</td><td>Veerklem (snelaansluiting)</td></tr><tr><td>Kleur</td><td>champagne</td></tr><tr><td>Spanning</td><td>230 V</td></tr></table><p>Minimale afname 10 stuks. Projectprijs vanaf 100 stuks op aanvraag. Levering binnen 5 werkdagen.</p>",Lichtplein,VOLTA,"VOLTA,B2B,Schakelaars",TRUE,Title,Default Title,LP-VO419,17.49,continue,manual,TRUE,TRUE,https://lichtplein.nl/img/p/lp-vo419-1-l.webp,1,active
lp-vo420,"Serieschakelaar (2-voudig) IP44, champagne","<p>Schakelmateriaal met een tijdloos design en ruime keuze in afwerkingen, van wit en zand tot antraciet, metallic, glas en hout. Mechanismen en afdekramen apart leverbaar zodat u per project combineert. CE-gecertificeerd, geschikt voor de standaard Europese inbouwdoos.</p><ul><li>CE-gecertificeerd</li><li>Schroefklem</li><li>Past in standaard inbouwdoos</li></ul><h3>Specificaties</h3><table><tr><td>Montage</td><td>Inbouw</td></tr><tr><td>IP-klasse</td><td>IP44</td></tr><tr><td>Afdekraam</td><td>Zonder afdekraam (apart bestellen)</td></tr><tr><td>Nominale stroom</td><td>10 A</td></tr><tr><td>Aansluitklem</td><td>Schroefklem</td></tr><tr><td>Kleur</td><td>champagne</td></tr><tr><td>Spanning</td><td>230 V</td></tr></table><p>Minimale afname 10 stuks. Projectprijs vanaf 100 stuks op aanvraag. Levering binnen 5 werkdagen.</p>",Lichtplein,VOLTA,"VOLTA,B2B,Schakelaars",TRUE,Title,Default Title,LP-VO420,18.75,continue,manual,TRUE,TRUE,https://lichtplein.nl/img/p/lp-vo420-1-l.webp,1,active
lp-vo420,,,,,,,,,,,,,,,https://lichtplein.nl/img/p/lp-vo420-2-l.webp,2,
lp-vo421,"Pulsdrukker dubbel, champagne","<p>Schakelmateriaal met een tijdloos design en ruime keuze in afwerkingen, van wit en zand tot antraciet, metallic, glas en hout. Mechanismen en afdekramen apart leverbaar zodat u per project combineert. CE-gecertificeerd, geschikt voor de standaard Europese inbouwdoos.</p><ul><li>CE-gecertificeerd</li><li>Veerklem, snelle montage</li><li>Past in standaard inbouwdoos</li></ul><h3>Specificaties</h3><table><tr><td>Montage</td><td>Inbouw</td></tr><tr><td>IP-klasse</td><td>IP20</td></tr><tr><td>Afdekraam</td><td>Zonder afdekraam (apart bestellen)</td></tr><tr><td>Nominale stroom</td><td>10 A</td></tr><tr><td>Aansluitklem</td><td>Veerklem (snelaansluiting)</td></tr><tr><td>Kleur</td><td>champagne</td></tr><tr><td>Spanning</td><td>230 V</td></tr></table><p>Minimale afname 10 stuks. Projectprijs vanaf 100 stuks op aanvraag. Levering binnen 5 werkdagen.</p>",Lichtplein,VOLTA,"VOLTA,B2B,Schakelaars",TRUE,Title,Default Title,LP-VO421,18.19,continue,manual,TRUE,TRUE,https://lichtplein.nl/img/p/lp-vo421-1-l.webp,1,active
lp-vo422,"Drievoudige schakelaar, champagne","<p>Schakelmateriaal met een tijdloos design en ruime keuze in afwerkingen, van wit en zand tot antraciet, metallic, glas en hout. Mechanismen en afdekramen apart leverbaar zodat u per project combineert. CE-gecertificeerd, geschikt voor de standaard Europese inbouwdoos.</p><ul><li>CE-gecertificeerd</li><li>Schroefklem</li><li>Past in standaard inbouwdoos</li></ul><h3>Specificaties</h3><table><tr><td>Montage</td><td>Inbouw</td></tr><tr><td>IP-klasse</td><td>IP20</td></tr><tr><td>Afdekraam</td><td>Zonder afdekraam (apart bestellen)</td></tr><tr><td>Nominale stroom</td><td>16 A</td></tr><tr><td>Aansluitklem</td><td>Schroefklem</td></tr><tr><td>Kleur</td><td>champagne</td></tr><tr><td>Spanning</td><td>230 V</td></tr></table><p>Minimale afname 10 stuks. Projectprijs vanaf 100 stuks op aanvraag. Levering binnen 5 werkdagen.</p>",Lichtplein,VOLTA,"VOLTA,B2B,Schakelaars",TRUE,Title,Default Title,LP-VO422,26.35,continue,manual,TRUE,TRUE,https://lichtplein.nl/img/p/lp-vo422-1-l.webp,1,active
lp-vo422,,,,,,,,,,,,,,,https://lichtplein.nl/img/p/lp-vo422-2-l.webp,2,
lp-vo423,"Wisselschakelaar, champagne","<p>Schakelmateriaal met een tijdloos design en ruime keuze in afwerkingen, van wit en zand tot antraciet, metallic, glas en hout. Mechanismen en afdekramen apart leverbaar zodat u per project combineert. CE-gecertificeerd, geschikt voor de standaard Europese inbouwdoos.</p><ul><li>CE-gecertificeerd</li><li>Veerklem, snelle montage</li><li>Past in standaard inbouwdoos</li></ul><h3>Specificaties</h3><table><tr><td>Montage</td><td>Inbouw</td></tr><tr><td>IP-klasse</td><td>IP20</td></tr><tr><td>Afdekraam</td><td>Zonder afdekraam (apart bestellen)</td></tr><tr><td>Nominale stroom</td><td>10 A</td></tr><tr><td>Aansluitklem</td><td>Veerklem (snelaansluiting)</td></tr><tr><td>Kleur</td><td>champagne</td></tr><tr><td>Spanning</td><td>230 V</td></tr></table><p>Minimale afname 10 stuks. Projectprijs vanaf 100 stuks op aanvraag. Levering binnen 5 werkdagen.</p>",Lichtplein,VOLTA,"VOLTA,B2B,Schakelaars",TRUE,Title,Default Title,LP-VO423,17.79,continue,manual,TRUE,TRUE,https://lichtplein.nl/img/p/lp-vo423-1-l.webp,1,active
lp-vo424,"Kruisschakelaar, champagne","<p>Schakelmateriaal met een tijdloos design en ruime keuze in afwerkingen, van wit en zand tot antraciet, metallic, glas en hout. Mechanismen en afdekramen apart leverbaar zodat u per project combineert. CE-gecertificeerd, geschikt voor de standaard Europese inbouwdoos.</p><ul><li>CE-gecertificeerd</li><li>Veerklem, snelle montage</li><li>Past in standaard inbouwdoos</li></ul><h3>Specificaties</h3><table><tr><td>Montage</td><td>Inbouw</td></tr><tr><td>IP-klasse</td><td>IP20</td></tr><tr><td>Afdekraam</td><td>Zonder afdekraam (apart bestellen)</td></tr><tr><td>Nominale stroom</td><td>10 A</td></tr><tr><td>Aansluitklem</td><td>Veerklem (snelaansluiting)</td></tr><tr><td>Kleur</td><td>champagne</td></tr><tr><td>Spanning</td><td>230 V</td></tr></table><p>Minimale afname 10 stuks. Projectprijs vanaf 100 stuks op aanvraag. Levering binnen 5 werkdagen.</p>",Lichtplein,VOLTA,"VOLTA,B2B,Schakelaars",TRUE,Title,Default Title,LP-VO424,21.05,continue,manual,TRUE,TRUE,https://lichtplein.nl/img/p/lp-vo424-1-l.webp,1,active
lp-vo425,"Beldrukker, champagne","<p>Schakelmateriaal met een tijdloos design en ruime keuze in afwerkingen, van wit en zand tot antraciet, metallic, glas en hout. Mechanismen en afdekramen apart leverbaar zodat u per project combineert. CE-gecertificeerd, geschikt voor de standaard Europese inbouwdoos.</p><ul><li>CE-gecertificeerd</li><li>Veerklem, snelle montage</li><li>Past in standaard inbouwdoos</li></ul><h3>Specificaties</h3><table><tr><td>Montage</td><td>Inbouw</td></tr><tr><td>IP-klasse</td><td>IP20</td></tr><tr><td>Afdekraam</td><td>Zonder afdekraam (apart bestellen)</td></tr><tr><td>Nominale stroom</td><td>10 A</td></tr><tr><td>Aansluitklem</td><td>Veerklem (snelaansluiting)</td></tr><tr><td>Kleur</td><td>champagne</td></tr><tr><td>Spanning</td><td>230 V</td></tr></table><p>Minimale afname 10 stuks. Projectprijs vanaf 100 stuks op aanvraag. Levering binnen 5 werkdagen.</p>",Lichtplein,VOLTA,"VOLTA,B2B,Schakelaars",TRUE,Title,Default Title,LP-VO425,17.15,continue,manual,TRUE,TRUE,https://lichtplein.nl/img/p/lp-vo425-1-l.webp,1,active
lp-vo425,,,,,,,,,,,,,,,https://lichtplein.nl/img/p/lp-vo425-2-l.webp,2,
lp-vo426,"Dubbele wisselpulsdrukker, champagne","<p>Schakelmateriaal met een tijdloos design en ruime keuze in afwerkingen, van wit en zand tot antraciet, metallic, glas en hout. Mechanismen en afdekramen apart leverbaar zodat u per project combineert. CE-gecertificeerd, geschikt voor de standaard Europese inbouwdoos.</p><ul><li>CE-gecertificeerd</li><li>Veerklem, snelle montage</li><li>Past in standaard inbouwdoos</li></ul><h3>Specificaties</h3><table><tr><td>Montage</td><td>Inbouw</td></tr><tr><td>IP-klasse</td><td>IP20</td></tr><tr><td>Afdekraam</td><td>Zonder afdekraam (apart bestellen)</td></tr><tr><td>Nominale stroom</td><td>16 A</td></tr><tr><td>Aansluitklem</td><td>Veerklem (snelaansluiting)</td></tr><tr><td>Kleur</td><td>champagne</td></tr><tr><td>Spanning</td><td>230 V</td></tr></table><p>Minimale afname 10 stuks. Projectprijs vanaf 100 stuks op aanvraag. Levering binnen 5 werkdagen.</p>",Lichtplein,VOLTA,"VOLTA,B2B,Schakelaars",TRUE,Title,Default Title,LP-VO426,28.45,continue,manual,TRUE,TRUE,https://lichtplein.nl/img/p/lp-vo426-1-l.webp,1,active
lp-vo427,"Dubbele wisselschakelaar, champagne","<p>Schakelmateriaal met een tijdloos design en ruime keuze in afwerkingen, van wit en zand tot antraciet, metallic, glas en hout. Mechanismen en afdekramen apart leverbaar zodat u per project combineert. CE-gecertificeerd, geschikt voor de standaard Europese inbouwdoos.</p><ul><li>CE-gecertificeerd</li><li>Veerklem, snelle montage</li><li>Past in standaard inbouwdoos</li></ul><h3>Specificaties</h3><table><tr><td>Montage</td><td>Inbouw</td></tr><tr><td>IP-klasse</td><td>IP20</td></tr><tr><td>Afdekraam</td><td>Zonder afdekraam (apart bestellen)</td></tr><tr><td>Nominale stroom</td><td>16 A</td></tr><tr><td>Aansluitklem</td><td>Veerklem (snelaansluiting)</td></tr><tr><td>Kleur</td><td>champagne</td></tr><tr><td>Spanning</td><td>230 V</td></tr></table><p>Minimale afname 10 stuks. Projectprijs vanaf 100 stuks op aanvraag. Levering binnen 5 werkdagen.</p>",Lichtplein,VOLTA,"VOLTA,B2B,Schakelaars",TRUE,Title,Default Title,LP-VO427,24.99,continue,manual,TRUE,TRUE,https://lichtplein.nl/img/p/lp-vo427-1-l.webp,1,active
lp-vo428,"Jaloezieschakelaar, champagne","<p>Schakelmateriaal met een tijdloos design en ruime keuze in afwerkingen, van wit en zand tot antraciet, metallic, glas en hout. Mechanismen en afdekramen apart leverbaar zodat u per project combineert. CE-gecertificeerd, geschikt voor de standaard Europese inbouwdoos.</p><ul><li>CE-gecertificeerd</li><li>Schroefklem</li><li>Past in standaard inbouwdoos</li></ul><h3>Specificaties</h3><table><tr><td>Montage</td><td>Inbouw</td></tr><tr><td>IP-klasse</td><td>IP20</td></tr><tr><td>Afdekraam</td><td>Zonder afdekraam (apart bestellen)</td></tr><tr><td>Nominale stroom</td><td>10 A</td></tr><tr><td>Aansluitklem</td><td>Schroefklem</td></tr><tr><td>Kleur</td><td>champagne</td></tr><tr><td>Spanning</td><td>230 V</td></tr></table><p>Minimale afname 10 stuks. Projectprijs vanaf 100 stuks op aanvraag. Levering binnen 5 werkdagen.</p>",Lichtplein,VOLTA,"VOLTA,B2B,Schakelaars",TRUE,Title,Default Title,LP-VO428,19.85,continue,manual,TRUE,TRUE,https://lichtplein.nl/img/p/lp-vo428-1-l.webp,1,active
lp-vo428,,,,,,,,,,,,,,,https://lichtplein.nl/img/p/lp-vo428-2-l.webp,2,
lp-vo428,,,,,,,,,,,,,,,https://lichtplein.nl/img/p/lp-vo428-3-l.webp,3,
lp-vo429,"Hotelkaartschakelaar met pulsdrukker, champagne","<p>Schakelmateriaal met een tijdloos design en ruime keuze in afwerkingen, van wit en zand tot antraciet, metallic, glas en hout. Mechanismen en afdekramen apart leverbaar zodat u per project combineert. CE-gecertificeerd, geschikt voor de standaard Europese inbouwdoos.</p><ul><li>CE-gecertificeerd</li><li>Veerklem, snelle montage</li><li>Past in standaard inbouwdoos</li></ul><h3>Specificaties</h3><table><tr><td>Montage</td><td>Inbouw</td></tr><tr><td>IP-klasse</td><td>IP20</td></tr><tr><td>Afdekraam</td><td>Zonder afdekraam (apart bestellen)</td></tr><tr><td>Nominale stroom</td><td>10 A</td></tr><tr><td>Aansluitklem</td><td>Veerklem (snelaansluiting)</td></tr><tr><td>Kleur</td><td>champagne</td></tr><tr><td>Spanning</td><td>230 V</td></tr></table><p>Minimale afname 10 stuks. Projectprijs vanaf 100 stuks op aanvraag. Levering binnen 5 werkdagen.</p>",Lichtplein,VOLTA,"VOLTA,B2B,Schakelaars",TRUE,Title,Default Title,LP-VO429,29.55,continue,manual,TRUE,TRUE,https://lichtplein.nl/img/p/lp-vo429-1-l.webp,1,active
lp-vo429,,,,,,,,,,,,,,,https://lichtplein.nl/img/p/lp-vo429-2-l.webp,2,
lp-vo429,,,,,,,,,,,,,,,https://lichtplein.nl/img/p/lp-vo429-3-l.webp,3,
lp-vo430,"Draadloze schakelset, zender en ontvanger, champagne","<p>Schakelmateriaal met een tijdloos design en ruime keuze in afwerkingen, van wit en zand tot antraciet, metallic, glas en hout. Mechanismen en afdekramen apart leverbaar zodat u per project combineert. CE-gecertificeerd, geschikt voor de standaard Europese inbouwdoos.</p><ul><li>CE-gecertificeerd</li><li>Schroefklem</li><li>Past in standaard inbouwdoos</li></ul><h3>Specificaties</h3><table><tr><td>Montage</td><td>Inbouw</td></tr><tr><td>IP-klasse</td><td>IP20</td></tr><tr><td>Kleur</td><td>champagne</td></tr></table><p>Minimale afname 10 stuks. Projectprijs vanaf 100 stuks op aanvraag. Levering binnen 5 werkdagen.</p>",Lichtplein,VOLTA,"VOLTA,B2B,Draadloos schakelen",TRUE,Title,Default Title,LP-VO430,159.00,continue,manual,TRUE,TRUE,https://lichtplein.nl/img/p/lp-vo430-1-l.webp,1,active
lp-vo430,,,,,,,,,,,,,,,https://lichtplein.nl/img/p/lp-vo430-2-l.webp,2,
lp-vo431,"Zender voor draadloze schakelset, champagne","<p>Schakelmateriaal met een tijdloos design en ruime keuze in afwerkingen, van wit en zand tot antraciet, metallic, glas en hout. Mechanismen en afdekramen apart leverbaar zodat u per project combineert. CE-gecertificeerd, geschikt voor de standaard Europese inbouwdoos.</p><ul><li>CE-gecertificeerd</li><li>Schroefklem</li><li>Past in standaard inbouwdoos</li></ul><h3>Specificaties</h3><table><tr><td>Montage</td><td>Inbouw</td></tr><tr><td>IP-klasse</td><td>IP20</td></tr><tr><td>Kleur</td><td>champagne</td></tr></table><p>Minimale afname 10 stuks. Projectprijs vanaf 100 stuks op aanvraag. Levering binnen 5 werkdagen.</p>",Lichtplein,VOLTA,"VOLTA,B2B,Draadloos schakelen",TRUE,Title,Default Title,LP-VO431,57.25,continue,manual,TRUE,TRUE,https://lichtplein.nl/img/p/lp-vo431-1-l.webp,1,active
lp-vo431,,,,,,,,,,,,,,,https://lichtplein.nl/img/p/lp-vo431-2-l.webp,2,
lp-vo432,"Draaidimmer 40-400W, champagne","<p>Schakelmateriaal met een tijdloos design en ruime keuze in afwerkingen, van wit en zand tot antraciet, metallic, glas en hout. Mechanismen en afdekramen apart leverbaar zodat u per project combineert. CE-gecertificeerd, geschikt voor de standaard Europese inbouwdoos.</p><ul><li>CE-gecertificeerd</li><li>Schroefklem</li><li>Past in standaard inbouwdoos</li></ul><h3>Specificaties</h3><table><tr><td>Belasting</td><td>40-400W (gloei/halogeen)</td></tr><tr><td>Montage</td><td>Inbouw</td></tr><tr><td>IP-klasse</td><td>IP20</td></tr><tr><td>Kleur</td><td>champagne</td></tr><tr><td>Spanning</td><td>230 V</td></tr></table><p>Minimale afname 10 stuks. Projectprijs vanaf 100 stuks op aanvraag. Levering binnen 5 werkdagen.</p>",Lichtplein,VOLTA,"VOLTA,B2B,Dimmers",TRUE,Title,Default Title,LP-VO432,75.05,continue,manual,TRUE,TRUE,https://lichtplein.nl/img/p/lp-vo432-1-l.webp,1,active
lp-vo433,"LED-draaidimmer 3-100W, champagne","<p>Schakelmateriaal met een tijdloos design en ruime keuze in afwerkingen, van wit en zand tot antraciet, metallic, glas en hout. Mechanismen en afdekramen apart leverbaar zodat u per project combineert. CE-gecertificeerd, geschikt voor de standaard Europese inbouwdoos.</p><ul><li>CE-gecertificeerd</li><li>Schroefklem</li><li>Past in standaard inbouwdoos</li></ul><h3>Specificaties</h3><table><tr><td>Belasting</td><td>LED 3-100W</td></tr><tr><td>Montage</td><td>Inbouw</td></tr><tr><td>IP-klasse</td><td>IP20</td></tr><tr><td>Kleur</td><td>champagne</td></tr><tr><td>Spanning</td><td>230 V</td></tr></table><p>Minimale afname 10 stuks. Projectprijs vanaf 100 stuks op aanvraag. Levering binnen 5 werkdagen.</p>",Lichtplein,VOLTA,"VOLTA,B2B,Dimmers",TRUE,Title,Default Title,LP-VO433,94.99,continue,manual,TRUE,TRUE,https://lichtplein.nl/img/p/lp-vo433-1-l.webp,1,active
lp-vo433,,,,,,,,,,,,,,,https://lichtplein.nl/img/p/lp-vo433-2-l.webp,2,
lp-vo434,"LED-draaidimmer fase-aan/afsnijding 3-100W, champagne","<p>Schakelmateriaal met een tijdloos design en ruime keuze in afwerkingen, van wit en zand tot antraciet, metallic, glas en hout. Mechanismen en afdekramen apart leverbaar zodat u per project combineert. CE-gecertificeerd, geschikt voor de standaard Europese inbouwdoos.</p><ul><li>CE-gecertificeerd</li><li>Schroefklem</li><li>Past in standaard inbouwdoos</li></ul><h3>Specificaties</h3><table><tr><td>Belasting</td><td>LED 3-100W</td></tr><tr><td>Montage</td><td>Inbouw</td></tr><tr><td>IP-klasse</td><td>IP20</td></tr><tr><td>Kleur</td><td>champagne</td></tr><tr><td>Spanning</td><td>230 V</td></tr></table><p>Minimale afname 10 stuks. Projectprijs vanaf 100 stuks op aanvraag. Levering binnen 5 werkdagen.</p>",Lichtplein,VOLTA,"VOLTA,B2B,Dimmers",TRUE,Title,Default Title,LP-VO434,129.00,continue,manual,TRUE,TRUE,https://lichtplein.nl/img/p/lp-vo434-1-l.webp,1,active
lp-vo434,,,,,,,,,,,,,,,https://lichtplein.nl/img/p/lp-vo434-2-l.webp,2,
lp-vo435,"LED-drukdimmer 8-105W, champagne","<p>Schakelmateriaal met een tijdloos design en ruime keuze in afwerkingen, van wit en zand tot antraciet, metallic, glas en hout. Mechanismen en afdekramen apart leverbaar zodat u per project combineert. CE-gecertificeerd, geschikt voor de standaard Europese inbouwdoos.</p><ul><li>CE-gecertificeerd</li><li>Schroefklem</li><li>Past in standaard inbouwdoos</li></ul><h3>Specificaties</h3><table><tr><td>Belasting</td><td>LED 8-105W</td></tr><tr><td>Montage</td><td>Inbouw</td></tr><tr><td>IP-klasse</td><td>IP20</td></tr><tr><td>Kleur</td><td>champagne</td></tr><tr><td>Spanning</td><td>230 V</td></tr></table><p>Minimale afname 10 stuks. Projectprijs vanaf 100 stuks op aanvraag. Levering binnen 5 werkdagen.</p>",Lichtplein,VOLTA,"VOLTA,B2B,Dimmers",TRUE,Title,Default Title,LP-VO435,139.00,continue,manual,TRUE,TRUE,https://lichtplein.nl/img/p/lp-vo435-1-l.webp,1,active
lp-vo435,,,,,,,,,,,,,,,https://lichtplein.nl/img/p/lp-vo435-2-l.webp,2,
lp-vo436,"LED-draaidimmer 5-200W, champagne","<p>Schakelmateriaal met een tijdloos design en ruime keuze in afwerkingen, van wit en zand tot antraciet, metallic, glas en hout. Mechanismen en afdekramen apart leverbaar zodat u per project combineert. CE-gecertificeerd, geschikt voor de standaard Europese inbouwdoos.</p><ul><li>CE-gecertificeerd</li><li>Schroefklem</li><li>Past in standaard inbouwdoos</li></ul><h3>Specificaties</h3><table><tr><td>Belasting</td><td>LED 5-200W</td></tr><tr><td>Montage</td><td>Inbouw</td></tr><tr><td>IP-klasse</td><td>IP20</td></tr><tr><td>Kleur</td><td>champagne</td></tr><tr><td>Spanning</td><td>230 V</td></tr></table><p>Minimale afname 10 stuks. Projectprijs vanaf 100 stuks op aanvraag. Levering binnen 5 werkdagen.</p>",Lichtplein,VOLTA,"VOLTA,B2B,Dimmers",TRUE,Title,Default Title,LP-VO436,179.00,continue,manual,TRUE,TRUE,https://lichtplein.nl/img/p/lp-vo436-1-l.webp,1,active
lp-vo437,"Wandcontactdoos met USB-lader 3,4A, champagne","<p>Schakelmateriaal met een tijdloos design en ruime keuze in afwerkingen, van wit en zand tot antraciet, metallic, glas en hout. Mechanismen en afdekramen apart leverbaar zodat u per project combineert. CE-gecertificeerd, geschikt voor de standaard Europese inbouwdoos.</p><ul><li>CE-gecertificeerd</li><li>Schroefklem</li><li>Past in standaard inbouwdoos</li></ul><h3>Specificaties</h3><table><tr><td>USB</td><td>2x USB-A, 3,4 A totaal</td></tr><tr><td>Montage</td><td>Inbouw</td></tr><tr><td>IP-klasse</td><td>IP20</td></tr><tr><td>Afdekraam</td><td>Zonder afdekraam (apart bestellen)</td></tr><tr><td>Kleur</td><td>champagne</td></tr><tr><td>Spanning</td><td>230 V</td></tr></table><p>Minimale afname 10 stuks. Projectprijs vanaf 100 stuks op aanvraag. Levering binnen 5 werkdagen.</p>",Lichtplein,VOLTA,"VOLTA,B2B,Wandcontactdozen",TRUE,Title,Default Title,LP-VO437,85.15,continue,manual,TRUE,TRUE,https://lichtplein.nl/img/p/lp-vo437-1-l.webp,1,active
lp-vo438,"Wandcontactdoos met randaarde, champagne","<p>Schakelmateriaal met een tijdloos design en ruime keuze in afwerkingen, van wit en zand tot antraciet, metallic, glas en hout. Mechanismen en afdekramen apart leverbaar zodat u per project combineert. CE-gecertificeerd, geschikt voor de standaard Europese inbouwdoos.</p><ul><li>CE-gecertificeerd</li><li>Veerklem, snelle montage</li><li>Past in standaard inbouwdoos</li></ul><h3>Specificaties</h3><table><tr><td>Nominale stroom</td><td>16 A</td></tr><tr><td>Montage</td><td>Inbouw</td></tr><tr><td>IP-klasse</td><td>IP20</td></tr><tr><td>Afdekraam</td><td>Zonder afdekraam (apart bestellen)</td></tr><tr><td>Aansluitklem</td><td>Veerklem (snelaansluiting)</td></tr><tr><td>Kleur</td><td>champagne</td></tr><tr><td>Spanning</td><td>230 V</td></tr></table><p>Minimale afname 10 stuks. Projectprijs vanaf 100 stuks op aanvraag. Levering binnen 5 werkdagen.</p>",Lichtplein,VOLTA,"VOLTA,B2B,Wandcontactdozen",TRUE,Title,Default Title,LP-VO438,15.69,continue,manual,TRUE,TRUE,https://lichtplein.nl/img/p/lp-vo438-1-l.webp,1,active
lp-vo438,,,,,,,,,,,,,,,https://lichtplein.nl/img/p/lp-vo438-2-l.webp,2,
lp-vo439,"Wandcontactdoos met randaarde met klapdeksel, champagne","<p>Schakelmateriaal met een tijdloos design en ruime keuze in afwerkingen, van wit en zand tot antraciet, metallic, glas en hout. Mechanismen en afdekramen apart leverbaar zodat u per project combineert. CE-gecertificeerd, geschikt voor de standaard Europese inbouwdoos.</p><ul><li>CE-gecertificeerd</li><li>Veerklem, snelle montage</li><li>Past in standaard inbouwdoos</li></ul><h3>Specificaties</h3><table><tr><td>Nominale stroom</td><td>16 A</td></tr><tr><td>Montage</td><td>Inbouw</td></tr><tr><td>IP-klasse</td><td>IP44</td></tr><tr><td>Afdekraam</td><td>Zonder afdekraam (apart bestellen)</td></tr><tr><td>Aansluitklem</td><td>Veerklem (snelaansluiting)</td></tr><tr><td>Kleur</td><td>champagne</td></tr><tr><td>Spanning</td><td>230 V</td></tr></table><p>Minimale afname 10 stuks. Projectprijs vanaf 100 stuks op aanvraag. Levering binnen 5 werkdagen.</p>",Lichtplein,VOLTA,"VOLTA,B2B,Wandcontactdozen",TRUE,Title,Default Title,LP-VO439,20.19,continue,manual,TRUE,TRUE,https://lichtplein.nl/img/p/lp-vo439-1-l.webp,1,active
lp-vo439,,,,,,,,,,,,,,,https://lichtplein.nl/img/p/lp-vo439-2-l.webp,2,
lp-vo440,"Wandcontactdoos met randaarde, spreidklauwen, champagne","<p>Schakelmateriaal met een tijdloos design en ruime keuze in afwerkingen, van wit en zand tot antraciet, metallic, glas en hout. Mechanismen en afdekramen apart leverbaar zodat u per project combineert. CE-gecertificeerd, geschikt voor de standaard Europese inbouwdoos.</p><ul><li>CE-gecertificeerd</li><li>Veerklem, snelle montage</li><li>Past in standaard inbouwdoos</li></ul><h3>Specificaties</h3><table><tr><td>Nominale stroom</td><td>16 A</td></tr><tr><td>Montage</td><td>Inbouw</td></tr><tr><td>IP-klasse</td><td>IP20</td></tr><tr><td>Afdekraam</td><td>Zonder afdekraam (apart bestellen)</td></tr><tr><td>Aansluitklem</td><td>Veerklem (snelaansluiting)</td></tr><tr><td>Kleur</td><td>champagne</td></tr><tr><td>Spanning</td><td>230 V</td></tr></table><p>Minimale afname 10 stuks. Projectprijs vanaf 100 stuks op aanvraag. Levering binnen 5 werkdagen.</p>",Lichtplein,VOLTA,"VOLTA,B2B,Wandcontactdozen",TRUE,Title,Default Title,LP-VO440,17.55,continue,manual,TRUE,TRUE,https://lichtplein.nl/img/p/lp-vo440-1-l.webp,1,active
lp-vo440,,,,,,,,,,,,,,,https://lichtplein.nl/img/p/lp-vo440-2-l.webp,2,
lp-vo441,"Dubbele wandcontactdoos zonder randaarde, champagne","<p>Schakelmateriaal met een tijdloos design en ruime keuze in afwerkingen, van wit en zand tot antraciet, metallic, glas en hout. Mechanismen en afdekramen apart leverbaar zodat u per project combineert. CE-gecertificeerd, geschikt voor de standaard Europese inbouwdoos.</p><ul><li>CE-gecertificeerd</li><li>Schroefklem</li><li>Past in standaard inbouwdoos</li></ul><h3>Specificaties</h3><table><tr><td>Nominale stroom</td><td>16 A</td></tr><tr><td>Montage</td><td>Inbouw</td></tr><tr><td>IP-klasse</td><td>IP20</td></tr><tr><td>Afdekraam</td><td>Inclusief afdekraam</td></tr><tr><td>Aansluitklem</td><td>Schroefklem</td></tr><tr><td>Kleur</td><td>champagne</td></tr><tr><td>Spanning</td><td>230 V</td></tr></table><p>Minimale afname 10 stuks. Projectprijs vanaf 100 stuks op aanvraag. Levering binnen 5 werkdagen.</p>",Lichtplein,VOLTA,"VOLTA,B2B,Wandcontactdozen",TRUE,Title,Default Title,LP-VO441,18.25,continue,manual,TRUE,TRUE,https://lichtplein.nl/img/p/lp-vo441-1-l.webp,1,active
lp-vo442,"Dubbele wandcontactdoos met randaarde, champagne","<p>Schakelmateriaal met een tijdloos design en ruime keuze in afwerkingen, van wit en zand tot antraciet, metallic, glas en hout. Mechanismen en afdekramen apart leverbaar zodat u per project combineert. CE-gecertificeerd, geschikt voor de standaard Europese inbouwdoos.</p><ul><li>CE-gecertificeerd</li><li>Schroefklem</li><li>Past in standaard inbouwdoos</li></ul><h3>Specificaties</h3><table><tr><td>Nominale stroom</td><td>16 A</td></tr><tr><td>Montage</td><td>Inbouw</td></tr><tr><td>IP-klasse</td><td>IP20</td></tr><tr><td>Afdekraam</td><td>Inclusief afdekraam</td></tr><tr><td>Aansluitklem</td><td>Schroefklem</td></tr><tr><td>Kleur</td><td>champagne</td></tr><tr><td>Spanning</td><td>230 V</td></tr></table><p>Minimale afname 10 stuks. Projectprijs vanaf 100 stuks op aanvraag. Levering binnen 5 werkdagen.</p>",Lichtplein,VOLTA,"VOLTA,B2B,Wandcontactdozen",TRUE,Title,Default Title,LP-VO442,22.39,continue,manual,TRUE,TRUE,https://lichtplein.nl/img/p/lp-vo442-1-l.webp,1,active
lp-vo443,"Wandcontactdoos zonder randaarde, champagne","<p>Schakelmateriaal met een tijdloos design en ruime keuze in afwerkingen, van wit en zand tot antraciet, metallic, glas en hout. Mechanismen en afdekramen apart leverbaar zodat u per project combineert. CE-gecertificeerd, geschikt voor de standaard Europese inbouwdoos.</p><ul><li>CE-gecertificeerd</li><li>Schroefklem</li><li>Past in standaard inbouwdoos</li></ul><h3>Specificaties</h3><table><tr><td>Nominale stroom</td><td>16 A</td></tr><tr><td>Montage</td><td>Inbouw</td></tr><tr><td>IP-klasse</td><td>IP20</td></tr><tr><td>Afdekraam</td><td>Zonder afdekraam (apart bestellen)</td></tr><tr><td>Aansluitklem</td><td>Schroefklem</td></tr><tr><td>Kleur</td><td>champagne</td></tr><tr><td>Spanning</td><td>230 V</td></tr></table><p>Minimale afname 10 stuks. Projectprijs vanaf 100 stuks op aanvraag. Levering binnen 5 werkdagen.</p>",Lichtplein,VOLTA,"VOLTA,B2B,Wandcontactdozen",TRUE,Title,Default Title,LP-VO443,12.25,continue,manual,TRUE,TRUE,https://lichtplein.nl/img/p/lp-vo443-1-l.webp,1,active
lp-vo444,"Wandcontactdoos met randaarde, champagne","<p>Schakelmateriaal met een tijdloos design en ruime keuze in afwerkingen, van wit en zand tot antraciet, metallic, glas en hout. Mechanismen en afdekramen apart leverbaar zodat u per project combineert. CE-gecertificeerd, geschikt voor de standaard Europese inbouwdoos.</p><ul><li>CE-gecertificeerd</li><li>Schroefklem</li><li>Past in standaard inbouwdoos</li></ul><h3>Specificaties</h3><table><tr><td>Nominale stroom</td><td>16 A</td></tr><tr><td>Montage</td><td>Inbouw</td></tr><tr><td>IP-klasse</td><td>IP20</td></tr><tr><td>Afdekraam</td><td>Zonder afdekraam (apart bestellen)</td></tr><tr><td>Aansluitklem</td><td>Schroefklem</td></tr><tr><td>Kleur</td><td>champagne</td></tr><tr><td>Spanning</td><td>230 V</td></tr></table><p>Minimale afname 10 stuks. Projectprijs vanaf 100 stuks op aanvraag. Levering binnen 5 werkdagen.</p>",Lichtplein,VOLTA,"VOLTA,B2B,Wandcontactdozen",TRUE,Title,Default Title,LP-VO444,13.75,continue,manual,TRUE,TRUE,https://lichtplein.nl/img/p/lp-vo444-1-l.webp,1,active
lp-vo444,,,,,,,,,,,,,,,https://lichtplein.nl/img/p/lp-vo444-2-l.webp,2,
lp-vo444,,,,,,,,,,,,,,,https://lichtplein.nl/img/p/lp-vo444-3-l.webp,3,
lp-vo445,"Wandcontactdoos met randaarde met klapdeksel, champagne","<p>Schakelmateriaal met een tijdloos design en ruime keuze in afwerkingen, van wit en zand tot antraciet, metallic, glas en hout. Mechanismen en afdekramen apart leverbaar zodat u per project combineert. CE-gecertificeerd, geschikt voor de standaard Europese inbouwdoos.</p><ul><li>CE-gecertificeerd</li><li>Schroefklem</li><li>Past in standaard inbouwdoos</li></ul><h3>Specificaties</h3><table><tr><td>Nominale stroom</td><td>16 A</td></tr><tr><td>Montage</td><td>Inbouw</td></tr><tr><td>IP-klasse</td><td>IP44</td></tr><tr><td>Afdekraam</td><td>Zonder afdekraam (apart bestellen)</td></tr><tr><td>Aansluitklem</td><td>Schroefklem</td></tr><tr><td>Kleur</td><td>champagne</td></tr><tr><td>Spanning</td><td>230 V</td></tr></table><p>Minimale afname 10 stuks. Projectprijs vanaf 100 stuks op aanvraag. Levering binnen 5 werkdagen.</p>",Lichtplein,VOLTA,"VOLTA,B2B,Wandcontactdozen",TRUE,Title,Default Title,LP-VO445,17.85,continue,manual,TRUE,TRUE,https://lichtplein.nl/img/p/lp-vo445-1-l.webp,1,active
lp-vo446,"Wandcontactdoos met randaarde, spreidklauwen, champagne","<p>Schakelmateriaal met een tijdloos design en ruime keuze in afwerkingen, van wit en zand tot antraciet, metallic, glas en hout. Mechanismen en afdekramen apart leverbaar zodat u per project combineert. CE-gecertificeerd, geschikt voor de standaard Europese inbouwdoos.</p><ul><li>CE-gecertificeerd</li><li>Schroefklem</li><li>Past in standaard inbouwdoos</li></ul><h3>Specificaties</h3><table><tr><td>Nominale stroom</td><td>16 A</td></tr><tr><td>Montage</td><td>Inbouw</td></tr><tr><td>IP-klasse</td><td>IP20</td></tr><tr><td>Afdekraam</td><td>Zonder afdekraam (apart bestellen)</td></tr><tr><td>Aansluitklem</td><td>Schroefklem</td></tr><tr><td>Kleur</td><td>champagne</td></tr><tr><td>Spanning</td><td>230 V</td></tr></table><p>Minimale afname 10 stuks. Projectprijs vanaf 100 stuks op aanvraag. Levering binnen 5 werkdagen.</p>",Lichtplein,VOLTA,"VOLTA,B2B,Wandcontactdozen",TRUE,Title,Default Title,LP-VO446,14.35,continue,manual,TRUE,TRUE,https://lichtplein.nl/img/p/lp-vo446-1-l.webp,1,active
lp-vo447,"TV-aansluiting F-connector, champagne","<p>Schakelmateriaal met een tijdloos design en ruime keuze in afwerkingen, van wit en zand tot antraciet, metallic, glas en hout. Mechanismen en afdekramen apart leverbaar zodat u per project combineert. CE-gecertificeerd, geschikt voor de standaard Europese inbouwdoos.</p><ul><li>CE-gecertificeerd</li><li>Schroefklem</li><li>Past in standaard inbouwdoos</li></ul><h3>Specificaties</h3><table><tr><td>Montage</td><td>Inbouw</td></tr><tr><td>IP-klasse</td><td>IP20</td></tr><tr><td>Kleur</td><td>champagne</td></tr></table><p>Minimale afname 10 stuks. Projectprijs vanaf 100 stuks op aanvraag. Levering binnen 5 werkdagen.</p>",Lichtplein,VOLTA,"VOLTA,B2B,Data en media",TRUE,Title,Default Title,LP-VO447,14.09,continue,manual,TRUE,TRUE,https://lichtplein.nl/img/p/lp-vo447-1-l.webp,1,active
lp-vo447,,,,,,,,,,,,,,,https://lichtplein.nl/img/p/lp-vo447-2-l.webp,2,
lp-vo448,"Combi-aansluiting TV en RJ45 CAT6, champagne","<p>Schakelmateriaal met een tijdloos design en ruime keuze in afwerkingen, van wit en zand tot antraciet, metallic, glas en hout. Mechanismen en afdekramen apart leverbaar zodat u per project combineert. CE-gecertificeerd, geschikt voor de standaard Europese inbouwdoos.</p><ul><li>CE-gecertificeerd</li><li>Schroefklem</li><li>Past in standaard inbouwdoos</li></ul><h3>Specificaties</h3><table><tr><td>Montage</td><td>Inbouw</td></tr><tr><td>IP-klasse</td><td>IP20</td></tr><tr><td>Kleur</td><td>champagne</td></tr></table><p>Minimale afname 10 stuks. Projectprijs vanaf 100 stuks op aanvraag. Levering binnen 5 werkdagen.</p>",Lichtplein,VOLTA,"VOLTA,B2B,Data en media",TRUE,Title,Default Title,LP-VO448,29.79,continue,manual,TRUE,TRUE,https://lichtplein.nl/img/p/lp-vo448-1-l.webp,1,active
lp-vo449,"Netwerkaansluiting RJ45 CAT6, champagne","<p>Schakelmateriaal met een tijdloos design en ruime keuze in afwerkingen, van wit en zand tot antraciet, metallic, glas en hout. Mechanismen en afdekramen apart leverbaar zodat u per project combineert. CE-gecertificeerd, geschikt voor de standaard Europese inbouwdoos.</p><ul><li>CE-gecertificeerd</li><li>Schroefklem</li><li>Past in standaard inbouwdoos</li></ul><h3>Specificaties</h3><table><tr><td>Montage</td><td>Inbouw</td></tr><tr><td>IP-klasse</td><td>IP20</td></tr><tr><td>Kleur</td><td>champagne</td></tr></table><p>Minimale afname 10 stuks. Projectprijs vanaf 100 stuks op aanvraag. Levering binnen 5 werkdagen.</p>",Lichtplein,VOLTA,"VOLTA,B2B,Data en media",TRUE,Title,Default Title,LP-VO449,23.39,continue,manual,TRUE,TRUE,https://lichtplein.nl/img/p/lp-vo449-1-l.webp,1,active
lp-vo449,,,,,,,,,,,,,,,https://lichtplein.nl/img/p/lp-vo449-2-l.webp,2,
lp-vo450,"Netwerkaansluiting 2x RJ45 CAT6, champagne","<p>Schakelmateriaal met een tijdloos design en ruime keuze in afwerkingen, van wit en zand tot antraciet, metallic, glas en hout. Mechanismen en afdekramen apart leverbaar zodat u per project combineert. CE-gecertificeerd, geschikt voor de standaard Europese inbouwdoos.</p><ul><li>CE-gecertificeerd</li><li>Schroefklem</li><li>Past in standaard inbouwdoos</li></ul><h3>Specificaties</h3><table><tr><td>Montage</td><td>Inbouw</td></tr><tr><td>IP-klasse</td><td>IP20</td></tr><tr><td>Kleur</td><td>champagne</td></tr></table><p>Minimale afname 10 stuks. Projectprijs vanaf 100 stuks op aanvraag. Levering binnen 5 werkdagen.</p>",Lichtplein,VOLTA,"VOLTA,B2B,Data en media",TRUE,Title,Default Title,LP-VO450,31.05,continue,manual,TRUE,TRUE,https://lichtplein.nl/img/p/lp-vo450-1-l.webp,1,active
lp-vo451,"Aansluiting HDMI en USB, champagne","<p>Schakelmateriaal met een tijdloos design en ruime keuze in afwerkingen, van wit en zand tot antraciet, metallic, glas en hout. Mechanismen en afdekramen apart leverbaar zodat u per project combineert. CE-gecertificeerd, geschikt voor de standaard Europese inbouwdoos.</p><ul><li>CE-gecertificeerd</li><li>Schroefklem</li><li>Past in standaard inbouwdoos</li></ul><h3>Specificaties</h3><table><tr><td>Montage</td><td>Inbouw</td></tr><tr><td>IP-klasse</td><td>IP20</td></tr><tr><td>Kleur</td><td>champagne</td></tr></table><p>Minimale afname 10 stuks. Projectprijs vanaf 100 stuks op aanvraag. Levering binnen 5 werkdagen.</p>",Lichtplein,VOLTA,"VOLTA,B2B,Data en media",TRUE,Title,Default Title,LP-VO451,41.39,continue,manual,TRUE,TRUE,,,active
lp-vo452,"Luidsprekeraansluiting enkel, champagne","<p>Schakelmateriaal met een tijdloos design en ruime keuze in afwerkingen, van wit en zand tot antraciet, metallic, glas en hout. Mechanismen en afdekramen apart leverbaar zodat u per project combineert. CE-gecertificeerd, geschikt voor de standaard Europese inbouwdoos.</p><ul><li>CE-gecertificeerd</li><li>Schroefklem</li><li>Past in standaard inbouwdoos</li></ul><h3>Specificaties</h3><table><tr><td>Montage</td><td>Inbouw</td></tr><tr><td>IP-klasse</td><td>IP20</td></tr><tr><td>Kleur</td><td>champagne</td></tr></table><p>Minimale afname 10 stuks. Projectprijs vanaf 100 stuks op aanvraag. Levering binnen 5 werkdagen.</p>",Lichtplein,VOLTA,"VOLTA,B2B,Data en media",TRUE,Title,Default Title,LP-VO452,21.49,continue,manual,TRUE,TRUE,https://lichtplein.nl/img/p/lp-vo452-1-l.webp,1,active
lp-vo453,"Luidsprekeraansluiting dubbel, champagne","<p>Schakelmateriaal met een tijdloos design en ruime keuze in afwerkingen, van wit en zand tot antraciet, metallic, glas en hout. Mechanismen en afdekramen apart leverbaar zodat u per project combineert. CE-gecertificeerd, geschikt voor de standaard Europese inbouwdoos.</p><ul><li>CE-gecertificeerd</li><li>Schroefklem</li><li>Past in standaard inbouwdoos</li></ul><h3>Specificaties</h3><table><tr><td>Montage</td><td>Inbouw</td></tr><tr><td>IP-klasse</td><td>IP20</td></tr><tr><td>Kleur</td><td>champagne</td></tr></table><p>Minimale afname 10 stuks. Projectprijs vanaf 100 stuks op aanvraag. Levering binnen 5 werkdagen.</p>",Lichtplein,VOLTA,"VOLTA,B2B,Data en media",TRUE,Title,Default Title,LP-VO453,24.05,continue,manual,TRUE,TRUE,https://lichtplein.nl/img/p/lp-vo453-1-l.webp,1,active
lp-vo454,"Blindplaat, champagne","<p>Schakelmateriaal met een tijdloos design en ruime keuze in afwerkingen, van wit en zand tot antraciet, metallic, glas en hout. Mechanismen en afdekramen apart leverbaar zodat u per project combineert. CE-gecertificeerd, geschikt voor de standaard Europese inbouwdoos.</p><ul><li>CE-gecertificeerd</li><li>Standaard Europese maatvoering</li><li>Direct uit voorraad</li></ul><h3>Specificaties</h3><table><tr><td>Montage</td><td>Inbouw</td></tr><tr><td>IP-klasse</td><td>IP20</td></tr><tr><td>Kleur</td><td>champagne</td></tr></table><p>Minimale afname 10 stuks. Projectprijs vanaf 100 stuks op aanvraag. Levering binnen 5 werkdagen.</p>",Lichtplein,VOLTA,"VOLTA,B2B,Afwerking",TRUE,Title,Default Title,LP-VO454,8.79,continue,manual,TRUE,TRUE,https://lichtplein.nl/img/p/lp-vo454-1-l.webp,1,active
lp-vo454,,,,,,,,,,,,,,,https://lichtplein.nl/img/p/lp-vo454-2-l.webp,2,
lp-vo455,"Opbouwdoos 1-voudig, champagne","<p>Schakelmateriaal met een tijdloos design en ruime keuze in afwerkingen, van wit en zand tot antraciet, metallic, glas en hout. Mechanismen en afdekramen apart leverbaar zodat u per project combineert. CE-gecertificeerd, geschikt voor de standaard Europese inbouwdoos.</p><ul><li>CE-gecertificeerd</li><li>Standaard Europese maatvoering</li><li>Direct uit voorraad</li></ul><h3>Specificaties</h3><table><tr><td>Kleur</td><td>champagne</td></tr></table><p>Minimale afname 10 stuks. Projectprijs vanaf 100 stuks op aanvraag. Levering binnen 5 werkdagen.</p>",Lichtplein,VOLTA,"VOLTA,B2B,Opbouwdozen",TRUE,Title,Default Title,LP-VO455,13.05,continue,manual,TRUE,TRUE,https://lichtplein.nl/img/p/lp-vo455-1-l.webp,1,active
lp-vo455,,,,,,,,,,,,,,,https://lichtplein.nl/img/p/lp-vo455-2-l.webp,2,
lp-vo456,"Opbouwdoos 2-voudig, champagne","<p>Schakelmateriaal met een tijdloos design en ruime keuze in afwerkingen, van wit en zand tot antraciet, metallic, glas en hout. Mechanismen en afdekramen apart leverbaar zodat u per project combineert. CE-gecertificeerd, geschikt voor de standaard Europese inbouwdoos.</p><ul><li>CE-gecertificeerd</li><li>Standaard Europese maatvoering</li><li>Direct uit voorraad</li></ul><h3>Specificaties</h3><table><tr><td>Kleur</td><td>champagne</td></tr></table><p>Minimale afname 10 stuks. Projectprijs vanaf 100 stuks op aanvraag. Levering binnen 5 werkdagen.</p>",Lichtplein,VOLTA,"VOLTA,B2B,Opbouwdozen",TRUE,Title,Default Title,LP-VO456,14.25,continue,manual,TRUE,TRUE,https://lichtplein.nl/img/p/lp-vo456-1-l.webp,1,active
lp-vo456,,,,,,,,,,,,,,,https://lichtplein.nl/img/p/lp-vo456-2-l.webp,2,
lp-vo457,"Afdekplaat 1x RJ45 keystone, champagne","<p>Schakelmateriaal met een tijdloos design en ruime keuze in afwerkingen, van wit en zand tot antraciet, metallic, glas en hout. Mechanismen en afdekramen apart leverbaar zodat u per project combineert. CE-gecertificeerd, geschikt voor de standaard Europese inbouwdoos.</p><ul><li>CE-gecertificeerd</li><li>Schroefklem</li><li>Past in standaard inbouwdoos</li></ul><h3>Specificaties</h3><table><tr><td>Montage</td><td>Inbouw</td></tr><tr><td>IP-klasse</td><td>IP20</td></tr><tr><td>Kleur</td><td>champagne</td></tr></table><p>Minimale afname 10 stuks. Projectprijs vanaf 100 stuks op aanvraag. Levering binnen 5 werkdagen.</p>",Lichtplein,VOLTA,"VOLTA,B2B,Data en media",TRUE,Title,Default Title,LP-VO457,18.45,continue,manual,TRUE,TRUE,https://lichtplein.nl/img/p/lp-vo457-1-l.webp,1,active
lp-vo457,,,,,,,,,,,,,,,https://lichtplein.nl/img/p/lp-vo457-2-l.webp,2,
lp-vo458,"Afdekplaat 2x RJ45 keystone, champagne","<p>Schakelmateriaal met een tijdloos design en ruime keuze in afwerkingen, van wit en zand tot antraciet, metallic, glas en hout. Mechanismen en afdekramen apart leverbaar zodat u per project combineert. CE-gecertificeerd, geschikt voor de standaard Europese inbouwdoos.</p><ul><li>CE-gecertificeerd</li><li>Schroefklem</li><li>Past in standaard inbouwdoos</li></ul><h3>Specificaties</h3><table><tr><td>Montage</td><td>Inbouw</td></tr><tr><td>IP-klasse</td><td>IP20</td></tr><tr><td>Kleur</td><td>champagne</td></tr></table><p>Minimale afname 10 stuks. Projectprijs vanaf 100 stuks op aanvraag. Levering binnen 5 werkdagen.</p>",Lichtplein,VOLTA,"VOLTA,B2B,Data en media",TRUE,Title,Default Title,LP-VO458,18.45,continue,manual,TRUE,TRUE,https://lichtplein.nl/img/p/lp-vo458-1-l.webp,1,active
lp-vo458,,,,,,,,,,,,,,,https://lichtplein.nl/img/p/lp-vo458-2-l.webp,2,
lp-vo459,"Afdekplaat 1x RJ45 keystone, champagne","<p>Schakelmateriaal met een tijdloos design en ruime keuze in afwerkingen, van wit en zand tot antraciet, metallic, glas en hout. Mechanismen en afdekramen apart leverbaar zodat u per project combineert. CE-gecertificeerd, geschikt voor de standaard Europese inbouwdoos.</p><ul><li>CE-gecertificeerd</li><li>Schroefklem</li><li>Past in standaard inbouwdoos</li></ul><h3>Specificaties</h3><table><tr><td>Montage</td><td>Inbouw</td></tr><tr><td>IP-klasse</td><td>IP20</td></tr><tr><td>Kleur</td><td>champagne</td></tr></table><p>Minimale afname 10 stuks. Projectprijs vanaf 100 stuks op aanvraag. Levering binnen 5 werkdagen.</p>",Lichtplein,VOLTA,"VOLTA,B2B,Data en media",TRUE,Title,Default Title,LP-VO459,18.45,continue,manual,TRUE,TRUE,https://lichtplein.nl/img/p/lp-vo459-1-l.webp,1,active
lp-vo459,,,,,,,,,,,,,,,https://lichtplein.nl/img/p/lp-vo459-2-l.webp,2,
lp-vo460,"Afdekplaat 2x RJ45 keystone, champagne","<p>Schakelmateriaal met een tijdloos design en ruime keuze in afwerkingen, van wit en zand tot antraciet, metallic, glas en hout. Mechanismen en afdekramen apart leverbaar zodat u per project combineert. CE-gecertificeerd, geschikt voor de standaard Europese inbouwdoos.</p><ul><li>CE-gecertificeerd</li><li>Schroefklem</li><li>Past in standaard inbouwdoos</li></ul><h3>Specificaties</h3><table><tr><td>Montage</td><td>Inbouw</td></tr><tr><td>IP-klasse</td><td>IP20</td></tr><tr><td>Kleur</td><td>champagne</td></tr></table><p>Minimale afname 10 stuks. Projectprijs vanaf 100 stuks op aanvraag. Levering binnen 5 werkdagen.</p>",Lichtplein,VOLTA,"VOLTA,B2B,Data en media",TRUE,Title,Default Title,LP-VO460,18.45,continue,manual,TRUE,TRUE,https://lichtplein.nl/img/p/lp-vo460-1-l.webp,1,active
lp-vo460,,,,,,,,,,,,,,,https://lichtplein.nl/img/p/lp-vo460-2-l.webp,2,
lp-vo461,"Afdekraam 1-voudig Classic, champagne","<p>Schakelmateriaal met een tijdloos design en ruime keuze in afwerkingen, van wit en zand tot antraciet, metallic, glas en hout. Mechanismen en afdekramen apart leverbaar zodat u per project combineert. CE-gecertificeerd, geschikt voor de standaard Europese inbouwdoos.</p><ul><li>CE-gecertificeerd</li><li>Standaard Europese maatvoering</li><li>Direct uit voorraad</li></ul><h3>Specificaties</h3><table><tr><td>Kleur</td><td>champagne</td></tr></table><p>Minimale afname 10 stuks. Projectprijs vanaf 100 stuks op aanvraag. Levering binnen 5 werkdagen.</p>",Lichtplein,VOLTA,"VOLTA,B2B,Afdekramen",TRUE,Title,Default Title,LP-VO461,4.05,continue,manual,TRUE,TRUE,https://lichtplein.nl/img/p/lp-vo461-1-l.webp,1,active
lp-vo462,"Afdekraam 2-voudig Classic, champagne","<p>Schakelmateriaal met een tijdloos design en ruime keuze in afwerkingen, van wit en zand tot antraciet, metallic, glas en hout. Mechanismen en afdekramen apart leverbaar zodat u per project combineert. CE-gecertificeerd, geschikt voor de standaard Europese inbouwdoos.</p><ul><li>CE-gecertificeerd</li><li>Standaard Europese maatvoering</li><li>Direct uit voorraad</li></ul><h3>Specificaties</h3><table><tr><td>Kleur</td><td>champagne</td></tr></table><p>Minimale afname 10 stuks. Projectprijs vanaf 100 stuks op aanvraag. Levering binnen 5 werkdagen.</p>",Lichtplein,VOLTA,"VOLTA,B2B,Afdekramen",TRUE,Title,Default Title,LP-VO462,6.15,continue,manual,TRUE,TRUE,https://lichtplein.nl/img/p/lp-vo462-1-l.webp,1,active
lp-vo463,"Afdekraam 3-voudig Classic, champagne","<p>Schakelmateriaal met een tijdloos design en ruime keuze in afwerkingen, van wit en zand tot antraciet, metallic, glas en hout. Mechanismen en afdekramen apart leverbaar zodat u per project combineert. CE-gecertificeerd, geschikt voor de standaard Europese inbouwdoos.</p><ul><li>CE-gecertificeerd</li><li>Standaard Europese maatvoering</li><li>Direct uit voorraad</li></ul><h3>Specificaties</h3><table><tr><td>Kleur</td><td>champagne</td></tr></table><p>Minimale afname 10 stuks. Projectprijs vanaf 100 stuks op aanvraag. Levering binnen 5 werkdagen.</p>",Lichtplein,VOLTA,"VOLTA,B2B,Afdekramen",TRUE,Title,Default Title,LP-VO463,8.95,continue,manual,TRUE,TRUE,https://lichtplein.nl/img/p/lp-vo463-1-l.webp,1,active
lp-vo464,"Afdekraam 4-voudig Classic, champagne","<p>Schakelmateriaal met een tijdloos design en ruime keuze in afwerkingen, van wit en zand tot antraciet, metallic, glas en hout. Mechanismen en afdekramen apart leverbaar zodat u per project combineert. CE-gecertificeerd, geschikt voor de standaard Europese inbouwdoos.</p><ul><li>CE-gecertificeerd</li><li>Standaard Europese maatvoering</li><li>Direct uit voorraad</li></ul><h3>Specificaties</h3><table><tr><td>Kleur</td><td>champagne</td></tr></table><p>Minimale afname 10 stuks. Projectprijs vanaf 100 stuks op aanvraag. Levering binnen 5 werkdagen.</p>",Lichtplein,VOLTA,"VOLTA,B2B,Afdekramen",TRUE,Title,Default Title,LP-VO464,11.19,continue,manual,TRUE,TRUE,https://lichtplein.nl/img/p/lp-vo464-1-l.webp,1,active
lp-vo465,"Afdekraam 5-voudig Classic, champagne","<p>Schakelmateriaal met een tijdloos design en ruime keuze in afwerkingen, van wit en zand tot antraciet, metallic, glas en hout. Mechanismen en afdekramen apart leverbaar zodat u per project combineert. CE-gecertificeerd, geschikt voor de standaard Europese inbouwdoos.</p><ul><li>CE-gecertificeerd</li><li>Standaard Europese maatvoering</li><li>Direct uit voorraad</li></ul><h3>Specificaties</h3><table><tr><td>Kleur</td><td>champagne</td></tr></table><p>Minimale afname 10 stuks. Projectprijs vanaf 100 stuks op aanvraag. Levering binnen 5 werkdagen.</p>",Lichtplein,VOLTA,"VOLTA,B2B,Afdekramen",TRUE,Title,Default Title,LP-VO465,14.55,continue,manual,TRUE,TRUE,https://lichtplein.nl/img/p/lp-vo465-1-l.webp,1,active
lp-vo466,"Afdekraam 6-voudig Classic, champagne","<p>Schakelmateriaal met een tijdloos design en ruime keuze in afwerkingen, van wit en zand tot antraciet, metallic, glas en hout. Mechanismen en afdekramen apart leverbaar zodat u per project combineert. CE-gecertificeerd, geschikt voor de standaard Europese inbouwdoos.</p><ul><li>CE-gecertificeerd</li><li>Standaard Europese maatvoering</li><li>Direct uit voorraad</li></ul><h3>Specificaties</h3><table><tr><td>Kleur</td><td>champagne</td></tr></table><p>Minimale afname 10 stuks. Projectprijs vanaf 100 stuks op aanvraag. Levering binnen 5 werkdagen.</p>",Lichtplein,VOLTA,"VOLTA,B2B,Afdekramen",TRUE,Title,Default Title,LP-VO466,18.85,continue,manual,TRUE,TRUE,https://lichtplein.nl/img/p/lp-vo466-1-l.webp,1,active
lp-vo467,"Afdekraam 1-voudig SlimLine, champagne","<p>Schakelmateriaal met een tijdloos design en ruime keuze in afwerkingen, van wit en zand tot antraciet, metallic, glas en hout. Mechanismen en afdekramen apart leverbaar zodat u per project combineert. CE-gecertificeerd, geschikt voor de standaard Europese inbouwdoos.</p><ul><li>CE-gecertificeerd</li><li>Standaard Europese maatvoering</li><li>Direct uit voorraad</li></ul><h3>Specificaties</h3><table><tr><td>Kleur</td><td>champagne</td></tr></table><p>Minimale afname 10 stuks. Projectprijs vanaf 100 stuks op aanvraag. Levering binnen 5 werkdagen.</p>",Lichtplein,VOLTA,"VOLTA,B2B,Afdekramen",TRUE,Title,Default Title,LP-VO467,4.19,continue,manual,TRUE,TRUE,https://lichtplein.nl/img/p/lp-vo467-1-l.webp,1,active
lp-vo468,"Afdekraam 2-voudig SlimLine, champagne","<p>Schakelmateriaal met een tijdloos design en ruime keuze in afwerkingen, van wit en zand tot antraciet, metallic, glas en hout. Mechanismen en afdekramen apart leverbaar zodat u per project combineert. CE-gecertificeerd, geschikt voor de standaard Europese inbouwdoos.</p><ul><li>CE-gecertificeerd</li><li>Standaard Europese maatvoering</li><li>Direct uit voorraad</li></ul><h3>Specificaties</h3><table><tr><td>Kleur</td><td>champagne</td></tr></table><p>Minimale afname 10 stuks. Projectprijs vanaf 100 stuks op aanvraag. Levering binnen 5 werkdagen.</p>",Lichtplein,VOLTA,"VOLTA,B2B,Afdekramen",TRUE,Title,Default Title,LP-VO468,6.35,continue,manual,TRUE,TRUE,https://lichtplein.nl/img/p/lp-vo468-1-l.webp,1,active
lp-vo469,"Afdekraam 3-voudig SlimLine, champagne","<p>Schakelmateriaal met een tijdloos design en ruime keuze in afwerkingen, van wit en zand tot antraciet, metallic, glas en hout. Mechanismen en afdekramen apart leverbaar zodat u per project combineert. CE-gecertificeerd, geschikt voor de standaard Europese inbouwdoos.</p><ul><li>CE-gecertificeerd</li><li>Standaard Europese maatvoering</li><li>Direct uit voorraad</li></ul><h3>Specificaties</h3><table><tr><td>Kleur</td><td>champagne</td></tr></table><p>Minimale afname 10 stuks. Projectprijs vanaf 100 stuks op aanvraag. Levering binnen 5 werkdagen.</p>",Lichtplein,VOLTA,"VOLTA,B2B,Afdekramen",TRUE,Title,Default Title,LP-VO469,9.09,continue,manual,TRUE,TRUE,https://lichtplein.nl/img/p/lp-vo469-1-l.webp,1,active
lp-vo470,"Afdekraam 4-voudig SlimLine, champagne","<p>Schakelmateriaal met een tijdloos design en ruime keuze in afwerkingen, van wit en zand tot antraciet, metallic, glas en hout. Mechanismen en afdekramen apart leverbaar zodat u per project combineert. CE-gecertificeerd, geschikt voor de standaard Europese inbouwdoos.</p><ul><li>CE-gecertificeerd</li><li>Standaard Europese maatvoering</li><li>Direct uit voorraad</li></ul><h3>Specificaties</h3><table><tr><td>Kleur</td><td>champagne</td></tr></table><p>Minimale afname 10 stuks. Projectprijs vanaf 100 stuks op aanvraag. Levering binnen 5 werkdagen.</p>",Lichtplein,VOLTA,"VOLTA,B2B,Afdekramen",TRUE,Title,Default Title,LP-VO470,11.49,continue,manual,TRUE,TRUE,https://lichtplein.nl/img/p/lp-vo470-1-l.webp,1,active
lp-vo471,"Afdekraam 5-voudig SlimLine, champagne","<p>Schakelmateriaal met een tijdloos design en ruime keuze in afwerkingen, van wit en zand tot antraciet, metallic, glas en hout. Mechanismen en afdekramen apart leverbaar zodat u per project combineert. CE-gecertificeerd, geschikt voor de standaard Europese inbouwdoos.</p><ul><li>CE-gecertificeerd</li><li>Standaard Europese maatvoering</li><li>Direct uit voorraad</li></ul><h3>Specificaties</h3><table><tr><td>Kleur</td><td>champagne</td></tr></table><p>Minimale afname 10 stuks. Projectprijs vanaf 100 stuks op aanvraag. Levering binnen 5 werkdagen.</p>",Lichtplein,VOLTA,"VOLTA,B2B,Afdekramen",TRUE,Title,Default Title,LP-VO471,14.85,continue,manual,TRUE,TRUE,https://lichtplein.nl/img/p/lp-vo471-1-l.webp,1,active
lp-vo472,"Afdekraam 6-voudig SlimLine, champagne","<p>Schakelmateriaal met een tijdloos design en ruime keuze in afwerkingen, van wit en zand tot antraciet, metallic, glas en hout. Mechanismen en afdekramen apart leverbaar zodat u per project combineert. CE-gecertificeerd, geschikt voor de standaard Europese inbouwdoos.</p><ul><li>CE-gecertificeerd</li><li>Standaard Europese maatvoering</li><li>Direct uit voorraad</li></ul><h3>Specificaties</h3><table><tr><td>Kleur</td><td>champagne</td></tr></table><p>Minimale afname 10 stuks. Projectprijs vanaf 100 stuks op aanvraag. Levering binnen 5 werkdagen.</p>",Lichtplein,VOLTA,"VOLTA,B2B,Afdekramen",TRUE,Title,Default Title,LP-VO472,18.95,continue,manual,TRUE,TRUE,https://lichtplein.nl/img/p/lp-vo472-1-l.webp,1,active
lp-vo473,"Afdekraam 1-voudig Classic, wit glas glanzend","<p>Schakelmateriaal met een tijdloos design en ruime keuze in afwerkingen, van wit en zand tot antraciet, metallic, glas en hout. Mechanismen en afdekramen apart leverbaar zodat u per project combineert. CE-gecertificeerd, geschikt voor de standaard Europese inbouwdoos.</p><ul><li>CE-gecertificeerd</li><li>Standaard Europese maatvoering</li><li>Direct uit voorraad</li></ul><h3>Specificaties</h3><table><tr><td>Afmetingen</td><td>6mm</td></tr><tr><td>Materiaal</td><td>glas 6 mm</td></tr><tr><td>Kleur</td><td>wit glas glanzend</td></tr></table><p>Minimale afname 10 stuks. Projectprijs vanaf 100 stuks op aanvraag. Levering binnen 5 werkdagen.</p>",Lichtplein,VOLTA,"VOLTA,B2B,Afdekramen",TRUE,Title,Default Title,LP-VO473,28.65,continue,manual,TRUE,TRUE,https://lichtplein.nl/img/p/lp-vo473-1-l.webp,1,active
lp-vo473,,,,,,,,,,,,,,,https://lichtplein.nl/img/p/lp-vo473-2-l.webp,2,
lp-vo473,,,,,,,,,,,,,,,https://lichtplein.nl/img/p/lp-vo473-3-l.webp,3,
lp-vo473,,,,,,,,,,,,,,,https://lichtplein.nl/img/p/lp-vo473-4-l.webp,4,
lp-vo474,"Afdekraam 2-voudig Classic, wit glas glanzend","<p>Schakelmateriaal met een tijdloos design en ruime keuze in afwerkingen, van wit en zand tot antraciet, metallic, glas en hout. Mechanismen en afdekramen apart leverbaar zodat u per project combineert. CE-gecertificeerd, geschikt voor de standaard Europese inbouwdoos.</p><ul><li>CE-gecertificeerd</li><li>Standaard Europese maatvoering</li><li>Direct uit voorraad</li></ul><h3>Specificaties</h3><table><tr><td>Afmetingen</td><td>6mm</td></tr><tr><td>Materiaal</td><td>glas 6 mm</td></tr><tr><td>Kleur</td><td>wit glas glanzend</td></tr></table><p>Minimale afname 10 stuks. Projectprijs vanaf 100 stuks op aanvraag. Levering binnen 5 werkdagen.</p>",Lichtplein,VOLTA,"VOLTA,B2B,Afdekramen",TRUE,Title,Default Title,LP-VO474,39.55,continue,manual,TRUE,TRUE,https://lichtplein.nl/img/p/lp-vo474-1-l.webp,1,active
lp-vo474,,,,,,,,,,,,,,,https://lichtplein.nl/img/p/lp-vo474-2-l.webp,2,
lp-vo474,,,,,,,,,,,,,,,https://lichtplein.nl/img/p/lp-vo474-3-l.webp,3,
lp-vo475,"Afdekraam 3-voudig Classic, wit glas glanzend","<p>Schakelmateriaal met een tijdloos design en ruime keuze in afwerkingen, van wit en zand tot antraciet, metallic, glas en hout. Mechanismen en afdekramen apart leverbaar zodat u per project combineert. CE-gecertificeerd, geschikt voor de standaard Europese inbouwdoos.</p><ul><li>CE-gecertificeerd</li><li>Standaard Europese maatvoering</li><li>Direct uit voorraad</li></ul><h3>Specificaties</h3><table><tr><td>Afmetingen</td><td>6mm</td></tr><tr><td>Materiaal</td><td>glas 6 mm</td></tr><tr><td>Kleur</td><td>wit glas glanzend</td></tr></table><p>Minimale afname 10 stuks. Projectprijs vanaf 100 stuks op aanvraag. Levering binnen 5 werkdagen.</p>",Lichtplein,VOLTA,"VOLTA,B2B,Afdekramen",TRUE,Title,Default Title,LP-VO475,51.99,continue,manual,TRUE,TRUE,https://lichtplein.nl/img/p/lp-vo475-1-l.webp,1,active
lp-vo475,,,,,,,,,,,,,,,https://lichtplein.nl/img/p/lp-vo475-2-l.webp,2,
lp-vo475,,,,,,,,,,,,,,,https://lichtplein.nl/img/p/lp-vo475-3-l.webp,3,
lp-vo476,"Afdekraam 4-voudig Classic, wit glas glanzend","<p>Schakelmateriaal met een tijdloos design en ruime keuze in afwerkingen, van wit en zand tot antraciet, metallic, glas en hout. Mechanismen en afdekramen apart leverbaar zodat u per project combineert. CE-gecertificeerd, geschikt voor de standaard Europese inbouwdoos.</p><ul><li>CE-gecertificeerd</li><li>Standaard Europese maatvoering</li><li>Direct uit voorraad</li></ul><h3>Specificaties</h3><table><tr><td>Afmetingen</td><td>6mm</td></tr><tr><td>Materiaal</td><td>glas 6 mm</td></tr><tr><td>Kleur</td><td>wit glas glanzend</td></tr></table><p>Minimale afname 10 stuks. Projectprijs vanaf 100 stuks op aanvraag. Levering binnen 5 werkdagen.</p>",Lichtplein,VOLTA,"VOLTA,B2B,Afdekramen",TRUE,Title,Default Title,LP-VO476,73.35,continue,manual,TRUE,TRUE,https://lichtplein.nl/img/p/lp-vo476-1-l.webp,1,active
lp-vo476,,,,,,,,,,,,,,,https://lichtplein.nl/img/p/lp-vo476-2-l.webp,2,
lp-vo476,,,,,,,,,,,,,,,https://lichtplein.nl/img/p/lp-vo476-3-l.webp,3,
lp-vo477,"Afdekraam 5-voudig Classic, wit glas glanzend","<p>Schakelmateriaal met een tijdloos design en ruime keuze in afwerkingen, van wit en zand tot antraciet, metallic, glas en hout. Mechanismen en afdekramen apart leverbaar zodat u per project combineert. CE-gecertificeerd, geschikt voor de standaard Europese inbouwdoos.</p><ul><li>CE-gecertificeerd</li><li>Standaard Europese maatvoering</li><li>Direct uit voorraad</li></ul><h3>Specificaties</h3><table><tr><td>Afmetingen</td><td>6mm</td></tr><tr><td>Materiaal</td><td>glas 6 mm</td></tr><tr><td>Kleur</td><td>wit glas glanzend</td></tr></table><p>Minimale afname 10 stuks. Projectprijs vanaf 100 stuks op aanvraag. Levering binnen 5 werkdagen.</p>",Lichtplein,VOLTA,"VOLTA,B2B,Afdekramen",TRUE,Title,Default Title,LP-VO477,84.25,continue,manual,TRUE,TRUE,https://lichtplein.nl/img/p/lp-vo477-1-l.webp,1,active
lp-vo477,,,,,,,,,,,,,,,https://lichtplein.nl/img/p/lp-vo477-2-l.webp,2,
lp-vo477,,,,,,,,,,,,,,,https://lichtplein.nl/img/p/lp-vo477-3-l.webp,3,
lp-vo478,"Afdekraam 1-voudig Classic, wit glas mat","<p>Schakelmateriaal met een tijdloos design en ruime keuze in afwerkingen, van wit en zand tot antraciet, metallic, glas en hout. Mechanismen en afdekramen apart leverbaar zodat u per project combineert. CE-gecertificeerd, geschikt voor de standaard Europese inbouwdoos.</p><ul><li>CE-gecertificeerd</li><li>Standaard Europese maatvoering</li><li>Direct uit voorraad</li></ul><h3>Specificaties</h3><table><tr><td>Afmetingen</td><td>6mm</td></tr><tr><td>Materiaal</td><td>glas 6 mm</td></tr><tr><td>Kleur</td><td>wit glas mat</td></tr></table><p>Minimale afname 10 stuks. Projectprijs vanaf 100 stuks op aanvraag. Levering binnen 5 werkdagen.</p>",Lichtplein,VOLTA,"VOLTA,B2B,Afdekramen",TRUE,Title,Default Title,LP-VO478,28.65,continue,manual,TRUE,TRUE,https://lichtplein.nl/img/p/lp-vo478-1-l.webp,1,active
lp-vo479,"Afdekraam 2-voudig Classic, wit glas mat","<p>Schakelmateriaal met een tijdloos design en ruime keuze in afwerkingen, van wit en zand tot antraciet, metallic, glas en hout. Mechanismen en afdekramen apart leverbaar zodat u per project combineert. CE-gecertificeerd, geschikt voor de standaard Europese inbouwdoos.</p><ul><li>CE-gecertificeerd</li><li>Standaard Europese maatvoering</li><li>Direct uit voorraad</li></ul><h3>Specificaties</h3><table><tr><td>Afmetingen</td><td>6mm</td></tr><tr><td>Materiaal</td><td>glas 6 mm</td></tr><tr><td>Kleur</td><td>wit glas mat</td></tr></table><p>Minimale afname 10 stuks. Projectprijs vanaf 100 stuks op aanvraag. Levering binnen 5 werkdagen.</p>",Lichtplein,VOLTA,"VOLTA,B2B,Afdekramen",TRUE,Title,Default Title,LP-VO479,39.55,continue,manual,TRUE,TRUE,https://lichtplein.nl/img/p/lp-vo479-1-l.webp,1,active
lp-vo480,"Afdekraam 3-voudig Classic, wit glas mat","<p>Schakelmateriaal met een tijdloos design en ruime keuze in afwerkingen, van wit en zand tot antraciet, metallic, glas en hout. Mechanismen en afdekramen apart leverbaar zodat u per project combineert. CE-gecertificeerd, geschikt voor de standaard Europese inbouwdoos.</p><ul><li>CE-gecertificeerd</li><li>Standaard Europese maatvoering</li><li>Direct uit voorraad</li></ul><h3>Specificaties</h3><table><tr><td>Afmetingen</td><td>6mm</td></tr><tr><td>Materiaal</td><td>glas 6 mm</td></tr><tr><td>Kleur</td><td>wit glas mat</td></tr></table><p>Minimale afname 10 stuks. Projectprijs vanaf 100 stuks op aanvraag. Levering binnen 5 werkdagen.</p>",Lichtplein,VOLTA,"VOLTA,B2B,Afdekramen",TRUE,Title,Default Title,LP-VO480,51.99,continue,manual,TRUE,TRUE,https://lichtplein.nl/img/p/lp-vo480-1-l.webp,1,active
lp-vo481,"Afdekraam 4-voudig Classic, wit glas mat","<p>Schakelmateriaal met een tijdloos design en ruime keuze in afwerkingen, van wit en zand tot antraciet, metallic, glas en hout. Mechanismen en afdekramen apart leverbaar zodat u per project combineert. CE-gecertificeerd, geschikt voor de standaard Europese inbouwdoos.</p><ul><li>CE-gecertificeerd</li><li>Standaard Europese maatvoering</li><li>Direct uit voorraad</li></ul><h3>Specificaties</h3><table><tr><td>Afmetingen</td><td>6mm</td></tr><tr><td>Materiaal</td><td>glas 6 mm</td></tr><tr><td>Kleur</td><td>wit glas mat</td></tr></table><p>Minimale afname 10 stuks. Projectprijs vanaf 100 stuks op aanvraag. Levering binnen 5 werkdagen.</p>",Lichtplein,VOLTA,"VOLTA,B2B,Afdekramen",TRUE,Title,Default Title,LP-VO481,73.35,continue,manual,TRUE,TRUE,https://lichtplein.nl/img/p/lp-vo481-1-l.webp,1,active
lp-vo482,"Afdekraam 5-voudig Classic, wit glas mat","<p>Schakelmateriaal met een tijdloos design en ruime keuze in afwerkingen, van wit en zand tot antraciet, metallic, glas en hout. Mechanismen en afdekramen apart leverbaar zodat u per project combineert. CE-gecertificeerd, geschikt voor de standaard Europese inbouwdoos.</p><ul><li>CE-gecertificeerd</li><li>Standaard Europese maatvoering</li><li>Direct uit voorraad</li></ul><h3>Specificaties</h3><table><tr><td>Afmetingen</td><td>6mm</td></tr><tr><td>Materiaal</td><td>glas 6 mm</td></tr><tr><td>Kleur</td><td>wit glas mat</td></tr></table><p>Minimale afname 10 stuks. Projectprijs vanaf 100 stuks op aanvraag. Levering binnen 5 werkdagen.</p>",Lichtplein,VOLTA,"VOLTA,B2B,Afdekramen",TRUE,Title,Default Title,LP-VO482,84.25,continue,manual,TRUE,TRUE,https://lichtplein.nl/img/p/lp-vo482-1-l.webp,1,active
lp-vo483,"Afdekraam 6-voudig Classic, wit glas mat","<p>Schakelmateriaal met een tijdloos design en ruime keuze in afwerkingen, van wit en zand tot antraciet, metallic, glas en hout. Mechanismen en afdekramen apart leverbaar zodat u per project combineert. CE-gecertificeerd, geschikt voor de standaard Europese inbouwdoos.</p><ul><li>CE-gecertificeerd</li><li>Standaard Europese maatvoering</li><li>Direct uit voorraad</li></ul><h3>Specificaties</h3><table><tr><td>Afmetingen</td><td>6mm</td></tr><tr><td>Materiaal</td><td>glas 6 mm</td></tr><tr><td>Kleur</td><td>wit glas mat</td></tr></table><p>Minimale afname 10 stuks. Projectprijs vanaf 100 stuks op aanvraag. Levering binnen 5 werkdagen.</p>",Lichtplein,VOLTA,"VOLTA,B2B,Afdekramen",TRUE,Title,Default Title,LP-VO483,98.95,continue,manual,TRUE,TRUE,,,active
lp-vo484,"Afdekraam 1-voudig Classic, naturel glas","<p>Schakelmateriaal met een tijdloos design en ruime keuze in afwerkingen, van wit en zand tot antraciet, metallic, glas en hout. Mechanismen en afdekramen apart leverbaar zodat u per project combineert. CE-gecertificeerd, geschikt voor de standaard Europese inbouwdoos.</p><ul><li>CE-gecertificeerd</li><li>Standaard Europese maatvoering</li><li>Direct uit voorraad</li></ul><h3>Specificaties</h3><table><tr><td>Afmetingen</td><td>6mm</td></tr><tr><td>Materiaal</td><td>glas 6 mm</td></tr><tr><td>Kleur</td><td>naturel glas</td></tr></table><p>Minimale afname 10 stuks. Projectprijs vanaf 100 stuks op aanvraag. Levering binnen 5 werkdagen.</p>",Lichtplein,VOLTA,"VOLTA,B2B,Afdekramen",TRUE,Title,Default Title,LP-VO484,28.65,continue,manual,TRUE,TRUE,https://lichtplein.nl/img/p/lp-vo484-1-l.webp,1,active
lp-vo485,"Afdekraam 2-voudig Classic, naturel glas","<p>Schakelmateriaal met een tijdloos design en ruime keuze in afwerkingen, van wit en zand tot antraciet, metallic, glas en hout. Mechanismen en afdekramen apart leverbaar zodat u per project combineert. CE-gecertificeerd, geschikt voor de standaard Europese inbouwdoos.</p><ul><li>CE-gecertificeerd</li><li>Standaard Europese maatvoering</li><li>Direct uit voorraad</li></ul><h3>Specificaties</h3><table><tr><td>Afmetingen</td><td>6mm</td></tr><tr><td>Materiaal</td><td>glas 6 mm</td></tr><tr><td>Kleur</td><td>naturel glas</td></tr></table><p>Minimale afname 10 stuks. Projectprijs vanaf 100 stuks op aanvraag. Levering binnen 5 werkdagen.</p>",Lichtplein,VOLTA,"VOLTA,B2B,Afdekramen",TRUE,Title,Default Title,LP-VO485,39.55,continue,manual,TRUE,TRUE,https://lichtplein.nl/img/p/lp-vo485-1-l.webp,1,active
lp-vo486,"Afdekraam 3-voudig Classic, naturel glas","<p>Schakelmateriaal met een tijdloos design en ruime keuze in afwerkingen, van wit en zand tot antraciet, metallic, glas en hout. Mechanismen en afdekramen apart leverbaar zodat u per project combineert. CE-gecertificeerd, geschikt voor de standaard Europese inbouwdoos.</p><ul><li>CE-gecertificeerd</li><li>Standaard Europese maatvoering</li><li>Direct uit voorraad</li></ul><h3>Specificaties</h3><table><tr><td>Afmetingen</td><td>6mm</td></tr><tr><td>Materiaal</td><td>glas 6 mm</td></tr><tr><td>Kleur</td><td>naturel glas</td></tr></table><p>Minimale afname 10 stuks. Projectprijs vanaf 100 stuks op aanvraag. Levering binnen 5 werkdagen.</p>",Lichtplein,VOLTA,"VOLTA,B2B,Afdekramen",TRUE,Title,Default Title,LP-VO486,51.99,continue,manual,TRUE,TRUE,https://lichtplein.nl/img/p/lp-vo486-1-l.webp,1,active
lp-vo486,,,,,,,,,,,,,,,https://lichtplein.nl/img/p/lp-vo486-2-l.webp,2,
lp-vo487,"Afdekraam 4-voudig Classic, naturel glas","<p>Schakelmateriaal met een tijdloos design en ruime keuze in afwerkingen, van wit en zand tot antraciet, metallic, glas en hout. Mechanismen en afdekramen apart leverbaar zodat u per project combineert. CE-gecertificeerd, geschikt voor de standaard Europese inbouwdoos.</p><ul><li>CE-gecertificeerd</li><li>Standaard Europese maatvoering</li><li>Direct uit voorraad</li></ul><h3>Specificaties</h3><table><tr><td>Afmetingen</td><td>6mm</td></tr><tr><td>Materiaal</td><td>glas 6 mm</td></tr><tr><td>Kleur</td><td>naturel glas</td></tr></table><p>Minimale afname 10 stuks. Projectprijs vanaf 100 stuks op aanvraag. Levering binnen 5 werkdagen.</p>",Lichtplein,VOLTA,"VOLTA,B2B,Afdekramen",TRUE,Title,Default Title,LP-VO487,73.35,continue,manual,TRUE,TRUE,https://lichtplein.nl/img/p/lp-vo487-1-l.webp,1,active
lp-vo487,,,,,,,,,,,,,,,https://lichtplein.nl/img/p/lp-vo487-2-l.webp,2,
lp-vo488,"Afdekraam 5-voudig Classic, naturel glas","<p>Schakelmateriaal met een tijdloos design en ruime keuze in afwerkingen, van wit en zand tot antraciet, metallic, glas en hout. Mechanismen en afdekramen apart leverbaar zodat u per project combineert. CE-gecertificeerd, geschikt voor de standaard Europese inbouwdoos.</p><ul><li>CE-gecertificeerd</li><li>Standaard Europese maatvoering</li><li>Direct uit voorraad</li></ul><h3>Specificaties</h3><table><tr><td>Afmetingen</td><td>6mm</td></tr><tr><td>Materiaal</td><td>glas 6 mm</td></tr><tr><td>Kleur</td><td>naturel glas</td></tr></table><p>Minimale afname 10 stuks. Projectprijs vanaf 100 stuks op aanvraag. Levering binnen 5 werkdagen.</p>",Lichtplein,VOLTA,"VOLTA,B2B,Afdekramen",TRUE,Title,Default Title,LP-VO488,84.25,continue,manual,TRUE,TRUE,https://lichtplein.nl/img/p/lp-vo488-1-l.webp,1,active
lp-vo489,"Afdekraam 6-voudig Classic, naturel glas","<p>Schakelmateriaal met een tijdloos design en ruime keuze in afwerkingen, van wit en zand tot antraciet, metallic, glas en hout. Mechanismen en afdekramen apart leverbaar zodat u per project combineert. CE-gecertificeerd, geschikt voor de standaard Europese inbouwdoos.</p><ul><li>CE-gecertificeerd</li><li>Standaard Europese maatvoering</li><li>Direct uit voorraad</li></ul><h3>Specificaties</h3><table><tr><td>Afmetingen</td><td>6mm</td></tr><tr><td>Materiaal</td><td>glas 6 mm</td></tr><tr><td>Kleur</td><td>naturel glas</td></tr></table><p>Minimale afname 10 stuks. Projectprijs vanaf 100 stuks op aanvraag. Levering binnen 5 werkdagen.</p>",Lichtplein,VOLTA,"VOLTA,B2B,Afdekramen",TRUE,Title,Default Title,LP-VO489,98.95,continue,manual,TRUE,TRUE,https://lichtplein.nl/img/p/lp-vo489-1-l.webp,1,active
lp-vo490,"Afdekraam 1-voudig Classic, zwart glas mat","<p>Schakelmateriaal met een tijdloos design en ruime keuze in afwerkingen, van wit en zand tot antraciet, metallic, glas en hout. Mechanismen en afdekramen apart leverbaar zodat u per project combineert. CE-gecertificeerd, geschikt voor de standaard Europese inbouwdoos.</p><ul><li>CE-gecertificeerd</li><li>Standaard Europese maatvoering</li><li>Direct uit voorraad</li></ul><h3>Specificaties</h3><table><tr><td>Afmetingen</td><td>6mm</td></tr><tr><td>Materiaal</td><td>glas 6 mm</td></tr><tr><td>Kleur</td><td>zwart glas mat</td></tr></table><p>Minimale afname 10 stuks. Projectprijs vanaf 100 stuks op aanvraag. Levering binnen 5 werkdagen.</p>",Lichtplein,VOLTA,"VOLTA,B2B,Afdekramen",TRUE,Title,Default Title,LP-VO490,28.65,continue,manual,TRUE,TRUE,https://lichtplein.nl/img/p/lp-vo490-1-l.webp,1,active
lp-vo491,"Afdekraam 2-voudig Classic, zwart glas mat","<p>Schakelmateriaal met een tijdloos design en ruime keuze in afwerkingen, van wit en zand tot antraciet, metallic, glas en hout. Mechanismen en afdekramen apart leverbaar zodat u per project combineert. CE-gecertificeerd, geschikt voor de standaard Europese inbouwdoos.</p><ul><li>CE-gecertificeerd</li><li>Standaard Europese maatvoering</li><li>Direct uit voorraad</li></ul><h3>Specificaties</h3><table><tr><td>Afmetingen</td><td>6mm</td></tr><tr><td>Materiaal</td><td>glas 6 mm</td></tr><tr><td>Kleur</td><td>zwart glas mat</td></tr></table><p>Minimale afname 10 stuks. Projectprijs vanaf 100 stuks op aanvraag. Levering binnen 5 werkdagen.</p>",Lichtplein,VOLTA,"VOLTA,B2B,Afdekramen",TRUE,Title,Default Title,LP-VO491,39.55,continue,manual,TRUE,TRUE,https://lichtplein.nl/img/p/lp-vo491-1-l.webp,1,active
lp-vo492,"Afdekraam 3-voudig Classic, zwart glas mat","<p>Schakelmateriaal met een tijdloos design en ruime keuze in afwerkingen, van wit en zand tot antraciet, metallic, glas en hout. Mechanismen en afdekramen apart leverbaar zodat u per project combineert. CE-gecertificeerd, geschikt voor de standaard Europese inbouwdoos.</p><ul><li>CE-gecertificeerd</li><li>Standaard Europese maatvoering</li><li>Direct uit voorraad</li></ul><h3>Specificaties</h3><table><tr><td>Afmetingen</td><td>6mm</td></tr><tr><td>Materiaal</td><td>glas 6 mm</td></tr><tr><td>Kleur</td><td>zwart glas mat</td></tr></table><p>Minimale afname 10 stuks. Projectprijs vanaf 100 stuks op aanvraag. Levering binnen 5 werkdagen.</p>",Lichtplein,VOLTA,"VOLTA,B2B,Afdekramen",TRUE,Title,Default Title,LP-VO492,51.99,continue,manual,TRUE,TRUE,https://lichtplein.nl/img/p/lp-vo492-1-l.webp,1,active
lp-vo493,"Afdekraam 4-voudig Classic, zwart glas mat","<p>Schakelmateriaal met een tijdloos design en ruime keuze in afwerkingen, van wit en zand tot antraciet, metallic, glas en hout. Mechanismen en afdekramen apart leverbaar zodat u per project combineert. CE-gecertificeerd, geschikt voor de standaard Europese inbouwdoos.</p><ul><li>CE-gecertificeerd</li><li>Standaard Europese maatvoering</li><li>Direct uit voorraad</li></ul><h3>Specificaties</h3><table><tr><td>Afmetingen</td><td>6mm</td></tr><tr><td>Materiaal</td><td>glas 6 mm</td></tr><tr><td>Kleur</td><td>zwart glas mat</td></tr></table><p>Minimale afname 10 stuks. Projectprijs vanaf 100 stuks op aanvraag. Levering binnen 5 werkdagen.</p>",Lichtplein,VOLTA,"VOLTA,B2B,Afdekramen",TRUE,Title,Default Title,LP-VO493,73.35,continue,manual,TRUE,TRUE,https://lichtplein.nl/img/p/lp-vo493-1-l.webp,1,active
lp-vo494,"Afdekraam 5-voudig Classic, zwart glas mat","<p>Schakelmateriaal met een tijdloos design en ruime keuze in afwerkingen, van wit en zand tot antraciet, metallic, glas en hout. Mechanismen en afdekramen apart leverbaar zodat u per project combineert. CE-gecertificeerd, geschikt voor de standaard Europese inbouwdoos.</p><ul><li>CE-gecertificeerd</li><li>Standaard Europese maatvoering</li><li>Direct uit voorraad</li></ul><h3>Specificaties</h3><table><tr><td>Afmetingen</td><td>6mm</td></tr><tr><td>Materiaal</td><td>glas 6 mm</td></tr><tr><td>Kleur</td><td>zwart glas mat</td></tr></table><p>Minimale afname 10 stuks. Projectprijs vanaf 100 stuks op aanvraag. Levering binnen 5 werkdagen.</p>",Lichtplein,VOLTA,"VOLTA,B2B,Afdekramen",TRUE,Title,Default Title,LP-VO494,84.25,continue,manual,TRUE,TRUE,https://lichtplein.nl/img/p/lp-vo494-1-l.webp,1,active
lp-vo495,"Afdekraam 6-voudig Classic, zwart glas mat","<p>Schakelmateriaal met een tijdloos design en ruime keuze in afwerkingen, van wit en zand tot antraciet, metallic, glas en hout. Mechanismen en afdekramen apart leverbaar zodat u per project combineert. CE-gecertificeerd, geschikt voor de standaard Europese inbouwdoos.</p><ul><li>CE-gecertificeerd</li><li>Standaard Europese maatvoering</li><li>Direct uit voorraad</li></ul><h3>Specificaties</h3><table><tr><td>Afmetingen</td><td>6mm</td></tr><tr><td>Materiaal</td><td>glas 6 mm</td></tr><tr><td>Kleur</td><td>zwart glas mat</td></tr></table><p>Minimale afname 10 stuks. Projectprijs vanaf 100 stuks op aanvraag. Levering binnen 5 werkdagen.</p>",Lichtplein,VOLTA,"VOLTA,B2B,Afdekramen",TRUE,Title,Default Title,LP-VO495,98.95,continue,manual,TRUE,TRUE,https://lichtplein.nl/img/p/lp-vo495-1-l.webp,1,active
lp-vo496,"Afdekraam 1-voudig Classic, eiken","<p>Schakelmateriaal met een tijdloos design en ruime keuze in afwerkingen, van wit en zand tot antraciet, metallic, glas en hout. Mechanismen en afdekramen apart leverbaar zodat u per project combineert. CE-gecertificeerd, geschikt voor de standaard Europese inbouwdoos.</p><ul><li>CE-gecertificeerd</li><li>Standaard Europese maatvoering</li><li>Direct uit voorraad</li></ul><h3>Specificaties</h3><table><tr><td>Kleur</td><td>eiken</td></tr></table><p>Minimale afname 10 stuks. Projectprijs vanaf 100 stuks op aanvraag. Levering binnen 5 werkdagen.</p>",Lichtplein,VOLTA,"VOLTA,B2B,Afdekramen",TRUE,Title,Default Title,LP-VO496,24.25,continue,manual,TRUE,TRUE,https://lichtplein.nl/img/p/lp-vo496-1-l.webp,1,active
lp-vo497,"Afdekraam 2-voudig Classic, eiken","<p>Schakelmateriaal met een tijdloos design en ruime keuze in afwerkingen, van wit en zand tot antraciet, metallic, glas en hout. Mechanismen en afdekramen apart leverbaar zodat u per project combineert. CE-gecertificeerd, geschikt voor de standaard Europese inbouwdoos.</p><ul><li>CE-gecertificeerd</li><li>Standaard Europese maatvoering</li><li>Direct uit voorraad</li></ul><h3>Specificaties</h3><table><tr><td>Kleur</td><td>eiken</td></tr></table><p>Minimale afname 10 stuks. Projectprijs vanaf 100 stuks op aanvraag. Levering binnen 5 werkdagen.</p>",Lichtplein,VOLTA,"VOLTA,B2B,Afdekramen",TRUE,Title,Default Title,LP-VO497,39.55,continue,manual,TRUE,TRUE,https://lichtplein.nl/img/p/lp-vo497-1-l.webp,1,active
lp-vo498,"Afdekraam 3-voudig Classic, eiken","<p>Schakelmateriaal met een tijdloos design en ruime keuze in afwerkingen, van wit en zand tot antraciet, metallic, glas en hout. Mechanismen en afdekramen apart leverbaar zodat u per project combineert. CE-gecertificeerd, geschikt voor de standaard Europese inbouwdoos.</p><ul><li>CE-gecertificeerd</li><li>Standaard Europese maatvoering</li><li>Direct uit voorraad</li></ul><h3>Specificaties</h3><table><tr><td>Kleur</td><td>eiken</td></tr></table><p>Minimale afname 10 stuks. Projectprijs vanaf 100 stuks op aanvraag. Levering binnen 5 werkdagen.</p>",Lichtplein,VOLTA,"VOLTA,B2B,Afdekramen",TRUE,Title,Default Title,LP-VO498,51.55,continue,manual,TRUE,TRUE,https://lichtplein.nl/img/p/lp-vo498-1-l.webp,1,active
lp-vo499,"Afdekraam 4-voudig Classic, eiken","<p>Schakelmateriaal met een tijdloos design en ruime keuze in afwerkingen, van wit en zand tot antraciet, metallic, glas en hout. Mechanismen en afdekramen apart leverbaar zodat u per project combineert. CE-gecertificeerd, geschikt voor de standaard Europese inbouwdoos.</p><ul><li>CE-gecertificeerd</li><li>Standaard Europese maatvoering</li><li>Direct uit voorraad</li></ul><h3>Specificaties</h3><table><tr><td>Kleur</td><td>eiken</td></tr></table><p>Minimale afname 10 stuks. Projectprijs vanaf 100 stuks op aanvraag. Levering binnen 5 werkdagen.</p>",Lichtplein,VOLTA,"VOLTA,B2B,Afdekramen",TRUE,Title,Default Title,LP-VO499,63.55,continue,manual,TRUE,TRUE,https://lichtplein.nl/img/p/lp-vo499-1-l.webp,1,active
lp-vo499,,,,,,,,,,,,,,,https://lichtplein.nl/img/p/lp-vo499-2-l.webp,2,
lp-vo500,"Afdekraam 5-voudig Classic, eiken","<p>Schakelmateriaal met een tijdloos design en ruime keuze in afwerkingen, van wit en zand tot antraciet, metallic, glas en hout. Mechanismen en afdekramen apart leverbaar zodat u per project combineert. CE-gecertificeerd, geschikt voor de standaard Europese inbouwdoos.</p><ul><li>CE-gecertificeerd</li><li>Standaard Europese maatvoering</li><li>Direct uit voorraad</li></ul><h3>Specificaties</h3><table><tr><td>Kleur</td><td>eiken</td></tr></table><p>Minimale afname 10 stuks. Projectprijs vanaf 100 stuks op aanvraag. Levering binnen 5 werkdagen.</p>",Lichtplein,VOLTA,"VOLTA,B2B,Afdekramen",TRUE,Title,Default Title,LP-VO500,75.95,continue,manual,TRUE,TRUE,https://lichtplein.nl/img/p/lp-vo500-1-l.webp,1,active
lp-vo500,,,,,,,,,,,,,,,https://lichtplein.nl/img/p/lp-vo500-2-l.webp,2,
lp-vo501,"Afdekraam 6-voudig Classic, eiken","<p>Schakelmateriaal met een tijdloos design en ruime keuze in afwerkingen, van wit en zand tot antraciet, metallic, glas en hout. Mechanismen en afdekramen apart leverbaar zodat u per project combineert. CE-gecertificeerd, geschikt voor de standaard Europese inbouwdoos.</p><ul><li>CE-gecertificeerd</li><li>Standaard Europese maatvoering</li><li>Direct uit voorraad</li></ul><h3>Specificaties</h3><table><tr><td>Kleur</td><td>eiken</td></tr></table><p>Minimale afname 10 stuks. Projectprijs vanaf 100 stuks op aanvraag. Levering binnen 5 werkdagen.</p>",Lichtplein,VOLTA,"VOLTA,B2B,Afdekramen",TRUE,Title,Default Title,LP-VO501,98.95,continue,manual,TRUE,TRUE,https://lichtplein.nl/img/p/lp-vo501-1-l.webp,1,active
lp-vo501,,,,,,,,,,,,,,,https://lichtplein.nl/img/p/lp-vo501-2-l.webp,2,
lp-vo502,"Afdekraam 1-voudig Classic, notenhout","<p>Schakelmateriaal met een tijdloos design en ruime keuze in afwerkingen, van wit en zand tot antraciet, metallic, glas en hout. Mechanismen en afdekramen apart leverbaar zodat u per project combineert. CE-gecertificeerd, geschikt voor de standaard Europese inbouwdoos.</p><ul><li>CE-gecertificeerd</li><li>Standaard Europese maatvoering</li><li>Direct uit voorraad</li></ul><h3>Specificaties</h3><table><tr><td>Kleur</td><td>notenhout</td></tr></table><p>Minimale afname 10 stuks. Projectprijs vanaf 100 stuks op aanvraag. Levering binnen 5 werkdagen.</p>",Lichtplein,VOLTA,"VOLTA,B2B,Afdekramen",TRUE,Title,Default Title,LP-VO502,24.15,continue,manual,TRUE,TRUE,https://lichtplein.nl/img/p/lp-vo502-1-l.webp,1,active
lp-vo503,"Afdekraam 2-voudig Classic, notenhout","<p>Schakelmateriaal met een tijdloos design en ruime keuze in afwerkingen, van wit en zand tot antraciet, metallic, glas en hout. Mechanismen en afdekramen apart leverbaar zodat u per project combineert. CE-gecertificeerd, geschikt voor de standaard Europese inbouwdoos.</p><ul><li>CE-gecertificeerd</li><li>Standaard Europese maatvoering</li><li>Direct uit voorraad</li></ul><h3>Specificaties</h3><table><tr><td>Kleur</td><td>notenhout</td></tr></table><p>Minimale afname 10 stuks. Projectprijs vanaf 100 stuks op aanvraag. Levering binnen 5 werkdagen.</p>",Lichtplein,VOLTA,"VOLTA,B2B,Afdekramen",TRUE,Title,Default Title,LP-VO503,39.55,continue,manual,TRUE,TRUE,https://lichtplein.nl/img/p/lp-vo503-1-l.webp,1,active
lp-vo504,"Afdekraam 3-voudig Classic, notenhout","<p>Schakelmateriaal met een tijdloos design en ruime keuze in afwerkingen, van wit en zand tot antraciet, metallic, glas en hout. Mechanismen en afdekramen apart leverbaar zodat u per project combineert. CE-gecertificeerd, geschikt voor de standaard Europese inbouwdoos.</p><ul><li>CE-gecertificeerd</li><li>Standaard Europese maatvoering</li><li>Direct uit voorraad</li></ul><h3>Specificaties</h3><table><tr><td>Kleur</td><td>notenhout</td></tr></table><p>Minimale afname 10 stuks. Projectprijs vanaf 100 stuks op aanvraag. Levering binnen 5 werkdagen.</p>",Lichtplein,VOLTA,"VOLTA,B2B,Afdekramen",TRUE,Title,Default Title,LP-VO504,51.55,continue,manual,TRUE,TRUE,https://lichtplein.nl/img/p/lp-vo504-1-l.webp,1,active
lp-vo504,,,,,,,,,,,,,,,https://lichtplein.nl/img/p/lp-vo504-2-l.webp,2,
lp-vo505,"Afdekraam 4-voudig Classic, notenhout","<p>Schakelmateriaal met een tijdloos design en ruime keuze in afwerkingen, van wit en zand tot antraciet, metallic, glas en hout. Mechanismen en afdekramen apart leverbaar zodat u per project combineert. CE-gecertificeerd, geschikt voor de standaard Europese inbouwdoos.</p><ul><li>CE-gecertificeerd</li><li>Standaard Europese maatvoering</li><li>Direct uit voorraad</li></ul><h3>Specificaties</h3><table><tr><td>Kleur</td><td>notenhout</td></tr></table><p>Minimale afname 10 stuks. Projectprijs vanaf 100 stuks op aanvraag. Levering binnen 5 werkdagen.</p>",Lichtplein,VOLTA,"VOLTA,B2B,Afdekramen",TRUE,Title,Default Title,LP-VO505,63.55,continue,manual,TRUE,TRUE,https://lichtplein.nl/img/p/lp-vo505-1-l.webp,1,active
lp-vo505,,,,,,,,,,,,,,,https://lichtplein.nl/img/p/lp-vo505-2-l.webp,2,
lp-vo505,,,,,,,,,,,,,,,https://lichtplein.nl/img/p/lp-vo505-3-l.webp,3,
lp-vo506,"Afdekraam 5-voudig Classic, notenhout","<p>Schakelmateriaal met een tijdloos design en ruime keuze in afwerkingen, van wit en zand tot antraciet, metallic, glas en hout. Mechanismen en afdekramen apart leverbaar zodat u per project combineert. CE-gecertificeerd, geschikt voor de standaard Europese inbouwdoos.</p><ul><li>CE-gecertificeerd</li><li>Standaard Europese maatvoering</li><li>Direct uit voorraad</li></ul><h3>Specificaties</h3><table><tr><td>Kleur</td><td>notenhout</td></tr></table><p>Minimale afname 10 stuks. Projectprijs vanaf 100 stuks op aanvraag. Levering binnen 5 werkdagen.</p>",Lichtplein,VOLTA,"VOLTA,B2B,Afdekramen",TRUE,Title,Default Title,LP-VO506,75.95,continue,manual,TRUE,TRUE,https://lichtplein.nl/img/p/lp-vo506-1-l.webp,1,active
lp-vo507,"Afdekraam 6-voudig Classic, notenhout","<p>Schakelmateriaal met een tijdloos design en ruime keuze in afwerkingen, van wit en zand tot antraciet, metallic, glas en hout. Mechanismen en afdekramen apart leverbaar zodat u per project combineert. CE-gecertificeerd, geschikt voor de standaard Europese inbouwdoos.</p><ul><li>CE-gecertificeerd</li><li>Standaard Europese maatvoering</li><li>Direct uit voorraad</li></ul><h3>Specificaties</h3><table><tr><td>Kleur</td><td>notenhout</td></tr></table><p>Minimale afname 10 stuks. Projectprijs vanaf 100 stuks op aanvraag. Levering binnen 5 werkdagen.</p>",Lichtplein,VOLTA,"VOLTA,B2B,Afdekramen",TRUE,Title,Default Title,LP-VO507,98.95,continue,manual,TRUE,TRUE,https://lichtplein.nl/img/p/lp-vo507-1-l.webp,1,active
lp-vo508,"Afdekraam 1-voudig Classic, champagne glas mat","<p>Schakelmateriaal met een tijdloos design en ruime keuze in afwerkingen, van wit en zand tot antraciet, metallic, glas en hout. Mechanismen en afdekramen apart leverbaar zodat u per project combineert. CE-gecertificeerd, geschikt voor de standaard Europese inbouwdoos.</p><ul><li>CE-gecertificeerd</li><li>Standaard Europese maatvoering</li><li>Direct uit voorraad</li></ul><h3>Specificaties</h3><table><tr><td>Afmetingen</td><td>6mm</td></tr><tr><td>Materiaal</td><td>glas 6 mm</td></tr><tr><td>Kleur</td><td>champagne glas mat</td></tr></table><p>Minimale afname 10 stuks. Projectprijs vanaf 100 stuks op aanvraag. Levering binnen 5 werkdagen.</p>",Lichtplein,VOLTA,"VOLTA,B2B,Afdekramen",TRUE,Title,Default Title,LP-VO508,28.65,continue,manual,TRUE,TRUE,,,active
lp-vo509,"Afdekraam 2-voudig Classic, champagne glas mat","<p>Schakelmateriaal met een tijdloos design en ruime keuze in afwerkingen, van wit en zand tot antraciet, metallic, glas en hout. Mechanismen en afdekramen apart leverbaar zodat u per project combineert. CE-gecertificeerd, geschikt voor de standaard Europese inbouwdoos.</p><ul><li>CE-gecertificeerd</li><li>Standaard Europese maatvoering</li><li>Direct uit voorraad</li></ul><h3>Specificaties</h3><table><tr><td>Afmetingen</td><td>6mm</td></tr><tr><td>Materiaal</td><td>glas 6 mm</td></tr><tr><td>Kleur</td><td>champagne glas mat</td></tr></table><p>Minimale afname 10 stuks. Projectprijs vanaf 100 stuks op aanvraag. Levering binnen 5 werkdagen.</p>",Lichtplein,VOLTA,"VOLTA,B2B,Afdekramen",TRUE,Title,Default Title,LP-VO509,39.55,continue,manual,TRUE,TRUE,,,active
lp-vo510,"Afdekraam 3-voudig Classic, champagne glas mat","<p>Schakelmateriaal met een tijdloos design en ruime keuze in afwerkingen, van wit en zand tot antraciet, metallic, glas en hout. Mechanismen en afdekramen apart leverbaar zodat u per project combineert. CE-gecertificeerd, geschikt voor de standaard Europese inbouwdoos.</p><ul><li>CE-gecertificeerd</li><li>Standaard Europese maatvoering</li><li>Direct uit voorraad</li></ul><h3>Specificaties</h3><table><tr><td>Afmetingen</td><td>6mm</td></tr><tr><td>Materiaal</td><td>glas 6 mm</td></tr><tr><td>Kleur</td><td>champagne glas mat</td></tr></table><p>Minimale afname 10 stuks. Projectprijs vanaf 100 stuks op aanvraag. Levering binnen 5 werkdagen.</p>",Lichtplein,VOLTA,"VOLTA,B2B,Afdekramen",TRUE,Title,Default Title,LP-VO510,51.99,continue,manual,TRUE,TRUE,,,active
lp-vo511,"Afdekraam 4-voudig Classic, champagne glas mat","<p>Schakelmateriaal met een tijdloos design en ruime keuze in afwerkingen, van wit en zand tot antraciet, metallic, glas en hout. Mechanismen en afdekramen apart leverbaar zodat u per project combineert. CE-gecertificeerd, geschikt voor de standaard Europese inbouwdoos.</p><ul><li>CE-gecertificeerd</li><li>Standaard Europese maatvoering</li><li>Direct uit voorraad</li></ul><h3>Specificaties</h3><table><tr><td>Afmetingen</td><td>6mm</td></tr><tr><td>Materiaal</td><td>glas 6 mm</td></tr><tr><td>Kleur</td><td>champagne glas mat</td></tr></table><p>Minimale afname 10 stuks. Projectprijs vanaf 100 stuks op aanvraag. Levering binnen 5 werkdagen.</p>",Lichtplein,VOLTA,"VOLTA,B2B,Afdekramen",TRUE,Title,Default Title,LP-VO511,73.35,continue,manual,TRUE,TRUE,,,active
lp-vo512,"Afdekraam 5-voudig Classic, champagne glas mat","<p>Schakelmateriaal met een tijdloos design en ruime keuze in afwerkingen, van wit en zand tot antraciet, metallic, glas en hout. Mechanismen en afdekramen apart leverbaar zodat u per project combineert. CE-gecertificeerd, geschikt voor de standaard Europese inbouwdoos.</p><ul><li>CE-gecertificeerd</li><li>Standaard Europese maatvoering</li><li>Direct uit voorraad</li></ul><h3>Specificaties</h3><table><tr><td>Afmetingen</td><td>6mm</td></tr><tr><td>Materiaal</td><td>glas 6 mm</td></tr><tr><td>Kleur</td><td>champagne glas mat</td></tr></table><p>Minimale afname 10 stuks. Projectprijs vanaf 100 stuks op aanvraag. Levering binnen 5 werkdagen.</p>",Lichtplein,VOLTA,"VOLTA,B2B,Afdekramen",TRUE,Title,Default Title,LP-VO512,84.25,continue,manual,TRUE,TRUE,,,active
lp-vo513,"Afdekraam 6-voudig Classic, champagne glas mat","<p>Schakelmateriaal met een tijdloos design en ruime keuze in afwerkingen, van wit en zand tot antraciet, metallic, glas en hout. Mechanismen en afdekramen apart leverbaar zodat u per project combineert. CE-gecertificeerd, geschikt voor de standaard Europese inbouwdoos.</p><ul><li>CE-gecertificeerd</li><li>Standaard Europese maatvoering</li><li>Direct uit voorraad</li></ul><h3>Specificaties</h3><table><tr><td>Materiaal</td><td>glas 6 mm</td></tr><tr><td>Kleur</td><td>champagne glas mat</td></tr></table><p>Minimale afname 10 stuks. Projectprijs vanaf 100 stuks op aanvraag. Levering binnen 5 werkdagen.</p>",Lichtplein,VOLTA,"VOLTA,B2B,Afdekramen",TRUE,Title,Default Title,LP-VO513,98.95,continue,manual,TRUE,TRUE,,,active
lp-vo514,"Afdekraam 1-voudig Classic, champagne glas glanzend","<p>Schakelmateriaal met een tijdloos design en ruime keuze in afwerkingen, van wit en zand tot antraciet, metallic, glas en hout. Mechanismen en afdekramen apart leverbaar zodat u per project combineert. CE-gecertificeerd, geschikt voor de standaard Europese inbouwdoos.</p><ul><li>CE-gecertificeerd</li><li>Standaard Europese maatvoering</li><li>Direct uit voorraad</li></ul><h3>Specificaties</h3><table><tr><td>Kleur</td><td>champagne glas glanzend</td></tr></table><p>Minimale afname 10 stuks. Projectprijs vanaf 100 stuks op aanvraag. Levering binnen 5 werkdagen.</p>",Lichtplein,VOLTA,"VOLTA,B2B,Afdekramen",TRUE,Title,Default Title,LP-VO514,28.65,continue,manual,TRUE,TRUE,https://lichtplein.nl/img/p/lp-vo514-1-l.webp,1,active
lp-vo515,"Afdekraam 2-voudig Classic, champagne glas glanzend","<p>Schakelmateriaal met een tijdloos design en ruime keuze in afwerkingen, van wit en zand tot antraciet, metallic, glas en hout. Mechanismen en afdekramen apart leverbaar zodat u per project combineert. CE-gecertificeerd, geschikt voor de standaard Europese inbouwdoos.</p><ul><li>CE-gecertificeerd</li><li>Standaard Europese maatvoering</li><li>Direct uit voorraad</li></ul><h3>Specificaties</h3><table><tr><td>Kleur</td><td>champagne glas glanzend</td></tr></table><p>Minimale afname 10 stuks. Projectprijs vanaf 100 stuks op aanvraag. Levering binnen 5 werkdagen.</p>",Lichtplein,VOLTA,"VOLTA,B2B,Afdekramen",TRUE,Title,Default Title,LP-VO515,39.55,continue,manual,TRUE,TRUE,https://lichtplein.nl/img/p/lp-vo515-1-l.webp,1,active
lp-vo516,"Afdekraam 3-voudig Classic, champagne glas glanzend","<p>Schakelmateriaal met een tijdloos design en ruime keuze in afwerkingen, van wit en zand tot antraciet, metallic, glas en hout. Mechanismen en afdekramen apart leverbaar zodat u per project combineert. CE-gecertificeerd, geschikt voor de standaard Europese inbouwdoos.</p><ul><li>CE-gecertificeerd</li><li>Standaard Europese maatvoering</li><li>Direct uit voorraad</li></ul><h3>Specificaties</h3><table><tr><td>Kleur</td><td>champagne glas glanzend</td></tr></table><p>Minimale afname 10 stuks. Projectprijs vanaf 100 stuks op aanvraag. Levering binnen 5 werkdagen.</p>",Lichtplein,VOLTA,"VOLTA,B2B,Afdekramen",TRUE,Title,Default Title,LP-VO516,51.99,continue,manual,TRUE,TRUE,https://lichtplein.nl/img/p/lp-vo516-1-l.webp,1,active
lp-vo517,"Afdekraam 4-voudig Classic, champagne glas glanzend","<p>Schakelmateriaal met een tijdloos design en ruime keuze in afwerkingen, van wit en zand tot antraciet, metallic, glas en hout. Mechanismen en afdekramen apart leverbaar zodat u per project combineert. CE-gecertificeerd, geschikt voor de standaard Europese inbouwdoos.</p><ul><li>CE-gecertificeerd</li><li>Standaard Europese maatvoering</li><li>Direct uit voorraad</li></ul><h3>Specificaties</h3><table><tr><td>Kleur</td><td>champagne glas glanzend</td></tr></table><p>Minimale afname 10 stuks. Projectprijs vanaf 100 stuks op aanvraag. Levering binnen 5 werkdagen.</p>",Lichtplein,VOLTA,"VOLTA,B2B,Afdekramen",TRUE,Title,Default Title,LP-VO517,73.35,continue,manual,TRUE,TRUE,https://lichtplein.nl/img/p/lp-vo517-1-l.webp,1,active
lp-vo518,"Afdekraam 5-voudig Classic, champagne glas glanzend","<p>Schakelmateriaal met een tijdloos design en ruime keuze in afwerkingen, van wit en zand tot antraciet, metallic, glas en hout. Mechanismen en afdekramen apart leverbaar zodat u per project combineert. CE-gecertificeerd, geschikt voor de standaard Europese inbouwdoos.</p><ul><li>CE-gecertificeerd</li><li>Standaard Europese maatvoering</li><li>Direct uit voorraad</li></ul><h3>Specificaties</h3><table><tr><td>Kleur</td><td>champagne glas glanzend</td></tr></table><p>Minimale afname 10 stuks. Projectprijs vanaf 100 stuks op aanvraag. Levering binnen 5 werkdagen.</p>",Lichtplein,VOLTA,"VOLTA,B2B,Afdekramen",TRUE,Title,Default Title,LP-VO518,84.25,continue,manual,TRUE,TRUE,https://lichtplein.nl/img/p/lp-vo518-1-l.webp,1,active
lp-vo519,"Afdekraam 6-voudig Classic, champagne glas glanzend","<p>Schakelmateriaal met een tijdloos design en ruime keuze in afwerkingen, van wit en zand tot antraciet, metallic, glas en hout. Mechanismen en afdekramen apart leverbaar zodat u per project combineert. CE-gecertificeerd, geschikt voor de standaard Europese inbouwdoos.</p><ul><li>CE-gecertificeerd</li><li>Standaard Europese maatvoering</li><li>Direct uit voorraad</li></ul><h3>Specificaties</h3><table><tr><td>Kleur</td><td>champagne glas glanzend</td></tr></table><p>Minimale afname 10 stuks. Projectprijs vanaf 100 stuks op aanvraag. Levering binnen 5 werkdagen.</p>",Lichtplein,VOLTA,"VOLTA,B2B,Afdekramen",TRUE,Title,Default Title,LP-VO519,98.95,continue,manual,TRUE,TRUE,https://lichtplein.nl/img/p/lp-vo519-1-l.webp,1,active
